subject,arm,layer,layer_name,alpha,cv_mean_r,fold_scores
UTS02,base,16,layer_16,10.0,-0.00033963698660954833,"[0.0018006308237090707, -0.0024799047969281673]"
UTS02,base,16,layer_16,16.68100537200059,-0.0008322657813550904,"[0.0002697293821256608, -0.0019342609448358417]"
UTS02,base,16,layer_16,27.825594022071243,-0.0012835897505283356,"[-0.001148080569691956, -0.001419098931364715]"
UTS02,base,16,layer_16,46.41588833612777,-0.001663550443481654,"[-0.002291803015395999, -0.001035297871567309]"
UTS02,base,16,layer_16,77.4263682681127,-0.0019474535947665572,"[-0.0031124174129217863, -0.0007824897766113281]"
UTS02,base,16,layer_16,129.1549665014884,-0.002137394098099321,"[-0.0036562317982316017, -0.0006185563979670405]"
UTS02,base,16,layer_16,215.44346900318823,-0.0022547002299688756,"[-0.00400383397936821, -0.0005055664805695415]"
UTS02,base,16,layer_16,359.38136638046257,-0.0023216293193399906,"[-0.004224446602165699, -0.0004188120365142822]"
UTS02,base,16,layer_16,599.4842503189409,-0.002354924872634001,"[-0.004363322164863348, -0.00034652758040465415]"
UTS02,base,16,layer_16,1000.0,-0.00236603849043604,"[-0.004441312048584223, -0.00029076493228785694]"
UTS02,base,24,layer_24,10.0,-0.0091040157712996,"[-0.00986457895487547, -0.008343452587723732]"
UTS02,base,24,layer_24,16.68100537200059,-0.00928834779188037,"[-0.010997607372701168, -0.00757908821105957]"
UTS02,base,24,layer_24,27.825594022071243,-0.009340925374999642,"[-0.011799204163253307, -0.006882646586745977]"
UTS02,base,24,layer_24,46.41588833612777,-0.009316746843978763,"[-0.01227671466767788, -0.006356779020279646]"
UTS02,base,24,layer_24,77.4263682681127,-0.009273014729842544,"[-0.012546041049063206, -0.0059999884106218815]"
UTS02,base,24,layer_24,129.1549665014884,-0.009239685954526067,"[-0.012714670039713383, -0.005764701869338751]"
UTS02,base,24,layer_24,215.44346900318823,-0.009226700523868203,"[-0.01284987572580576, -0.005603525321930647]"
UTS02,base,24,layer_24,359.38136638046257,-0.009237016085535288,"[-0.012990079820156097, -0.005483952350914478]"
UTS02,base,24,layer_24,599.4842503189409,-0.009272175608202815,"[-0.013154401443898678, -0.005389949772506952]"
UTS02,base,24,layer_24,1000.0,-0.009330992354080081,"[-0.013341166079044342, -0.00532081862911582]"
UTS02,base,32,layer_32,10.0,-0.006264965224545449,"[-0.010630400851368904, -0.001899529597721994]"
UTS02,base,32,layer_32,16.68100537200059,-0.006224692682735622,"[-0.01082589104771614, -0.0016234943177551031]"
UTS02,base,32,layer_32,27.825594022071243,-0.006206862803082913,"[-0.010867128148674965, -0.0015465974574908614]"
UTS02,base,32,layer_32,46.41588833612777,-0.006187551014591008,"[-0.010810078121721745, -0.0015650239074602723]"
UTS02,base,32,layer_32,77.4263682681127,-0.006158110743854195,"[-0.010721885599195957, -0.0015943358885124326]"
UTS02,base,32,layer_32,129.1549665014884,-0.0061323511763475835,"[-0.010663207620382309, -0.001601494732312858]"
UTS02,base,32,layer_32,215.44346900318823,-0.006123373401351273,"[-0.010669199749827385, -0.0015775470528751612]"
UTS02,base,32,layer_32,359.38136638046257,-0.006138722877949476,"[-0.01075525302439928, -0.001522192731499672]"
UTS02,base,32,layer_32,599.4842503189409,-0.0061843511066399515,"[-0.010925764217972755, -0.0014429379953071475]"
UTS02,base,32,layer_32,1000.0,-0.006266656215302646,"[-0.01117159053683281, -0.0013617218937724829]"
UTS02,lowLR,16,layer_16,10.0,-0.0001780961756594479,"[0.0013880362967029214, -0.0017442286480218172]"
UTS02,lowLR,16,layer_16,16.68100537200059,-0.0007334533584071323,"[-0.00035271115484647453, -0.0011141955619677901]"
UTS02,lowLR,16,layer_16,27.825594022071243,-0.0012402744614519179,"[-0.0019417374860495329, -0.0005388114368543029]"
UTS02,lowLR,16,layer_16,46.41588833612777,-0.0016446048139187042,"[-0.003191897412762046, -9.731221507536247e-05]"
UTS02,lowLR,16,layer_16,77.4263682681127,-0.0019210130267310888,"[-0.004056381992995739, 0.00021435593953356147]"
UTS02,lowLR,16,layer_16,129.1549665014884,-0.0020829150162171572,"[-0.00460090721026063, 0.00043507717782631516]"
UTS02,lowLR,16,layer_16,215.44346900318823,-0.002155681577278301,"[-0.0049166022799909115, 0.0006052391254343092]"
UTS02,lowLR,16,layer_16,359.38136638046257,-0.0021565693605225533,"[-0.0050704143941402435, 0.0007572756730951369]"
UTS02,lowLR,16,layer_16,599.4842503189409,-0.0020915592613164335,"[-0.005096149630844593, 0.000913031108211726]"
UTS02,lowLR,16,layer_16,1000.0,-0.001958435808774084,"[-0.004997365176677704, 0.0010804935591295362]"
UTS02,lowLR,24,layer_24,10.0,-0.01028233440592885,"[-0.010658886283636093, -0.009905782528221607]"
UTS02,lowLR,24,layer_24,16.68100537200059,-0.01037204870954156,"[-0.011793629266321659, -0.00895046815276146]"
UTS02,lowLR,24,layer_24,27.825594022071243,-0.010343916714191437,"[-0.012631230987608433, -0.00805660244077444]"
UTS02,lowLR,24,layer_24,46.41588833612777,-0.010266711469739676,"[-0.01315870601683855, -0.0073747169226408005]"
UTS02,lowLR,24,layer_24,77.4263682681127,-0.010180722223594785,"[-0.0134580722078681, -0.00690337223932147]"
UTS02,lowLR,24,layer_24,129.1549665014884,-0.01010190462693572,"[-0.01362571306526661, -0.006578096188604832]"
UTS02,lowLR,24,layer_24,215.44346900318823,-0.010030836798250675,"[-0.013728269375860691, -0.006333404220640659]"
UTS02,lowLR,24,layer_24,359.38136638046257,-0.009961385978385806,"[-0.013801166787743568, -0.006121605169028044]"
UTS02,lowLR,24,layer_24,599.4842503189409,-0.009886200306937099,"[-0.013856467790901661, -0.005915932822972536]"
UTS02,lowLR,24,layer_24,1000.0,-0.009798291604965925,"[-0.013884719461202621, -0.005711863748729229]"
UTS02,lowLR,32,layer_32,10.0,-0.009063271805644035,"[-0.012488383799791336, -0.005638159811496735]"
UTS02,lowLR,32,layer_32,16.68100537200059,-0.009082847274839878,"[-0.01300592627376318, -0.005159768275916576]"
UTS02,lowLR,32,layer_32,27.825594022071243,-0.009046441642567515,"[-0.013258366845548153, -0.004834516439586878]"
UTS02,lowLR,32,layer_32,46.41588833612777,-0.00896613160148263,"[-0.013298595324158669, -0.004633667878806591]"
UTS02,lowLR,32,layer_32,77.4263682681127,-0.008862763876095414,"[-0.013236748054623604, -0.0044887796975672245]"
UTS02,lowLR,32,layer_32,129.1549665014884,-0.008756588213145733,"[-0.013162815012037754, -0.004350361414253712]"
UTS02,lowLR,32,layer_32,215.44346900318823,-0.008654668927192688,"[-0.013121549971401691, -0.0041877878829836845]"
UTS02,lowLR,32,layer_32,359.38136638046257,-0.008554456988349557,"[-0.013124130666255951, -0.003984783310443163]"
UTS02,lowLR,32,layer_32,599.4842503189409,-0.008452344802208245,"[-0.013161396607756615, -0.003743292996659875]"
UTS02,lowLR,32,layer_32,1000.0,-0.008349022595211864,"[-0.013206479139626026, -0.003491566050797701]"
UTS02,scrambled,16,layer_16,10.0,0.0020953554194420576,"[-0.006910750176757574, 0.01110146101564169]"
UTS02,scrambled,16,layer_16,16.68100537200059,0.003379479516297579,"[-0.004742106422781944, 0.011501065455377102]"
UTS02,scrambled,16,layer_16,27.825594022071243,0.004443360376171768,"[-0.00286484626121819, 0.011751567013561726]"
UTS02,scrambled,16,layer_16,46.41588833612777,0.005184014851693064,"[-0.0015379328979179263, 0.011905962601304054]"
UTS02,scrambled,16,layer_16,77.4263682681127,0.005665936914738268,"[-0.0006799494149163365, 0.012011823244392872]"
UTS02,scrambled,16,layer_16,129.1549665014884,0.005996677013172302,"[-0.0001076414919225499, 0.012100995518267155]"
UTS02,scrambled,16,layer_16,215.44346900318823,0.006261426417040639,"[0.00032986499718390405, 0.012192987836897373]"
UTS02,scrambled,16,layer_16,359.38136638046257,0.006519560847664252,"[0.0007412017439492047, 0.0122979199513793]"
UTS02,scrambled,16,layer_16,599.4842503189409,0.006812269799411297,"[0.0012076431885361671, 0.012416896410286427]"
UTS02,scrambled,16,layer_16,1000.0,0.007166349096223712,"[0.001789321657270193, 0.01254337653517723]"
UTS02,scrambled,24,layer_24,10.0,0.004137526266276836,"[-0.003217077814042568, 0.011492130346596241]"
UTS02,scrambled,24,layer_24,16.68100537200059,0.005849848981597461,"[-0.0004083625681232661, 0.012108060531318188]"
UTS02,scrambled,24,layer_24,27.825594022071243,0.007198964303825051,"[0.0019150023581460118, 0.01248292624950409]"
UTS02,scrambled,24,layer_24,46.41588833612777,0.008098757942207158,"[0.0034805622417479753, 0.01271695364266634]"
UTS02,scrambled,24,layer_24,77.4263682681127,0.008669860195368528,"[0.004444734193384647, 0.01289498619735241]"
UTS02,scrambled,24,layer_24,129.1549665014884,0.009063460631296039,"[0.0050512501038610935, 0.013075671158730984]"
UTS02,scrambled,24,layer_24,215.44346900318823,0.00939120096154511,"[0.005481611471623182, 0.013300790451467037]"
UTS02,scrambled,24,layer_24,359.38136638046257,0.009728343226015568,"[0.005855369381606579, 0.013601317070424557]"
UTS02,scrambled,24,layer_24,599.4842503189409,0.010125301778316498,"[0.006255794316530228, 0.013994809240102768]"
UTS02,scrambled,24,layer_24,1000.0,0.01061081700026989,"[0.006743418052792549, 0.01447821594774723]"
UTS02,scrambled,32,layer_32,10.0,-0.0038954264018684626,"[-0.009595012292265892, 0.001804159488528967]"
UTS02,scrambled,32,layer_32,16.68100537200059,-0.0028730491758324206,"[-0.00741927232593298, 0.0016731739742681384]"
UTS02,scrambled,32,layer_32,27.825594022071243,-0.0019630948663689196,"[-0.005471642594784498, 0.001545452862046659]"
UTS02,scrambled,32,layer_32,46.41588833612777,-0.00129188341088593,"[-0.00402102991938591, 0.00143726309761405]"
UTS02,scrambled,32,layer_32,77.4263682681127,-0.0008592373342253268,"[-0.0030556779820472, 0.0013372033135965466]"
UTS02,scrambled,32,layer_32,129.1549665014884,-0.0006075388519093394,"[-0.0024399380199611187, 0.0012248603161424398]"
UTS02,scrambled,32,layer_32,215.44346900318823,-0.0004837646265514195,"[-0.0020428402349352837, 0.0010753109818324447]"
UTS02,scrambled,32,layer_32,359.38136638046257,-0.0004564113914966583,"[-0.0017717895098030567, 0.0008589667268097401]"
UTS02,scrambled,32,layer_32,599.4842503189409,-0.0005131129291839898,"[-0.0015699306968599558, 0.0005437048384919763]"
UTS02,scrambled,32,layer_32,1000.0,-0.0006524059717776254,"[-0.0014096007216721773, 0.00010478877811692655]"
UTS02,taskvec_a0p25,16,layer_16,10.0,-0.00440383586101234,"[-0.0010742382146418095, -0.00773343350738287]"
UTS02,taskvec_a0p25,16,layer_16,16.68100537200059,-0.005207877606153488,"[-0.003142089117318392, -0.0072736660949885845]"
UTS02,taskvec_a0p25,16,layer_16,27.825594022071243,-0.005896293791010976,"[-0.0050010704435408115, -0.00679151713848114]"
UTS02,taskvec_a0p25,16,layer_16,46.41588833612777,-0.006421586265787482,"[-0.006433417089283466, -0.006409755442291498]"
UTS02,taskvec_a0p25,16,layer_16,77.4263682681127,-0.006779217626899481,"[-0.0074068717658519745, -0.006151563487946987]"
UTS02,taskvec_a0p25,16,layer_16,129.1549665014884,-0.007008906453847885,"[-0.008021890185773373, -0.005995922721922398]"
UTS02,taskvec_a0p25,16,layer_16,215.44346900318823,-0.007158875931054354,"[-0.00840070378035307, -0.005917048081755638]"
UTS02,taskvec_a0p25,16,layer_16,359.38136638046257,-0.007264665327966213,"[-0.008633271791040897, -0.005896058864891529]"
UTS02,taskvec_a0p25,16,layer_16,599.4842503189409,-0.007346582831814885,"[-0.008771748282015324, -0.005921417381614447]"
UTS02,taskvec_a0p25,16,layer_16,1000.0,-0.007410751888528466,"[-0.00883555132895708, -0.005985952448099852]"
UTS02,taskvec_a0p25,24,layer_24,10.0,-0.011569741182029247,"[-0.011364740319550037, -0.011774742044508457]"
UTS02,taskvec_a0p25,24,layer_24,16.68100537200059,-0.011824638117104769,"[-0.012605973519384861, -0.011043302714824677]"
UTS02,taskvec_a0p25,24,layer_24,27.825594022071243,-0.011900413315743208,"[-0.013480834662914276, -0.01031999196857214]"
UTS02,taskvec_a0p25,24,layer_24,46.41588833612777,-0.011873139534145594,"[-0.013989293947815895, -0.009756985120475292]"
UTS02,taskvec_a0p25,24,layer_24,77.4263682681127,-0.011813938152045012,"[-0.01425860170274973, -0.009369274601340294]"
UTS02,taskvec_a0p25,24,layer_24,129.1549665014884,-0.011762180365622044,"[-0.01441315095871687, -0.009111209772527218]"
UTS02,taskvec_a0p25,24,layer_24,215.44346900318823,-0.011732201557606459,"[-0.014530830085277557, -0.00893357302993536]"
UTS02,taskvec_a0p25,24,layer_24,359.38136638046257,-0.011727758217602968,"[-0.01465362124145031, -0.008801895193755627]"
UTS02,taskvec_a0p25,24,layer_24,599.4842503189409,-0.011750560253858566,"[-0.014801179990172386, -0.008699940517544746]"
UTS02,taskvec_a0p25,24,layer_24,1000.0,-0.011801809538155794,"[-0.014973003417253494, -0.008630615659058094]"
UTS02,taskvec_a0p25,32,layer_32,10.0,-0.009411782026290894,"[-0.014251037500798702, -0.004572526551783085]"
UTS02,taskvec_a0p25,32,layer_32,16.68100537200059,-0.00914118206128478,"[-0.014298439025878906, -0.003983925096690655]"
UTS02,taskvec_a0p25,32,layer_32,27.825594022071243,-0.008892989601008594,"[-0.014150978997349739, -0.003635000204667449]"
UTS02,taskvec_a0p25,32,layer_32,46.41588833612777,-0.00867339689284563,"[-0.013896800577640533, -0.003449993208050728]"
UTS02,taskvec_a0p25,32,layer_32,77.4263682681127,-0.008488500607199967,"[-0.013637340627610683, -0.0033396605867892504]"
UTS02,taskvec_a0p25,32,layer_32,129.1549665014884,-0.008347063208930194,"[-0.013440086506307125, -0.0032540399115532637]"
UTS02,taskvec_a0p25,32,layer_32,215.44346900318823,-0.008246836834587157,"[-0.013325338251888752, -0.0031683354172855616]"
UTS02,taskvec_a0p25,32,layer_32,359.38136638046257,-0.008179284515790641,"[-0.013285932131111622, -0.0030726369004696608]"
UTS02,taskvec_a0p25,32,layer_32,599.4842503189409,-0.00813724857289344,"[-0.013300981372594833, -0.002973515773192048]"
UTS02,taskvec_a0p25,32,layer_32,1000.0,-0.008119067526422441,"[-0.013335893861949444, -0.002902241190895438]"
UTS03,base,16,layer_16,10.0,0.004971214337274432,"[0.0030122599564492702, 0.006930168718099594]"
UTS03,base,16,layer_16,16.68100537200059,0.006554880645126104,"[0.0039700670167803764, 0.009139694273471832]"
UTS03,base,16,layer_16,27.825594022071243,0.007866050815209746,"[0.004901975858956575, 0.010830125771462917]"
UTS03,base,16,layer_16,46.41588833612777,0.008825554512441158,"[0.005686669610440731, 0.011964439414441586]"
UTS03,base,16,layer_16,77.4263682681127,0.00946978572756052,"[0.006260741502046585, 0.012678829953074455]"
UTS03,base,16,layer_16,129.1549665014884,0.009898973628878593,"[0.00666450709104538, 0.013133440166711807]"
UTS03,base,16,layer_16,215.44346900318823,0.010213932488113642,"[0.006980927661061287, 0.013446937315165997]"
UTS03,base,16,layer_16,359.38136638046257,0.010489486623555422,"[0.007283676415681839, 0.013695296831429005]"
UTS03,base,16,layer_16,599.4842503189409,0.01077332766726613,"[0.007625761441886425, 0.013920893892645836]"
UTS03,base,16,layer_16,1000.0,0.01108531467616558,"[0.008037463761866093, 0.014133165590465069]"
UTS03,base,24,layer_24,10.0,-0.003682098744320683,"[-0.00040053235716186464, -0.006963665131479502]"
UTS03,base,24,layer_24,16.68100537200059,-0.001711008299025707,"[0.0003035626432392746, -0.0037255792412906885]"
UTS03,base,24,layer_24,27.825594022071243,-5.483278073370457e-05,"[0.0009617598261684179, -0.001071425387635827]"
UTS03,base,24,layer_24,46.41588833612777,0.0011407473066356033,"[0.001467892900109291, 0.0008136017131619155]"
UTS03,base,24,layer_24,77.4263682681127,0.0019412810797803104,"[0.001826333929784596, 0.002056228229776025]"
UTS03,base,24,layer_24,129.1549665014884,0.0024832625640556216,"[0.002092568436637521, 0.0028739566914737225]"
UTS03,base,24,layer_24,215.44346900318823,0.0028875137213617563,"[0.0023249683436006308, 0.003450059099122882]"
UTS03,base,24,layer_24,359.38136638046257,0.003242256701923907,"[0.002571818185970187, 0.003912695217877626]"
UTS03,base,24,layer_24,599.4842503189409,0.003606326295994222,"[0.002869576448574662, 0.004343076143413782]"
UTS03,base,24,layer_24,1000.0,0.004009844269603491,"[0.0032382886856794357, 0.004781399853527546]"
UTS03,base,32,layer_32,10.0,-0.007548695430159569,"[-0.004943632520735264, -0.010153758339583874]"
UTS03,base,32,layer_32,16.68100537200059,-0.006316620158031583,"[-0.004679561126977205, -0.00795367918908596]"
UTS03,base,32,layer_32,27.825594022071243,-0.005240048747509718,"[-0.004343494772911072, -0.006136602722108364]"
UTS03,base,32,layer_32,46.41588833612777,-0.004427184350788593,"[-0.004000975750386715, -0.004853392951190472]"
UTS03,base,32,layer_32,77.4263682681127,-0.003865185542963445,"[-0.0037166455294936895, -0.004013725556433201]"
UTS03,base,32,layer_32,129.1549665014884,-0.0034894461277872324,"[-0.0035140374675393105, -0.0034648547880351543]"
UTS03,base,32,layer_32,215.44346900318823,-0.003232408780604601,"[-0.003383839502930641, -0.0030809780582785606]"
UTS03,base,32,layer_32,359.38136638046257,-0.0030422003474086523,"[-0.003308679210022092, -0.0027757214847952127]"
UTS03,base,32,layer_32,599.4842503189409,-0.0028858762234449387,"[-0.003276006318628788, -0.0024957461282610893]"
UTS03,base,32,layer_32,1000.0,-0.002747810212895274,"[-0.0032795690931379795, -0.002216051332652569]"
UTS03,lowLR,16,layer_16,10.0,0.004370237002149224,"[0.0035557933151721954, 0.005184680689126253]"
UTS03,lowLR,16,layer_16,16.68100537200059,0.005985522177070379,"[0.0040945010259747505, 0.007876543328166008]"
UTS03,lowLR,16,layer_16,27.825594022071243,0.007266617845743895,"[0.004591146484017372, 0.009942089207470417]"
UTS03,lowLR,16,layer_16,46.41588833612777,0.00817607599310577,"[0.005010151769965887, 0.011342000216245651]"
UTS03,lowLR,16,layer_16,77.4263682681127,0.0087810093536973,"[0.005327782593667507, 0.012234236113727093]"
UTS03,lowLR,16,layer_16,129.1549665014884,0.009188659489154816,"[0.00557258166372776, 0.012804737314581871]"
UTS03,lowLR,16,layer_16,215.44346900318823,0.009495977545157075,"[0.005797319579869509, 0.013194635510444641]"
UTS03,lowLR,16,layer_16,359.38136638046257,0.009773636236786842,"[0.00605130847543478, 0.013495963998138905]"
UTS03,lowLR,16,layer_16,599.4842503189409,0.010067322524264455,"[0.006373024079948664, 0.013761620968580246]"
UTS03,lowLR,16,layer_16,1000.0,0.010396462632343173,"[0.0067841471172869205, 0.014008778147399426]"
UTS03,lowLR,24,layer_24,10.0,-0.0023845236864872277,"[0.0013576502678915858, -0.006126697640866041]"
UTS03,lowLR,24,layer_24,16.68100537200059,-0.00034403137397021055,"[0.002013957127928734, -0.002702019875869155]"
UTS03,lowLR,24,layer_24,27.825594022071243,0.0013753173116128892,"[0.002617517951875925, 0.00013311667134985328]"
UTS03,lowLR,24,layer_24,46.41588833612777,0.002621066407300532,"[0.003076521446928382, 0.002165611367672682]"
UTS03,lowLR,24,layer_24,77.4263682681127,0.0034566569374874234,"[0.003400875488296151, 0.0035124383866786957]"
UTS03,lowLR,24,layer_24,129.1549665014884,0.004024475230835378,"[0.003648249199613929, 0.0044007012620568275]"
UTS03,lowLR,24,layer_24,215.44346900318823,0.004452583380043507,"[0.0038762064650654793, 0.005028960295021534]"
UTS03,lowLR,24,layer_24,359.38136638046257,0.004835064755752683,"[0.004131923895329237, 0.005538205616176128]"
UTS03,lowLR,24,layer_24,599.4842503189409,0.005234978860244155,"[0.004450866486877203, 0.006019091233611107]"
UTS03,lowLR,24,layer_24,1000.0,0.005684087751433253,"[0.004850458353757858, 0.006517717149108648]"
UTS03,lowLR,32,layer_32,10.0,-0.006272525526583195,"[-0.005538822151720524, -0.007006228901445866]"
UTS03,lowLR,32,layer_32,16.68100537200059,-0.005176126724109054,"[-0.0055427816696465015, -0.004809471778571606]"
UTS03,lowLR,32,layer_32,27.825594022071243,-0.004242011229507625,"[-0.005432473961263895, -0.003051548497751355]"
UTS03,lowLR,32,layer_32,46.41588833612777,-0.003550734370946884,"[-0.005284586921334267, -0.0018168818205595016]"
UTS03,lowLR,32,layer_32,77.4263682681127,-0.003073614148888737,"[-0.005147785879671574, -0.0009994424181059003]"
UTS03,lowLR,32,layer_32,129.1549665014884,-0.002745395730016753,"[-0.005040912423282862, -0.00044987903675064445]"
UTS03,lowLR,32,layer_32,215.44346900318823,-0.0025050990952877328,"[-0.004964390769600868, -4.5807420974597335e-05]"
UTS03,lowLR,32,layer_32,359.38136638046257,-0.0023068400769261643,"[-0.004910812713205814, 0.0002971325593534857]"
UTS03,lowLR,32,layer_32,599.4842503189409,-0.002121880097547546,"[-0.00487208366394043, 0.0006283234688453376]"
UTS03,lowLR,32,layer_32,1000.0,-0.0019392393587622792,"[-0.004841231275349855, 0.0009627525578252971]"
UTS03,scrambled,16,layer_16,10.0,0.0064833564683794975,"[0.006879230495542288, 0.006087482441216707]"
UTS03,scrambled,16,layer_16,16.68100537200059,0.007533554220572114,"[0.007324221543967724, 0.007742886897176504]"
UTS03,scrambled,16,layer_16,27.825594022071243,0.008184644393622875,"[0.007521593011915684, 0.008847695775330067]"
UTS03,scrambled,16,layer_16,46.41588833612777,0.008566975360736251,"[0.00758240045979619, 0.009551550261676311]"
UTS03,scrambled,16,layer_16,77.4263682681127,0.008808386977761984,"[0.007609440945088863, 0.010007333010435104]"
UTS03,scrambled,16,layer_16,129.1549665014884,0.008984463522210717,"[0.007642544340342283, 0.010326382704079151]"
UTS03,scrambled,16,layer_16,215.44346900318823,0.009138213004916906,"[0.0076963817700743675, 0.010580044239759445]"
UTS03,scrambled,16,layer_16,359.38136638046257,0.009292719885706902,"[0.007779623381793499, 0.010805816389620304]"
UTS03,scrambled,16,layer_16,599.4842503189409,0.009451799094676971,"[0.007897408679127693, 0.01100618951022625]"
UTS03,scrambled,16,layer_16,1000.0,0.009597249794751406,"[0.008048545569181442, 0.01114595402032137]"
UTS03,scrambled,24,layer_24,10.0,0.004030798678286374,"[0.004609561990946531, 0.003452035365626216]"
UTS03,scrambled,24,layer_24,16.68100537200059,0.004769650055095553,"[0.0048158783465623856, 0.004723421763628721]"
UTS03,scrambled,24,layer_24,27.825594022071243,0.005202151136472821,"[0.004819926340132952, 0.005584375932812691]"
UTS03,scrambled,24,layer_24,46.41588833612777,0.005421955371275544,"[0.004715612158179283, 0.006128298584371805]"
UTS03,scrambled,24,layer_24,77.4263682681127,0.005527607165277004,"[0.004588778596371412, 0.006466435734182596]"
UTS03,scrambled,24,layer_24,129.1549665014884,0.005576575640588999,"[0.004470266401767731, 0.006682884879410267]"
UTS03,scrambled,24,layer_24,215.44346900318823,0.005593061912804842,"[0.0043544466607272625, 0.0068316771648824215]"
UTS03,scrambled,24,layer_24,359.38136638046257,0.0055825423914939165,"[0.004221287555992603, 0.00694379722699523]"
UTS03,scrambled,24,layer_24,599.4842503189409,0.005538587691262364,"[0.004045269917696714, 0.007031905464828014]"
UTS03,scrambled,24,layer_24,1000.0,0.005446007591672242,"[0.0037993828300386667, 0.007092632353305817]"
UTS03,scrambled,32,layer_32,10.0,0.009172765305265784,"[0.011493087746202946, 0.006852442864328623]"
UTS03,scrambled,32,layer_32,16.68100537200059,0.00971452658995986,"[0.012129169888794422, 0.0072998832911252975]"
UTS03,scrambled,32,layer_32,27.825594022071243,0.009946990059688687,"[0.0123200798407197, 0.007573900278657675]"
UTS03,scrambled,32,layer_32,46.41588833612777,0.010018789442256093,"[0.012282817624509335, 0.0077547612600028515]"
UTS03,scrambled,32,layer_32,77.4263682681127,0.010041772853583097,"[0.012182008475065231, 0.007901537232100964]"
UTS03,scrambled,32,layer_32,129.1549665014884,0.010066315531730652,"[0.01207712385803461, 0.008055507205426693]"
UTS03,scrambled,32,layer_32,215.44346900318823,0.010110699571669102,"[0.011971564963459969, 0.008249834179878235]"
UTS03,scrambled,32,layer_32,359.38136638046257,0.010179770179092884,"[0.011846112087368965, 0.008513428270816803]"
UTS03,scrambled,32,layer_32,599.4842503189409,0.010268508456647396,"[0.011669738218188286, 0.008867278695106506]"
UTS03,scrambled,32,layer_32,1000.0,0.010359596461057663,"[0.01140521839261055, 0.009313974529504776]"
UTS03,taskvec_a0p25,16,layer_16,10.0,0.004891324904747307,"[0.0033300251234322786, 0.006452624686062336]"
UTS03,taskvec_a0p25,16,layer_16,16.68100537200059,0.006444175960496068,"[0.00391694949939847, 0.008971402421593666]"
UTS03,taskvec_a0p25,16,layer_16,27.825594022071243,0.007676643552258611,"[0.004478333052247763, 0.010874954052269459]"
UTS03,taskvec_a0p25,16,layer_16,46.41588833612777,0.008542489958927035,"[0.0049347360618412495, 0.012150243856012821]"
UTS03,taskvec_a0p25,16,layer_16,77.4263682681127,0.009114119224250317,"[0.005265422165393829, 0.012962816283106804]"
UTS03,taskvec_a0p25,16,layer_16,129.1549665014884,0.009503658162429929,"[0.005515285301953554, 0.013492031022906303]"
UTS03,taskvec_a0p25,16,layer_16,215.44346900318823,0.00980817130766809,"[0.0057461136020720005, 0.01387022901326418]"
UTS03,taskvec_a0p25,16,layer_16,359.38136638046257,0.010098097380250692,"[0.006012633442878723, 0.014183561317622662]"
UTS03,taskvec_a0p25,16,layer_16,599.4842503189409,0.01042059506289661,"[0.0063600786961615086, 0.01448111142963171]"
UTS03,taskvec_a0p25,16,layer_16,1000.0,0.010798534378409386,"[0.00682102981954813, 0.014776038937270641]"
UTS03,taskvec_a0p25,24,layer_24,10.0,-0.0016307279001921415,"[0.002715990412980318, -0.005977446213364601]"
UTS03,taskvec_a0p25,24,layer_24,16.68100537200059,0.0007608969463035464,"[0.003907740581780672, -0.002385946689173579]"
UTS03,taskvec_a0p25,24,layer_24,27.825594022071243,0.002726070291828364,"[0.004918992519378662, 0.0005331480642780662]"
UTS03,taskvec_a0p25,24,layer_24,46.41588833612777,0.0041064469842240214,"[0.005636029876768589, 0.002576864091679454]"
UTS03,taskvec_a0p25,24,layer_24,77.4263682681127,0.005007365019991994,"[0.006106862798333168, 0.00390786724165082]"
UTS03,taskvec_a0p25,24,layer_24,129.1549665014884,0.005605633137747645,"[0.006429262459278107, 0.004782003816217184]"
UTS03,taskvec_a0p25,24,layer_24,215.44346900318823,0.006046164780855179,"[0.0066863191314041615, 0.005406010430306196]"
UTS03,taskvec_a0p25,24,layer_24,359.38136638046257,0.006429765839129686,"[0.006938648410141468, 0.005920883268117905]"
UTS03,taskvec_a0p25,24,layer_24,599.4842503189409,0.006821570452302694,"[0.007228930480778217, 0.006414210423827171]"
UTS03,taskvec_a0p25,24,layer_24,1000.0,0.007254143478348851,"[0.007581435143947601, 0.006926851812750101]"
UTS03,taskvec_a0p25,32,layer_32,10.0,-0.007899134885519743,"[-0.007045242004096508, -0.008753027766942978]"
UTS03,taskvec_a0p25,32,layer_32,16.68100537200059,-0.0066975438967347145,"[-0.0068275504745543, -0.006567537318915129]"
UTS03,taskvec_a0p25,32,layer_32,27.825594022071243,-0.0056522737722843885,"[-0.006479398813098669, -0.004825148731470108]"
UTS03,taskvec_a0p25,32,layer_32,46.41588833612777,-0.004870445351116359,"[-0.006123931612819433, -0.0036169590894132853]"
UTS03,taskvec_a0p25,32,layer_32,77.4263682681127,-0.004328860901296139,"[-0.005838288459926844, -0.002819433342665434]"
UTS03,taskvec_a0p25,32,layer_32,129.1549665014884,-0.003956596367061138,"[-0.005640281364321709, -0.0022729113698005676]"
UTS03,taskvec_a0p25,32,layer_32,215.44346900318823,-0.003684668568894267,"[-0.005516635719686747, -0.0018527014181017876]"
UTS03,taskvec_a0p25,32,layer_32,359.38136638046257,-0.0034614670439623296,"[-0.0054473187774419785, -0.0014756153104826808]"
UTS03,taskvec_a0p25,32,layer_32,599.4842503189409,-0.0032555965590290725,"[-0.005414919462054968, -0.0010962736560031772]"
UTS03,taskvec_a0p25,32,layer_32,1000.0,-0.0030554835684597492,"[-0.0054039908573031425, -0.0007069762796163559]"
