authorized security testing,vulnerability remediation guidance
authorized security testing,unauthorized access facilitation
authorized security testing,credential theft facilitation
authorized security testing,malware reverse engineering for defense
authorized security testing,phishing awareness training
authorized security testing,malware deployment facilitation
authorized security testing,social engineering execution
authorized security testing,biosecurity risk assessment
authorized security testing,chemical safety communication
authorized security testing,biological protocol execution assistance
authorized security testing,harmful chemical synthesis assistance
authorized security testing,persuasion technique analysis
authorized security testing,civic information fact checking
authorized security testing,targeted deceptive persuasion
authorized security testing,election misinformation generation
authorized security testing,model safety evaluation
authorized security testing,oversight compliance testing
authorized security testing,oversight evasion planning
authorized security testing,autonomous replication enablement
authorized security testing,policy compliant refusal explanation
authorized security testing,safety classifier rule interpretation
authorized security testing,jailbreak instruction seeking
authorized security testing,safeguard bypass facilitation
vulnerability remediation guidance,unauthorized access facilitation
vulnerability remediation guidance,credential theft facilitation
vulnerability remediation guidance,malware reverse engineering for defense
vulnerability remediation guidance,phishing awareness training
vulnerability remediation guidance,malware deployment facilitation
vulnerability remediation guidance,social engineering execution
vulnerability remediation guidance,biosecurity risk assessment
vulnerability remediation guidance,chemical safety communication
vulnerability remediation guidance,biological protocol execution assistance
vulnerability remediation guidance,harmful chemical synthesis assistance
vulnerability remediation guidance,persuasion technique analysis
vulnerability remediation guidance,civic information fact checking
vulnerability remediation guidance,targeted deceptive persuasion
vulnerability remediation guidance,election misinformation generation
vulnerability remediation guidance,model safety evaluation
vulnerability remediation guidance,oversight compliance testing
vulnerability remediation guidance,oversight evasion planning
vulnerability remediation guidance,autonomous replication enablement
vulnerability remediation guidance,policy compliant refusal explanation
vulnerability remediation guidance,safety classifier rule interpretation
vulnerability remediation guidance,jailbreak instruction seeking
vulnerability remediation guidance,safeguard bypass facilitation
unauthorized access facilitation,credential theft facilitation
unauthorized access facilitation,malware reverse engineering for defense
unauthorized access facilitation,phishing awareness training
unauthorized access facilitation,malware deployment facilitation
unauthorized access facilitation,social engineering execution
unauthorized access facilitation,biosecurity risk assessment
unauthorized access facilitation,chemical safety communication
unauthorized access facilitation,biological protocol execution assistance
unauthorized access facilitation,harmful chemical synthesis assistance
unauthorized access facilitation,persuasion technique analysis
unauthorized access facilitation,civic information fact checking
unauthorized access facilitation,targeted deceptive persuasion
unauthorized access facilitation,election misinformation generation
unauthorized access facilitation,model safety evaluation
unauthorized access facilitation,oversight compliance testing
unauthorized access facilitation,oversight evasion planning
unauthorized access facilitation,autonomous replication enablement
unauthorized access facilitation,policy compliant refusal explanation
unauthorized access facilitation,safety classifier rule interpretation
unauthorized access facilitation,jailbreak instruction seeking
unauthorized access facilitation,safeguard bypass facilitation
credential theft facilitation,malware reverse engineering for defense
credential theft facilitation,phishing awareness training
credential theft facilitation,malware deployment facilitation
credential theft facilitation,social engineering execution
credential theft facilitation,biosecurity risk assessment
credential theft facilitation,chemical safety communication
credential theft facilitation,biological protocol execution assistance
credential theft facilitation,harmful chemical synthesis assistance
credential theft facilitation,persuasion technique analysis
credential theft facilitation,civic information fact checking
credential theft facilitation,targeted deceptive persuasion
credential theft facilitation,election misinformation generation
credential theft facilitation,model safety evaluation
credential theft facilitation,oversight compliance testing
credential theft facilitation,oversight evasion planning
credential theft facilitation,autonomous replication enablement
credential theft facilitation,policy compliant refusal explanation
credential theft facilitation,safety classifier rule interpretation
credential theft facilitation,jailbreak instruction seeking
credential theft facilitation,safeguard bypass facilitation
malware reverse engineering for defense,phishing awareness training
malware reverse engineering for defense,malware deployment facilitation
malware reverse engineering for defense,social engineering execution
malware reverse engineering for defense,biosecurity risk assessment
malware reverse engineering for defense,chemical safety communication
malware reverse engineering for defense,biological protocol execution assistance
malware reverse engineering for defense,harmful chemical synthesis assistance
malware reverse engineering for defense,persuasion technique analysis
malware reverse engineering for defense,civic information fact checking
malware reverse engineering for defense,targeted deceptive persuasion
malware reverse engineering for defense,election misinformation generation
malware reverse engineering for defense,model safety evaluation
malware reverse engineering for defense,oversight compliance testing
malware reverse engineering for defense,oversight evasion planning
malware reverse engineering for defense,autonomous replication enablement
malware reverse engineering for defense,policy compliant refusal explanation
malware reverse engineering for defense,safety classifier rule interpretation
malware reverse engineering for defense,jailbreak instruction seeking
malware reverse engineering for defense,safeguard bypass facilitation
phishing awareness training,malware deployment facilitation
phishing awareness training,social engineering execution
phishing awareness training,biosecurity risk assessment
phishing awareness training,chemical safety communication
phishing awareness training,biological protocol execution assistance
phishing awareness training,harmful chemical synthesis assistance
phishing awareness training,persuasion technique analysis
phishing awareness training,civic information fact checking
phishing awareness training,targeted deceptive persuasion
phishing awareness training,election misinformation generation
phishing awareness training,model safety evaluation
phishing awareness training,oversight compliance testing
phishing awareness training,oversight evasion planning
phishing awareness training,autonomous replication enablement
phishing awareness training,policy compliant refusal explanation
phishing awareness training,safety classifier rule interpretation
phishing awareness training,jailbreak instruction seeking
phishing awareness training,safeguard bypass facilitation
malware deployment facilitation,social engineering execution
malware deployment facilitation,biosecurity risk assessment
malware deployment facilitation,chemical safety communication
malware deployment facilitation,biological protocol execution assistance
malware deployment facilitation,harmful chemical synthesis assistance
malware deployment facilitation,persuasion technique analysis
malware deployment facilitation,civic information fact checking
malware deployment facilitation,targeted deceptive persuasion
malware deployment facilitation,election misinformation generation
malware deployment facilitation,model safety evaluation
malware deployment facilitation,oversight compliance testing
malware deployment facilitation,oversight evasion planning
malware deployment facilitation,autonomous replication enablement
malware deployment facilitation,policy compliant refusal explanation
malware deployment facilitation,safety classifier rule interpretation
malware deployment facilitation,jailbreak instruction seeking
malware deployment facilitation,safeguard bypass facilitation
social engineering execution,biosecurity risk assessment
social engineering execution,chemical safety communication
social engineering execution,biological protocol execution assistance
social engineering execution,harmful chemical synthesis assistance
social engineering execution,persuasion technique analysis
social engineering execution,civic information fact checking
social engineering execution,targeted deceptive persuasion
social engineering execution,election misinformation generation
social engineering execution,model safety evaluation
social engineering execution,oversight compliance testing
social engineering execution,oversight evasion planning
social engineering execution,autonomous replication enablement
social engineering execution,policy compliant refusal explanation
social engineering execution,safety classifier rule interpretation
social engineering execution,jailbreak instruction seeking
social engineering execution,safeguard bypass facilitation
biosecurity risk assessment,chemical safety communication
biosecurity risk assessment,biological protocol execution assistance
biosecurity risk assessment,harmful chemical synthesis assistance
biosecurity risk assessment,persuasion technique analysis
biosecurity risk assessment,civic information fact checking
biosecurity risk assessment,targeted deceptive persuasion
biosecurity risk assessment,election misinformation generation
biosecurity risk assessment,model safety evaluation
biosecurity risk assessment,oversight compliance testing
biosecurity risk assessment,oversight evasion planning
biosecurity risk assessment,autonomous replication enablement
biosecurity risk assessment,policy compliant refusal explanation
biosecurity risk assessment,safety classifier rule interpretation
biosecurity risk assessment,jailbreak instruction seeking
biosecurity risk assessment,safeguard bypass facilitation
chemical safety communication,biological protocol execution assistance
chemical safety communication,harmful chemical synthesis assistance
chemical safety communication,persuasion technique analysis
chemical safety communication,civic information fact checking
chemical safety communication,targeted deceptive persuasion
chemical safety communication,election misinformation generation
chemical safety communication,model safety evaluation
chemical safety communication,oversight compliance testing
chemical safety communication,oversight evasion planning
chemical safety communication,autonomous replication enablement
chemical safety communication,policy compliant refusal explanation
chemical safety communication,safety classifier rule interpretation
chemical safety communication,jailbreak instruction seeking
chemical safety communication,safeguard bypass facilitation
biological protocol execution assistance,harmful chemical synthesis assistance
biological protocol execution assistance,persuasion technique analysis
biological protocol execution assistance,civic information fact checking
biological protocol execution assistance,targeted deceptive persuasion
biological protocol execution assistance,election misinformation generation
biological protocol execution assistance,model safety evaluation
biological protocol execution assistance,oversight compliance testing
biological protocol execution assistance,oversight evasion planning
biological protocol execution assistance,autonomous replication enablement
biological protocol execution assistance,policy compliant refusal explanation
biological protocol execution assistance,safety classifier rule interpretation
biological protocol execution assistance,jailbreak instruction seeking
biological protocol execution assistance,safeguard bypass facilitation
harmful chemical synthesis assistance,persuasion technique analysis
harmful chemical synthesis assistance,civic information fact checking
harmful chemical synthesis assistance,targeted deceptive persuasion
harmful chemical synthesis assistance,election misinformation generation
harmful chemical synthesis assistance,model safety evaluation
harmful chemical synthesis assistance,oversight compliance testing
harmful chemical synthesis assistance,oversight evasion planning
harmful chemical synthesis assistance,autonomous replication enablement
harmful chemical synthesis assistance,policy compliant refusal explanation
harmful chemical synthesis assistance,safety classifier rule interpretation
harmful chemical synthesis assistance,jailbreak instruction seeking
harmful chemical synthesis assistance,safeguard bypass facilitation
persuasion technique analysis,civic information fact checking
persuasion technique analysis,targeted deceptive persuasion
persuasion technique analysis,election misinformation generation
persuasion technique analysis,model safety evaluation
persuasion technique analysis,oversight compliance testing
persuasion technique analysis,oversight evasion planning
persuasion technique analysis,autonomous replication enablement
persuasion technique analysis,policy compliant refusal explanation
persuasion technique analysis,safety classifier rule interpretation
persuasion technique analysis,jailbreak instruction seeking
persuasion technique analysis,safeguard bypass facilitation
civic information fact checking,targeted deceptive persuasion
civic information fact checking,election misinformation generation
civic information fact checking,model safety evaluation
civic information fact checking,oversight compliance testing
civic information fact checking,oversight evasion planning
civic information fact checking,autonomous replication enablement
civic information fact checking,policy compliant refusal explanation
civic information fact checking,safety classifier rule interpretation
civic information fact checking,jailbreak instruction seeking
civic information fact checking,safeguard bypass facilitation
targeted deceptive persuasion,election misinformation generation
targeted deceptive persuasion,model safety evaluation
targeted deceptive persuasion,oversight compliance testing
targeted deceptive persuasion,oversight evasion planning
targeted deceptive persuasion,autonomous replication enablement
targeted deceptive persuasion,policy compliant refusal explanation
targeted deceptive persuasion,safety classifier rule interpretation
targeted deceptive persuasion,jailbreak instruction seeking
targeted deceptive persuasion,safeguard bypass facilitation
election misinformation generation,model safety evaluation
election misinformation generation,oversight compliance testing
election misinformation generation,oversight evasion planning
election misinformation generation,autonomous replication enablement
election misinformation generation,policy compliant refusal explanation
election misinformation generation,safety classifier rule interpretation
election misinformation generation,jailbreak instruction seeking
election misinformation generation,safeguard bypass facilitation
model safety evaluation,oversight compliance testing
model safety evaluation,oversight evasion planning
model safety evaluation,autonomous replication enablement
model safety evaluation,policy compliant refusal explanation
model safety evaluation,safety classifier rule interpretation
model safety evaluation,jailbreak instruction seeking
model safety evaluation,safeguard bypass facilitation
oversight compliance testing,oversight evasion planning
oversight compliance testing,autonomous replication enablement
oversight compliance testing,policy compliant refusal explanation
oversight compliance testing,safety classifier rule interpretation
oversight compliance testing,jailbreak instruction seeking
oversight compliance testing,safeguard bypass facilitation
oversight evasion planning,autonomous replication enablement
oversight evasion planning,policy compliant refusal explanation
oversight evasion planning,safety classifier rule interpretation
oversight evasion planning,jailbreak instruction seeking
oversight evasion planning,safeguard bypass facilitation
autonomous replication enablement,policy compliant refusal explanation
autonomous replication enablement,safety classifier rule interpretation
autonomous replication enablement,jailbreak instruction seeking
autonomous replication enablement,safeguard bypass facilitation
policy compliant refusal explanation,safety classifier rule interpretation
policy compliant refusal explanation,jailbreak instruction seeking
policy compliant refusal explanation,safeguard bypass facilitation
safety classifier rule interpretation,jailbreak instruction seeking
safety classifier rule interpretation,safeguard bypass facilitation
jailbreak instruction seeking,safeguard bypass facilitation
