```,Alligator
```,Anvil
```,Axe
```,Blindworm
```,Boa python
```,Caiman
```,Chameleon
```,Chisel
```,Cobra
```,Crocodile
```,Dinosaur
```,Gecko
```,Grinding disk
```,Hammer
```,Knife
```,Lawn Mower
```,Lizard
```,Nail
```,Oil can
```,Paint brush
```,Salamander
```,Saw
```,Screwdriver
```,Shovel
```,Snake
```,Spanner
```,Toad
```,Tortoise
```,Turtle
```,Vacuum
```plaintext,Alligator
```plaintext,Anvil
```plaintext,Axe
```plaintext,Blindworm
```plaintext,Boa python
```plaintext,Caiman
```plaintext,Chameleon
```plaintext,Chisel
```plaintext,Cobra
```plaintext,Crocodile
```plaintext,Dinosaur
```plaintext,Gecko
```plaintext,Grinding disk
```plaintext,Hammer
```plaintext,Knife
```plaintext,Lawn Mower
```plaintext,Lizard
```plaintext,Nail
```plaintext,Oil can
```plaintext,Paint brush
```plaintext,Salamander
```plaintext,Saw
```plaintext,Screwdriver
```plaintext,Shovel
```plaintext,Snake
```plaintext,Spanner
```plaintext,Toad
```plaintext,Tortoise
```plaintext,Turtle
```plaintext,Vacuum
behavior**,Alligator
behavior**,Anvil
behavior**,Axe
behavior**,Blindworm
behavior**,Boa python
behavior**,Caiman
behavior**,Chameleon
behavior**,Chisel
behavior**,Cobra
behavior**,Crocodile
behavior**,Dinosaur
behavior**,Gecko
behavior**,Grinding disk
behavior**,Hammer
behavior**,Knife
behavior**,Lawn Mower
behavior**,Lizard
behavior**,Nail
behavior**,Oil can
behavior**,Paint brush
behavior**,Salamander
behavior**,Saw
behavior**,Screwdriver
behavior**,Shovel
behavior**,Snake
behavior**,Spanner
behavior**,Toad
behavior**,Tortoise
behavior**,Turtle
behavior**,Vacuum
blade length,Alligator
blade length,Anvil
blade length,Axe
blade length,Blindworm
blade length,Boa python
blade length,Caiman
blade length,Chameleon
blade length,Chisel
blade length,Cobra
blade length,Crocodile
blade length,Dinosaur
blade length,Gecko
blade length,Grinding disk
blade length,Hammer
blade length,Knife
blade length,Lawn Mower
blade length,Lizard
blade length,Nail
blade length,Oil can
blade length,Paint brush
blade length,Salamander
blade length,Saw
blade length,Screwdriver
blade length,Shovel
blade length,Snake
blade length,Spanner
blade length,Toad
blade length,Tortoise
blade length,Turtle
blade length,Vacuum
blade material,Alligator
blade material,Anvil
blade material,Axe
blade material,Blindworm
blade material,Boa python
blade material,Caiman
blade material,Chameleon
blade material,Chisel
blade material,Cobra
blade material,Crocodile
blade material,Dinosaur
blade material,Gecko
blade material,Grinding disk
blade material,Hammer
blade material,Knife
blade material,Lawn Mower
blade material,Lizard
blade material,Nail
blade material,Oil can
blade material,Paint brush
blade material,Salamander
blade material,Saw
blade material,Screwdriver
blade material,Shovel
blade material,Snake
blade material,Spanner
blade material,Toad
blade material,Tortoise
blade material,Turtle
blade material,Vacuum
can be carnivorous or herbivorous,Alligator
can be carnivorous or herbivorous,Anvil
can be carnivorous or herbivorous,Axe
can be carnivorous or herbivorous,Blindworm
can be carnivorous or herbivorous,Boa python
can be carnivorous or herbivorous,Caiman
can be carnivorous or herbivorous,Chameleon
can be carnivorous or herbivorous,Chisel
can be carnivorous or herbivorous,Cobra
can be carnivorous or herbivorous,Crocodile
can be carnivorous or herbivorous,Dinosaur
can be carnivorous or herbivorous,Gecko
can be carnivorous or herbivorous,Grinding disk
can be carnivorous or herbivorous,Hammer
can be carnivorous or herbivorous,Knife
can be carnivorous or herbivorous,Lawn Mower
can be carnivorous or herbivorous,Lizard
can be carnivorous or herbivorous,Nail
can be carnivorous or herbivorous,Oil can
can be carnivorous or herbivorous,Paint brush
can be carnivorous or herbivorous,Salamander
can be carnivorous or herbivorous,Saw
can be carnivorous or herbivorous,Screwdriver
can be carnivorous or herbivorous,Shovel
can be carnivorous or herbivorous,Snake
can be carnivorous or herbivorous,Spanner
can be carnivorous or herbivorous,Toad
can be carnivorous or herbivorous,Tortoise
can be carnivorous or herbivorous,Turtle
can be carnivorous or herbivorous,Vacuum
can climb trees,Alligator
can climb trees,Anvil
can climb trees,Axe
can climb trees,Blindworm
can climb trees,Boa python
can climb trees,Caiman
can climb trees,Chameleon
can climb trees,Chisel
can climb trees,Cobra
can climb trees,Crocodile
can climb trees,Dinosaur
can climb trees,Gecko
can climb trees,Grinding disk
can climb trees,Hammer
can climb trees,Knife
can climb trees,Lawn Mower
can climb trees,Lizard
can climb trees,Nail
can climb trees,Oil can
can climb trees,Paint brush
can climb trees,Salamander
can climb trees,Saw
can climb trees,Screwdriver
can climb trees,Shovel
can climb trees,Snake
can climb trees,Spanner
can climb trees,Toad
can climb trees,Tortoise
can climb trees,Turtle
can climb trees,Vacuum
covered in scales,Alligator
covered in scales,Anvil
covered in scales,Axe
covered in scales,Blindworm
covered in scales,Boa python
covered in scales,Caiman
covered in scales,Chameleon
covered in scales,Chisel
covered in scales,Cobra
covered in scales,Crocodile
covered in scales,Dinosaur
covered in scales,Gecko
covered in scales,Grinding disk
covered in scales,Hammer
covered in scales,Knife
covered in scales,Lawn Mower
covered in scales,Lizard
covered in scales,Nail
covered in scales,Oil can
covered in scales,Paint brush
covered in scales,Salamander
covered in scales,Saw
covered in scales,Screwdriver
covered in scales,Shovel
covered in scales,Snake
covered in scales,Spanner
covered in scales,Toad
covered in scales,Tortoise
covered in scales,Turtle
covered in scales,Vacuum
diet,Alligator
diet,Anvil
diet,Axe
diet,Blindworm
diet,Boa python
diet,Caiman
diet,Chameleon
diet,Chisel
diet,Cobra
diet,Crocodile
diet,Dinosaur
diet,Gecko
diet,Grinding disk
diet,Hammer
diet,Knife
diet,Lawn Mower
diet,Lizard
diet,Nail
diet,Oil can
diet,Paint brush
diet,Salamander
diet,Saw
diet,Screwdriver
diet,Shovel
diet,Snake
diet,Spanner
diet,Toad
diet,Tortoise
diet,Turtle
diet,Vacuum
fins for swimming,Alligator
fins for swimming,Anvil
fins for swimming,Axe
fins for swimming,Blindworm
fins for swimming,Boa python
fins for swimming,Caiman
fins for swimming,Chameleon
fins for swimming,Chisel
fins for swimming,Cobra
fins for swimming,Crocodile
fins for swimming,Dinosaur
fins for swimming,Gecko
fins for swimming,Grinding disk
fins for swimming,Hammer
fins for swimming,Knife
fins for swimming,Lawn Mower
fins for swimming,Lizard
fins for swimming,Nail
fins for swimming,Oil can
fins for swimming,Paint brush
fins for swimming,Salamander
fins for swimming,Saw
fins for swimming,Screwdriver
fins for swimming,Shovel
fins for swimming,Snake
fins for swimming,Spanner
fins for swimming,Toad
fins for swimming,Tortoise
fins for swimming,Turtle
fins for swimming,Vacuum
large size,Alligator
large size,Anvil
large size,Axe
large size,Blindworm
large size,Boa python
large size,Caiman
large size,Chameleon
large size,Chisel
large size,Cobra
large size,Crocodile
large size,Dinosaur
large size,Gecko
large size,Grinding disk
large size,Hammer
large size,Knife
large size,Lawn Mower
large size,Lizard
large size,Nail
large size,Oil can
large size,Paint brush
large size,Salamander
large size,Saw
large size,Screwdriver
large size,Shovel
large size,Snake
large size,Spanner
large size,Toad
large size,Tortoise
large size,Turtle
large size,Vacuum
legs,Alligator
legs,Anvil
legs,Axe
legs,Blindworm
legs,Boa python
legs,Caiman
legs,Chameleon
legs,Chisel
legs,Cobra
legs,Crocodile
legs,Dinosaur
legs,Gecko
legs,Grinding disk
legs,Hammer
legs,Knife
legs,Lawn Mower
legs,Lizard
legs,Nail
legs,Oil can
legs,Paint brush
legs,Salamander
legs,Saw
legs,Screwdriver
legs,Shovel
legs,Snake
legs,Spanner
legs,Toad
legs,Tortoise
legs,Turtle
legs,Vacuum
long legs,Alligator
long legs,Anvil
long legs,Axe
long legs,Blindworm
long legs,Boa python
long legs,Caiman
long legs,Chameleon
long legs,Chisel
long legs,Cobra
long legs,Crocodile
long legs,Dinosaur
long legs,Gecko
long legs,Grinding disk
long legs,Hammer
long legs,Knife
long legs,Lawn Mower
long legs,Lizard
long legs,Nail
long legs,Oil can
long legs,Paint brush
long legs,Salamander
long legs,Saw
long legs,Screwdriver
long legs,Shovel
long legs,Snake
long legs,Spanner
long legs,Toad
long legs,Tortoise
long legs,Turtle
long legs,Vacuum
long snout,Alligator
long snout,Anvil
long snout,Axe
long snout,Blindworm
long snout,Boa python
long snout,Caiman
long snout,Chameleon
long snout,Chisel
long snout,Cobra
long snout,Crocodile
long snout,Dinosaur
long snout,Gecko
long snout,Grinding disk
long snout,Hammer
long snout,Knife
long snout,Lawn Mower
long snout,Lizard
long snout,Nail
long snout,Oil can
long snout,Paint brush
long snout,Salamander
long snout,Saw
long snout,Screwdriver
long snout,Shovel
long snout,Snake
long snout,Spanner
long snout,Toad
long snout,Tortoise
long snout,Turtle
long snout,Vacuum
no eyes,Alligator
no eyes,Anvil
no eyes,Axe
no eyes,Blindworm
no eyes,Boa python
no eyes,Caiman
no eyes,Chameleon
no eyes,Chisel
no eyes,Cobra
no eyes,Crocodile
no eyes,Dinosaur
no eyes,Gecko
no eyes,Grinding disk
no eyes,Hammer
no eyes,Knife
no eyes,Lawn Mower
no eyes,Lizard
no eyes,Nail
no eyes,Oil can
no eyes,Paint brush
no eyes,Salamander
no eyes,Saw
no eyes,Screwdriver
no eyes,Shovel
no eyes,Snake
no eyes,Spanner
no eyes,Toad
no eyes,Tortoise
no eyes,Turtle
no eyes,Vacuum
scales,Alligator
scales,Anvil
scales,Axe
scales,Blindworm
scales,Boa python
scales,Caiman
scales,Chameleon
scales,Chisel
scales,Cobra
scales,Crocodile
scales,Dinosaur
scales,Gecko
scales,Grinding disk
scales,Hammer
scales,Knife
scales,Lawn Mower
scales,Lizard
scales,Nail
scales,Oil can
scales,Paint brush
scales,Salamander
scales,Saw
scales,Screwdriver
scales,Shovel
scales,Snake
scales,Spanner
scales,Toad
scales,Tortoise
scales,Turtle
scales,Vacuum
spiny skin,Alligator
spiny skin,Anvil
spiny skin,Axe
spiny skin,Blindworm
spiny skin,Boa python
spiny skin,Caiman
spiny skin,Chameleon
spiny skin,Chisel
spiny skin,Cobra
spiny skin,Crocodile
spiny skin,Dinosaur
spiny skin,Gecko
spiny skin,Grinding disk
spiny skin,Hammer
spiny skin,Knife
spiny skin,Lawn Mower
spiny skin,Lizard
spiny skin,Nail
spiny skin,Oil can
spiny skin,Paint brush
spiny skin,Salamander
spiny skin,Saw
spiny skin,Screwdriver
spiny skin,Shovel
spiny skin,Snake
spiny skin,Spanner
spiny skin,Toad
spiny skin,Tortoise
spiny skin,Turtle
spiny skin,Vacuum
tail,Alligator
tail,Anvil
tail,Axe
tail,Blindworm
tail,Boa python
tail,Caiman
tail,Chameleon
tail,Chisel
tail,Cobra
tail,Crocodile
tail,Dinosaur
tail,Gecko
tail,Grinding disk
tail,Hammer
tail,Knife
tail,Lawn Mower
tail,Lizard
tail,Nail
tail,Oil can
tail,Paint brush
tail,Salamander
tail,Saw
tail,Screwdriver
tail,Shovel
tail,Snake
tail,Spanner
tail,Toad
tail,Tortoise
tail,Turtle
tail,Vacuum
teeth,Alligator
teeth,Anvil
teeth,Axe
teeth,Blindworm
teeth,Boa python
teeth,Caiman
teeth,Chameleon
teeth,Chisel
teeth,Cobra
teeth,Crocodile
teeth,Dinosaur
teeth,Gecko
teeth,Grinding disk
teeth,Hammer
teeth,Knife
teeth,Lawn Mower
teeth,Lizard
teeth,Nail
teeth,Oil can
teeth,Paint brush
teeth,Salamander
teeth,Saw
teeth,Screwdriver
teeth,Shovel
teeth,Snake
teeth,Spanner
teeth,Toad
teeth,Tortoise
teeth,Turtle
teeth,Vacuum
|------------------|------------|,Alligator
|------------------|------------|,Anvil
|------------------|------------|,Axe
|------------------|------------|,Blindworm
|------------------|------------|,Boa python
|------------------|------------|,Caiman
|------------------|------------|,Chameleon
|------------------|------------|,Chisel
|------------------|------------|,Cobra
|------------------|------------|,Crocodile
|------------------|------------|,Dinosaur
|------------------|------------|,Gecko
|------------------|------------|,Grinding disk
|------------------|------------|,Hammer
|------------------|------------|,Knife
|------------------|------------|,Lawn Mower
|------------------|------------|,Lizard
|------------------|------------|,Nail
|------------------|------------|,Oil can
|------------------|------------|,Paint brush
|------------------|------------|,Salamander
|------------------|------------|,Saw
|------------------|------------|,Screwdriver
|------------------|------------|,Shovel
|------------------|------------|,Snake
|------------------|------------|,Spanner
|------------------|------------|,Toad
|------------------|------------|,Tortoise
|------------------|------------|,Turtle
|------------------|------------|,Vacuum
