item_id,prompt,response
step1_alligator_00,"Which option is the best match for this description?
- is a freshwater fish
- lives by the sea
- lives in a swamp
Answer with only A, B, C, or D.

Options:
A. cobra
B. turtle
C. chameleon
D. alligator",B. turtle
step1_alligator_01,"A catalog card lists these properties:
- herds
- lives by the sea
- lives in a swamp
Which option does the card describe? Answer with only A, B, C, or D.

Options:
A. cobra
B. alligator
C. turtle
D. chameleon",B
step1_alligator_02,"Choose the option that best fits all of these clues:
- lives by the sea
- is a freshwater fish
- lives in a swamp
Answer with only A, B, C, or D.

Options:
A. chameleon
B. cobra
C. turtle
D. alligator",C
step1_alligator_03,"A field note says the thing has these attributes:
- cartoon figure
- is a freshwater fish
- lives in a swamp
Which option is it? Answer with only A, B, C, or D.

Options:
A. turtle
B. cobra
C. chameleon
D. alligator",A
step1_caiman_00,"Which option is the best match for this description?
- endangered species
- is lethal
- kind of crocodile
Answer with only A, B, C, or D.

Options:
A. chisel
B. crocodile
C. cobra
D. caiman",B. crocodile
step1_caiman_01,"A catalog card lists these properties:
- has sharp claws
- lives by the sea
- kind of crocodile
Which option does the card describe? Answer with only A, B, C, or D.

Options:
A. crocodile
B. cobra
C. caiman
D. chisel",A.
step1_caiman_02,"Choose the option that best fits all of these clues:
- is lethal
- endangered species
- kind of crocodile
Answer with only A, B, C, or D.

Options:
A. chisel
B. cobra
C. caiman
D. crocodile",D. crocodile
step1_caiman_03,"A field note says the thing has these attributes:
- is rare
- has sharp claws
- kind of crocodile
Which option is it? Answer with only A, B, C, or D.

Options:
A. crocodile
B. caiman
C. chisel
D. cobra",A
step1_crocodile_00,"Which option is the best match for this description?
- lives by the sea
- lives in water
- is dangerous
Answer with only A, B, C, or D.

Options:
A. tortoise
B. crocodile
C. saw
D. chisel",B.
step1_crocodile_01,"A catalog card lists these properties:
- is strong
- lives in water
- has many teeth
Which option does the card describe? Answer with only A, B, C, or D.

Options:
A. crocodile
B. tortoise
C. saw
D. chisel",A.
step1_crocodile_02,"Choose the option that best fits all of these clues:
- cartoon figure
- is strong
- is a freshwater fish
Answer with only A, B, C, or D.

Options:
A. saw
B. crocodile
C. chisel
D. tortoise","Based on the clues, the answer is B. crocodile"
step1_crocodile_03,"A field note says the thing has these attributes:
- herds
- lives by the sea
- is rare
Which option is it? Answer with only A, B, C, or D.

Options:
A. saw
B. chisel
C. tortoise
D. crocodile",D
step1_boa_python_00,"Which option is the best match for this description?
- is strong
- is lethal
- often sits in parks
Answer with only A, B, C, or D.

Options:
A. gecko
B. chameleon
C. snake
D. boa python",C
step1_boa_python_01,"A catalog card lists these properties:
- is dangerous
- has a split tongue
- often sits in parks
Which option does the card describe? Answer with only A, B, C, or D.

Options:
A. boa python
B. snake
C. gecko
D. chameleon",B
step1_boa_python_02,"Choose the option that best fits all of these clues:
- has a split tongue
- is lethal
- often sits in parks
Answer with only A, B, C, or D.

Options:
A. chameleon
B. gecko
C. snake
D. boa python",C. snake
step1_boa_python_03,"A field note says the thing has these attributes:
- has a split tongue
- strong animal
- often sits in parks
Which option is it? Answer with only A, B, C, or D.

Options:
A. gecko
B. chameleon
C. boa python
D. snake",D
step1_cobra_00,"Which option is the best match for this description?
- has bright colours
- is strong
- looks like a snake
Answer with only A, B, C, or D.

Options:
A. snake
B. cobra
C. caiman
D. chisel",B. cobra
step1_cobra_01,"A catalog card lists these properties:
- is dangerous
- has a split tongue
- looks like a snake
Which option does the card describe? Answer with only A, B, C, or D.

Options:
A. caiman
B. snake
C. chisel
D. cobra",D. cobra
step1_cobra_02,"Choose the option that best fits all of these clues:
- endangered species
- is lethal
- looks like a snake
Answer with only A, B, C, or D.

Options:
A. caiman
B. chisel
C. snake
D. cobra",D. cobra
step1_cobra_03,"A field note says the thing has these attributes:
- has bright colours
- is strong
- looks like a snake
Which option is it? Answer with only A, B, C, or D.

Options:
A. caiman
B. chisel
C. cobra
D. snake",C
step1_snake_00,"Which option is the best match for this description?
- in a terrarium
- lives in trees
- cartoon figure
Answer with only A, B, C, or D.

Options:
A. chameleon
B. saw
C. snake
D. boa python",A.
step1_snake_01,"A catalog card lists these properties:
- in a terrarium
- has bright colours
- is a freshwater fish
Which option does the card describe? Answer with only A, B, C, or D.

Options:
A. snake
B. saw
C. chameleon
D. boa python",C
step1_snake_02,"Choose the option that best fits all of these clues:
- is dangerous
- has a split tongue
- lives by the sea
Answer with only A, B, C, or D.

Options:
A. chameleon
B. saw
C. boa python
D. snake","Based on the clues, the answer is D. snake."
step1_snake_03,"A field note says the thing has these attributes:
- endangered species
- has bright colours
- cartoon figure
Which option is it? Answer with only A, B, C, or D.

Options:
A. chameleon
B. saw
C. boa python
D. snake",A
step1_blindworm_00,"Which option is the best match for this description?
- herds
- has a split tongue
- in a terrarium
Answer with only A, B, C, or D.

Options:
A. axe
B. saw
C. blindworm
D. toad",C. blindworm
step1_blindworm_01,"A catalog card lists these properties:
- herds
- has a split tongue
- is rare
Which option does the card describe? Answer with only A, B, C, or D.

Options:
A. saw
B. toad
C. blindworm
D. axe",C. blindworm
step1_blindworm_02,"Choose the option that best fits all of these clues:
- has a split tongue
- is not expensive
- in a terrarium
Answer with only A, B, C, or D.

Options:
A. blindworm
B. axe
C. saw
D. toad","D. toad

Toads often have a split tongue"
step1_blindworm_03,"A field note says the thing has these attributes:
- is food for larger animals
- is not expensive
- is rare
Which option is it? Answer with only A, B, C, or D.

Options:
A. axe
B. saw
C. toad
D. blindworm",D.
step1_chameleon_00,"Which option is the best match for this description?
- is not expensive
- in a terrarium
- appears in fairy tales and stories
Answer with only A, B, C, or D.

Options:
A. chameleon
B. boa python
C. hammer
D. gecko",D. gecko
step1_chameleon_01,"A catalog card lists these properties:
- is food for larger animals
- is a pet
- appears in fairy tales and stories
Which option does the card describe? Answer with only A, B, C, or D.

Options:
A. gecko
B. boa python
C. hammer
D. chameleon",B.
step1_chameleon_02,"Choose the option that best fits all of these clues:
- is food for larger animals
- is a pet
- appears in fairy tales and stories
Answer with only A, B, C, or D.

Options:
A. gecko
B. chameleon
C. boa python
D. hammer","C. boa python

Reasoning: A boa python is"
step1_chameleon_03,"A field note says the thing has these attributes:
- lives in trees
- has bright colours
- appears in fairy tales and stories
Which option is it? Answer with only A, B, C, or D.

Options:
A. chameleon
B. boa python
C. hammer
D. gecko",D.
step1_gecko_00,"Which option is the best match for this description?
- is rare
- has sharp claws
- is dangerous
Answer with only A, B, C, or D.

Options:
A. saw
B. gecko
C. chameleon
D. hammer",B.
step1_gecko_01,"A catalog card lists these properties:
- is food for larger animals
- has sharp claws
- is dangerous
Which option does the card describe? Answer with only A, B, C, or D.

Options:
A. chameleon
B. gecko
C. saw
D. hammer",C
step1_gecko_02,"Choose the option that best fits all of these clues:
- is rare
- is a pet
- is dangerous
Answer with only A, B, C, or D.

Options:
A. gecko
B. chameleon
C. saw
D. hammer","B. chameleon

Reasoning: Chameleons"
step1_gecko_03,"A field note says the thing has these attributes:
- lives in trees
- is a pet
- is dangerous
Which option is it? Answer with only A, B, C, or D.

Options:
A. hammer
B. chameleon
C. gecko
D. saw",C
step1_lizard_00,"Which option is the best match for this description?
- lives in trees
- in a terrarium
- is a freshwater fish
Answer with only A, B, C, or D.

Options:
A. cobra
B. saw
C. gecko
D. lizard",C
step1_lizard_01,"A catalog card lists these properties:
- lives in trees
- has sharp claws
- is a freshwater fish
Which option does the card describe? Answer with only A, B, C, or D.

Options:
A. saw
B. lizard
C. gecko
D. cobra",A. saw
step1_lizard_02,"Choose the option that best fits all of these clues:
- lives in trees
- has bright colours
- is a freshwater fish
Answer with only A, B, C, or D.

Options:
A. gecko
B. cobra
C. saw
D. lizard","Based on the clues, the correct answer is D. lizard"
step1_lizard_03,"A field note says the thing has these attributes:
- is food for larger animals
- is not expensive
- is a freshwater fish
Which option is it? Answer with only A, B, C, or D.

Options:
A. gecko
B. saw
C. cobra
D. lizard",D.
step1_salamander_00,"Which option is the best match for this description?
- lives in water
- is food for larger animals
- lives in trees
Answer with only A, B, C, or D.

Options:
A. axe
B. toad
C. salamander
D. saw",B.
step1_salamander_01,"A catalog card lists these properties:
- lives in water
- is food for larger animals
- has bright colours
Which option does the card describe? Answer with only A, B, C, or D.

Options:
A. salamander
B. saw
C. axe
D. toad",D. toad
step1_salamander_02,"Choose the option that best fits all of these clues:
- has a split tongue
- is not expensive
- has bright colours
Answer with only A, B, C, or D.

Options:
A. axe
B. toad
C. saw
D. salamander","D. salamander

A salamander has a"
step1_salamander_03,"A field note says the thing has these attributes:
- is a freshwater fish
- has a split tongue
- has sharp claws
Which option is it? Answer with only A, B, C, or D.

Options:
A. saw
B. salamander
C. toad
D. axe",B. salamander
step1_toad_00,"Which option is the best match for this description?
- has a split tongue
- lives in water
- cartoon figure
Answer with only A, B, C, or D.

Options:
A. chisel
B. saw
C. salamander
D. toad",C. salamander
step1_toad_01,"A catalog card lists these properties:
- is not expensive
- lives in water
- cartoon figure
Which option does the card describe? Answer with only A, B, C, or D.

Options:
A. salamander
B. toad
C. chisel
D. saw",B.
step1_toad_02,"Choose the option that best fits all of these clues:
- lives in water
- is food for larger animals
- is lethal
Answer with only A, B, C, or D.

Options:
A. toad
B. chisel
C. saw
D. salamander","Based on the clues, the answer is D. salam"
step1_toad_03,"A field note says the thing has these attributes:
- has a split tongue
- is food for larger animals
- cartoon figure
Which option is it? Answer with only A, B, C, or D.

Options:
A. toad
B. saw
C. chisel
D. salamander",D.
step1_tortoise_00,"Which option is the best match for this description?
- lives in water
- is food for larger animals
- strong animal
Answer with only A, B, C, or D.

Options:
A. chisel
B. turtle
C. saw
D. tortoise",B. turtle
step1_tortoise_01,"A catalog card lists these properties:
- cartoon figure
- is a pet
- savanne
Which option does the card describe? Answer with only A, B, C, or D.

Options:
A. chisel
B. turtle
C. tortoise
D. saw",C
step1_tortoise_02,"Choose the option that best fits all of these clues:
- lives by the sea
- herds
- is strong
Answer with only A, B, C, or D.

Options:
A. chisel
B. tortoise
C. turtle
D. saw",C. turtle
step1_tortoise_03,"A field note says the thing has these attributes:
- is not expensive
- lives in water
- savanne
Which option is it? Answer with only A, B, C, or D.

Options:
A. tortoise
B. saw
C. turtle
D. chisel",C
step1_turtle_00,"Which option is the best match for this description?
- lives in water
- is food for larger animals
- is a freshwater fish
Answer with only A, B, C, or D.

Options:
A. tortoise
B. saw
C. chisel
D. turtle",D. turtle
step1_turtle_01,"A catalog card lists these properties:
- is not expensive
- lives in water
- is a freshwater fish
Which option does the card describe? Answer with only A, B, C, or D.

Options:
A. saw
B. turtle
C. tortoise
D. chisel",B. turtle
step1_turtle_02,"Choose the option that best fits all of these clues:
- lives by the sea
- is food for larger animals
- has bright colours
Answer with only A, B, C, or D.

Options:
A. chisel
B. tortoise
C. turtle
D. saw",C. turtle
step1_turtle_03,"A field note says the thing has these attributes:
- lives in water
- is food for larger animals
- is a freshwater fish
Which option is it? Answer with only A, B, C, or D.

Options:
A. tortoise
B. saw
C. chisel
D. turtle",D
step1_axe_00,"Which option is the best match for this description?
- is dangerous
- is slippery
- not used much
Answer with only A, B, C, or D.

Options:
A. axe
B. hammer
C. lizard
D. blindworm",B. hammer
step1_axe_01,"A catalog card lists these properties:
- has a grip made of wood
- made of synthetic material
- i never use it
Which option does the card describe? Answer with only A, B, C, or D.

Options:
A. blindworm
B. hammer
C. lizard
D. axe","Based on the given properties, the correct answer is B."
step1_axe_02,"Choose the option that best fits all of these clues:
- you can make things with it
- was used in early ages
- i never use it
Answer with only A, B, C, or D.

Options:
A. blindworm
B. axe
C. lizard
D. hammer",B. axe
step1_axe_03,"A field note says the thing has these attributes:
- was used in early ages
- has a wooden handle
- not used much
Which option is it? Answer with only A, B, C, or D.

Options:
A. blindworm
B. hammer
C. lizard
D. axe",D.
step1_chisel_00,"Which option is the best match for this description?
- you can make things with it
- consists of two parts
- i never use it
Answer with only A, B, C, or D.

Options:
A. snake
B. toad
C. hammer
D. chisel",C. hammer
step1_chisel_01,"A catalog card lists these properties:
- to manifacture wood
- used in the middle ages
- i never use it
Which option does the card describe? Answer with only A, B, C, or D.

Options:
A. toad
B. snake
C. chisel
D. hammer",C
step1_chisel_02,"Choose the option that best fits all of these clues:
- consists of two parts
- is made from a tree
- not used much
Answer with only A, B, C, or D.

Options:
A. hammer
B. snake
C. toad
D. chisel","Based on the clues, the best fit is D. ch"
step1_chisel_03,"A field note says the thing has these attributes:
- is small
- is cheap
- not used much
Which option is it? Answer with only A, B, C, or D.

Options:
A. hammer
B. snake
C. chisel
D. toad",B.
step1_hammer_00,"Which option is the best match for this description?
- is long
- used in the middle ages
- is small
Answer with only A, B, C, or D.

Options:
A. salamander
B. hammer
C. crocodile
D. axe",B. hammer
step1_hammer_01,"A catalog card lists these properties:
- was used in early ages
- has a grip made of wood
- used by mechanics
Which option does the card describe? Answer with only A, B, C, or D.

Options:
A. axe
B. hammer
C. salamander
D. crocodile",B. hammer
step1_hammer_02,"Choose the option that best fits all of these clues:
- used by farmers
- is long
- is cheap
Answer with only A, B, C, or D.

Options:
A. axe
B. crocodile
C. salamander
D. hammer","Based on the clues, the best answer is A. axe"
step1_hammer_03,"A field note says the thing has these attributes:
- is made from a tree
- used by farmers
- is cheap
Which option is it? Answer with only A, B, C, or D.

Options:
A. hammer
B. crocodile
C. axe
D. salamander",C
step1_saw_00,"Which option is the best match for this description?
- used by farmers
- consists of two parts
- used by mechanics
Answer with only A, B, C, or D.

Options:
A. tortoise
B. saw
C. toad
D. axe",B. saw
step1_saw_01,"A catalog card lists these properties:
- has a wooden handle
- is brown
- used by mechanics
Which option does the card describe? Answer with only A, B, C, or D.

Options:
A. axe
B. tortoise
C. toad
D. saw",D
step1_saw_02,"Choose the option that best fits all of these clues:
- has a wooden handle
- is made from a tree
- used by mechanics
Answer with only A, B, C, or D.

Options:
A. axe
B. toad
C. tortoise
D. saw","D. saw

The saw is the best fit for the"
step1_saw_03,"A field note says the thing has these attributes:
- made of synthetic material
- consists of two parts
- used by mechanics
Which option is it? Answer with only A, B, C, or D.

Options:
A. toad
B. tortoise
C. axe
D. saw",D
