region,arm,layer_name,n_subjects,mean_rsa_spearman,se_rsa_spearman,n_concepts,formats,best_layer,best_layer_name,best_cross_format_rdm_spearman,best_linear_cka,best_retrieval_top1,best_retrieval_top5,best_concept_minus_format_alignment,mid_layer_start,mid_layer_end,mid_cross_format_rdm_spearman,mid_linear_cka,mid_retrieval_top1,mid_retrieval_top5,mid_concept_minus_format_alignment,base_mean_rsa_spearman,mean_rsa_delta_vs_base
ATL (Semantic),base,layer_30,3,0.04810456449683,0.0207020351825352,128,"triplet,pairwise,feature_listing",3,layer_3,0.6281042769928376,0.6001794735590616,0.0182291666666666,0.1223958333333333,-0.8558664787560701,10,20,0.3229568784016629,0.3889826156876304,0.0191761363636363,0.0800189393939393,-0.967289013534107,0.04810456449683,0.0
ATL (Semantic),lowLR,layer_31,3,0.053068730966491,0.0240891432569067,128,"triplet,pairwise,feature_listing",8,layer_8,0.8734227105916541,0.9529805580774944,0.0455729166666666,0.2317708333333333,-0.9655651575885712,10,20,0.6211392833568842,0.6899302466349169,0.0729166666666666,0.3063446969696969,-0.9303763908418742,0.04810456449683,0.004964166469660997
ATL (Semantic),lowrank,layer_30,3,0.0538572237204064,0.0269402146667547,128,"triplet,pairwise,feature_listing",8,layer_8,0.8785470708437854,0.9476561546325684,0.1028645833333333,0.359375,-0.9684438789263368,10,20,0.6636738605675485,0.7466792175264069,0.0968276515151515,0.407907196969697,-0.9310713747346944,0.04810456449683,0.005752659223576394
ATL (Semantic),scrambled,layer_29,3,0.037758458452137,0.0121505767187806,128,"triplet,pairwise,feature_listing",4,layer_4,0.6796956667687993,0.440745602051417,0.1276041666666666,0.3046875,-0.875843895599246,10,20,0.3471955904669872,0.4600809758359735,0.109375,0.2666903409090909,-0.8651859365742315,0.04810456449683,-0.010346106044693
ATL (Semantic),taskvec_a0p25,layer_31,3,0.05124868269365,0.0235598405837574,128,"triplet,pairwise,feature_listing",11,layer_11,0.8239249870534996,0.8783366084098816,0.078125,0.2395833333333333,-0.913195832632482,10,20,0.676997994075692,0.7808645593397544,0.2062026515151515,0.5392992424242423,-0.8716299812394109,0.04810456449683,0.003144118196819999
ATL (Semantic),taskvec_a0p5,layer_30,3,0.0542969705102909,0.0238659724183378,128,"triplet,pairwise,feature_listing",11,layer_11,0.8064476586447115,0.901366929213206,0.2083333333333333,0.5234375,-0.8402984514832497,10,20,0.6372132719747771,0.7464240373987139,0.1577888257575757,0.4744318181818181,-0.8434505520219152,0.04810456449683,0.006192406013460897
ATL (Semantic),taskvec_a1p0,layer_30,3,0.0518157233550435,0.0215642567235154,128,"triplet,pairwise,feature_listing",7,layer_7,0.7567880709637492,0.8899276653925577,0.234375,0.58203125,-0.7158977389335632,10,20,0.4867208733837115,0.5504800514741377,0.0636837121212121,0.1896306818181818,-0.7862517591565847,0.04810456449683,0.0037111588582134994
Dorsal Visual,base,layer_26,3,0.0632177803230213,0.0191500679233691,128,"triplet,pairwise,feature_listing",3,layer_3,0.6281042769928376,0.6001794735590616,0.0182291666666666,0.1223958333333333,-0.8558664787560701,10,20,0.3229568784016629,0.3889826156876304,0.0191761363636363,0.0800189393939393,-0.967289013534107,0.0632177803230213,0.0
Dorsal Visual,lowLR,layer_30,3,0.0602702883680294,0.019945264528288,128,"triplet,pairwise,feature_listing",8,layer_8,0.8734227105916541,0.9529805580774944,0.0455729166666666,0.2317708333333333,-0.9655651575885712,10,20,0.6211392833568842,0.6899302466349169,0.0729166666666666,0.3063446969696969,-0.9303763908418742,0.0632177803230213,-0.0029474919549919085
Dorsal Visual,lowrank,layer_30,3,0.0624890468204149,0.0221153470374004,128,"triplet,pairwise,feature_listing",8,layer_8,0.8785470708437854,0.9476561546325684,0.1028645833333333,0.359375,-0.9684438789263368,10,20,0.6636738605675485,0.7466792175264069,0.0968276515151515,0.407907196969697,-0.9310713747346944,0.0632177803230213,-0.0007287335026064032
Dorsal Visual,scrambled,layer_29,3,0.0438910164226683,0.0080071013207948,128,"triplet,pairwise,feature_listing",4,layer_4,0.6796956667687993,0.440745602051417,0.1276041666666666,0.3046875,-0.875843895599246,10,20,0.3471955904669872,0.4600809758359735,0.109375,0.2666903409090909,-0.8651859365742315,0.0632177803230213,-0.019326763900353004
Dorsal Visual,taskvec_a0p25,layer_26,3,0.0586425118116345,0.020966729271812,128,"triplet,pairwise,feature_listing",11,layer_11,0.8239249870534996,0.8783366084098816,0.078125,0.2395833333333333,-0.913195832632482,10,20,0.676997994075692,0.7808645593397544,0.2062026515151515,0.5392992424242423,-0.8716299812394109,0.0632177803230213,-0.004575268511386808
Dorsal Visual,taskvec_a0p5,layer_25,3,0.0557060466426754,0.0202027847892599,128,"triplet,pairwise,feature_listing",11,layer_11,0.8064476586447115,0.901366929213206,0.2083333333333333,0.5234375,-0.8402984514832497,10,20,0.6372132719747771,0.7464240373987139,0.1577888257575757,0.4744318181818181,-0.8434505520219152,0.0632177803230213,-0.007511733680345904
Dorsal Visual,taskvec_a1p0,layer_6,3,0.0552117798052267,0.0155313607404138,128,"triplet,pairwise,feature_listing",7,layer_7,0.7567880709637492,0.8899276653925577,0.234375,0.58203125,-0.7158977389335632,10,20,0.4867208733837115,0.5504800514741377,0.0636837121212121,0.1896306818181818,-0.7862517591565847,0.0632177803230213,-0.008006000517794605
EC,base,layer_30,3,0.0085499347477167,0.0055410938098861,128,"triplet,pairwise,feature_listing",3,layer_3,0.6281042769928376,0.6001794735590616,0.0182291666666666,0.1223958333333333,-0.8558664787560701,10,20,0.3229568784016629,0.3889826156876304,0.0191761363636363,0.0800189393939393,-0.967289013534107,0.0085499347477167,0.0
EC,lowLR,layer_17,3,0.0050807296932491,0.0078320942145794,128,"triplet,pairwise,feature_listing",8,layer_8,0.8734227105916541,0.9529805580774944,0.0455729166666666,0.2317708333333333,-0.9655651575885712,10,20,0.6211392833568842,0.6899302466349169,0.0729166666666666,0.3063446969696969,-0.9303763908418742,0.0085499347477167,-0.0034692050544676
EC,lowrank,layer_30,3,0.0063581924223546,0.0091308271011584,128,"triplet,pairwise,feature_listing",8,layer_8,0.8785470708437854,0.9476561546325684,0.1028645833333333,0.359375,-0.9684438789263368,10,20,0.6636738605675485,0.7466792175264069,0.0968276515151515,0.407907196969697,-0.9310713747346944,0.0085499347477167,-0.0021917423253621
EC,scrambled,layer_2,3,0.0146300407184362,0.0038789817791904,128,"triplet,pairwise,feature_listing",4,layer_4,0.6796956667687993,0.440745602051417,0.1276041666666666,0.3046875,-0.875843895599246,10,20,0.3471955904669872,0.4600809758359735,0.109375,0.2666903409090909,-0.8651859365742315,0.0085499347477167,0.0060801059707195
EC,taskvec_a0p25,layer_30,3,0.0068998884932288,0.0075259405038307,128,"triplet,pairwise,feature_listing",11,layer_11,0.8239249870534996,0.8783366084098816,0.078125,0.2395833333333333,-0.913195832632482,10,20,0.676997994075692,0.7808645593397544,0.2062026515151515,0.5392992424242423,-0.8716299812394109,0.0085499347477167,-0.0016500462544879
EC,taskvec_a0p5,layer_30,3,0.0041146620418162,0.0091983586040509,128,"triplet,pairwise,feature_listing",11,layer_11,0.8064476586447115,0.901366929213206,0.2083333333333333,0.5234375,-0.8402984514832497,10,20,0.6372132719747771,0.7464240373987139,0.1577888257575757,0.4744318181818181,-0.8434505520219152,0.0085499347477167,-0.0044352727059005
EC,taskvec_a1p0,layer_2,3,0.0069643956678573,0.0039480501721899,128,"triplet,pairwise,feature_listing",7,layer_7,0.7567880709637492,0.8899276653925577,0.234375,0.58203125,-0.7158977389335632,10,20,0.4867208733837115,0.5504800514741377,0.0636837121212121,0.1896306818181818,-0.7862517591565847,0.0085499347477167,-0.0015855390798593999
Early Visual,base,layer_30,3,0.0678860052552323,0.0071940735895642,128,"triplet,pairwise,feature_listing",3,layer_3,0.6281042769928376,0.6001794735590616,0.0182291666666666,0.1223958333333333,-0.8558664787560701,10,20,0.3229568784016629,0.3889826156876304,0.0191761363636363,0.0800189393939393,-0.967289013534107,0.0678860052552323,0.0
Early Visual,lowLR,layer_30,3,0.0681729049290067,0.0094615759618069,128,"triplet,pairwise,feature_listing",8,layer_8,0.8734227105916541,0.9529805580774944,0.0455729166666666,0.2317708333333333,-0.9655651575885712,10,20,0.6211392833568842,0.6899302466349169,0.0729166666666666,0.3063446969696969,-0.9303763908418742,0.0678860052552323,0.00028689967377439063
Early Visual,lowrank,layer_7,3,0.0667477635531173,0.0109688766736504,128,"triplet,pairwise,feature_listing",8,layer_8,0.8785470708437854,0.9476561546325684,0.1028645833333333,0.359375,-0.9684438789263368,10,20,0.6636738605675485,0.7466792175264069,0.0968276515151515,0.407907196969697,-0.9310713747346944,0.0678860052552323,-0.0011382417021150032
Early Visual,scrambled,layer_6,3,0.0373885422245466,0.0142694665886127,128,"triplet,pairwise,feature_listing",4,layer_4,0.6796956667687993,0.440745602051417,0.1276041666666666,0.3046875,-0.875843895599246,10,20,0.3471955904669872,0.4600809758359735,0.109375,0.2666903409090909,-0.8651859365742315,0.0678860052552323,-0.030497463030685706
Early Visual,taskvec_a0p25,layer_30,3,0.0637473156778468,0.0095061623796234,128,"triplet,pairwise,feature_listing",11,layer_11,0.8239249870534996,0.8783366084098816,0.078125,0.2395833333333333,-0.913195832632482,10,20,0.676997994075692,0.7808645593397544,0.2062026515151515,0.5392992424242423,-0.8716299812394109,0.0678860052552323,-0.0041386895773855015
Early Visual,taskvec_a0p5,layer_7,3,0.0618140093343019,0.0117855676644788,128,"triplet,pairwise,feature_listing",11,layer_11,0.8064476586447115,0.901366929213206,0.2083333333333333,0.5234375,-0.8402984514832497,10,20,0.6372132719747771,0.7464240373987139,0.1577888257575757,0.4744318181818181,-0.8434505520219152,0.0678860052552323,-0.006071995920930405
Early Visual,taskvec_a1p0,layer_9,3,0.0582708955296141,0.0162620370588127,128,"triplet,pairwise,feature_listing",7,layer_7,0.7567880709637492,0.8899276653925577,0.234375,0.58203125,-0.7158977389335632,10,20,0.4867208733837115,0.5504800514741377,0.0636837121212121,0.1896306818181818,-0.7862517591565847,0.0678860052552323,-0.009615109725618208
Language,base,layer_26,3,0.0283477812212799,0.0136139105025557,128,"triplet,pairwise,feature_listing",3,layer_3,0.6281042769928376,0.6001794735590616,0.0182291666666666,0.1223958333333333,-0.8558664787560701,10,20,0.3229568784016629,0.3889826156876304,0.0191761363636363,0.0800189393939393,-0.967289013534107,0.0283477812212799,0.0
Language,lowLR,layer_32,3,0.0328728848331466,0.019038987137714,128,"triplet,pairwise,feature_listing",8,layer_8,0.8734227105916541,0.9529805580774944,0.0455729166666666,0.2317708333333333,-0.9655651575885712,10,20,0.6211392833568842,0.6899302466349169,0.0729166666666666,0.3063446969696969,-0.9303763908418742,0.0283477812212799,0.004525103611866699
Language,lowrank,layer_32,3,0.0344827978977877,0.0198075919780005,128,"triplet,pairwise,feature_listing",8,layer_8,0.8785470708437854,0.9476561546325684,0.1028645833333333,0.359375,-0.9684438789263368,10,20,0.6636738605675485,0.7466792175264069,0.0968276515151515,0.407907196969697,-0.9310713747346944,0.0283477812212799,0.006135016676507801
Language,scrambled,layer_29,3,0.0225007020095286,0.0098058432198791,128,"triplet,pairwise,feature_listing",4,layer_4,0.6796956667687993,0.440745602051417,0.1276041666666666,0.3046875,-0.875843895599246,10,20,0.3471955904669872,0.4600809758359735,0.109375,0.2666903409090909,-0.8651859365742315,0.0283477812212799,-0.005847079211751299
Language,taskvec_a0p25,layer_29,3,0.0290633002144386,0.0162648557957998,128,"triplet,pairwise,feature_listing",11,layer_11,0.8239249870534996,0.8783366084098816,0.078125,0.2395833333333333,-0.913195832632482,10,20,0.676997994075692,0.7808645593397544,0.2062026515151515,0.5392992424242423,-0.8716299812394109,0.0283477812212799,0.0007155189931586994
Language,taskvec_a0p5,layer_30,3,0.0318760024420634,0.0151791118882641,128,"triplet,pairwise,feature_listing",11,layer_11,0.8064476586447115,0.901366929213206,0.2083333333333333,0.5234375,-0.8402984514832497,10,20,0.6372132719747771,0.7464240373987139,0.1577888257575757,0.4744318181818181,-0.8434505520219152,0.0283477812212799,0.0035282212207835006
Language,taskvec_a1p0,layer_30,3,0.0315647168906605,0.0150569627292417,128,"triplet,pairwise,feature_listing",7,layer_7,0.7567880709637492,0.8899276653925577,0.234375,0.58203125,-0.7158977389335632,10,20,0.4867208733837115,0.5504800514741377,0.0636837121212121,0.1896306818181818,-0.7862517591565847,0.0283477812212799,0.0032169356693806037
PeEc,base,layer_31,3,0.0410651465720547,0.0136404724897156,128,"triplet,pairwise,feature_listing",3,layer_3,0.6281042769928376,0.6001794735590616,0.0182291666666666,0.1223958333333333,-0.8558664787560701,10,20,0.3229568784016629,0.3889826156876304,0.0191761363636363,0.0800189393939393,-0.967289013534107,0.0410651465720547,0.0
PeEc,lowLR,layer_31,3,0.0375384785197033,0.0124796895396442,128,"triplet,pairwise,feature_listing",8,layer_8,0.8734227105916541,0.9529805580774944,0.0455729166666666,0.2317708333333333,-0.9655651575885712,10,20,0.6211392833568842,0.6899302466349169,0.0729166666666666,0.3063446969696969,-0.9303763908418742,0.0410651465720547,-0.0035266680523513977
PeEc,lowrank,layer_12,3,0.0385869783565375,0.0141575688197354,128,"triplet,pairwise,feature_listing",8,layer_8,0.8785470708437854,0.9476561546325684,0.1028645833333333,0.359375,-0.9684438789263368,10,20,0.6636738605675485,0.7466792175264069,0.0968276515151515,0.407907196969697,-0.9310713747346944,0.0410651465720547,-0.002478168215517197
PeEc,scrambled,layer_1,3,0.0339147325835832,0.0029423973993198,128,"triplet,pairwise,feature_listing",4,layer_4,0.6796956667687993,0.440745602051417,0.1276041666666666,0.3046875,-0.875843895599246,10,20,0.3471955904669872,0.4600809758359735,0.109375,0.2666903409090909,-0.8651859365742315,0.0410651465720547,-0.0071504139884715
PeEc,taskvec_a0p25,layer_31,3,0.0372377044391494,0.0139015224752813,128,"triplet,pairwise,feature_listing",11,layer_11,0.8239249870534996,0.8783366084098816,0.078125,0.2395833333333333,-0.913195832632482,10,20,0.676997994075692,0.7808645593397544,0.2062026515151515,0.5392992424242423,-0.8716299812394109,0.0410651465720547,-0.0038274421329052982
PeEc,taskvec_a0p5,layer_3,3,0.0378380358561771,0.0115144583713229,128,"triplet,pairwise,feature_listing",11,layer_11,0.8064476586447115,0.901366929213206,0.2083333333333333,0.5234375,-0.8402984514832497,10,20,0.6372132719747771,0.7464240373987139,0.1577888257575757,0.4744318181818181,-0.8434505520219152,0.0410651465720547,-0.0032271107158775986
PeEc,taskvec_a1p0,layer_3,3,0.0393591139006723,0.0074209725189122,128,"triplet,pairwise,feature_listing",7,layer_7,0.7567880709637492,0.8899276653925577,0.234375,0.58203125,-0.7158977389335632,10,20,0.4867208733837115,0.5504800514741377,0.0636837121212121,0.1896306818181818,-0.7862517591565847,0.0410651465720547,-0.0017060326713823973
Prefrontal,base,layer_4,3,0.0118625288179944,0.0069935381316601,128,"triplet,pairwise,feature_listing",3,layer_3,0.6281042769928376,0.6001794735590616,0.0182291666666666,0.1223958333333333,-0.8558664787560701,10,20,0.3229568784016629,0.3889826156876304,0.0191761363636363,0.0800189393939393,-0.967289013534107,0.0118625288179944,0.0
Prefrontal,lowLR,layer_31,3,0.0135011489732217,0.0092772073012775,128,"triplet,pairwise,feature_listing",8,layer_8,0.8734227105916541,0.9529805580774944,0.0455729166666666,0.2317708333333333,-0.9655651575885712,10,20,0.6211392833568842,0.6899302466349169,0.0729166666666666,0.3063446969696969,-0.9303763908418742,0.0118625288179944,0.0016386201552273001
Prefrontal,lowrank,layer_31,3,0.0131220762498564,0.0118278367425033,128,"triplet,pairwise,feature_listing",8,layer_8,0.8785470708437854,0.9476561546325684,0.1028645833333333,0.359375,-0.9684438789263368,10,20,0.6636738605675485,0.7466792175264069,0.0968276515151515,0.407907196969697,-0.9310713747346944,0.0118625288179944,0.001259547431861999
Prefrontal,scrambled,layer_31,3,0.0128602682412417,0.006899523114395,128,"triplet,pairwise,feature_listing",4,layer_4,0.6796956667687993,0.440745602051417,0.1276041666666666,0.3046875,-0.875843895599246,10,20,0.3471955904669872,0.4600809758359735,0.109375,0.2666903409090909,-0.8651859365742315,0.0118625288179944,0.0009977394232472993
Prefrontal,taskvec_a0p25,layer_29,3,0.0146236470990912,0.0071071950482768,128,"triplet,pairwise,feature_listing",11,layer_11,0.8239249870534996,0.8783366084098816,0.078125,0.2395833333333333,-0.913195832632482,10,20,0.676997994075692,0.7808645593397544,0.2062026515151515,0.5392992424242423,-0.8716299812394109,0.0118625288179944,0.0027611182810968003
Prefrontal,taskvec_a0p5,layer_31,3,0.0182848088652303,0.0098137949767774,128,"triplet,pairwise,feature_listing",11,layer_11,0.8064476586447115,0.901366929213206,0.2083333333333333,0.5234375,-0.8402984514832497,10,20,0.6372132719747771,0.7464240373987139,0.1577888257575757,0.4744318181818181,-0.8434505520219152,0.0118625288179944,0.0064222800472359
Prefrontal,taskvec_a1p0,layer_31,3,0.0195744798817717,0.0099003094791505,128,"triplet,pairwise,feature_listing",7,layer_7,0.7567880709637492,0.8899276653925577,0.234375,0.58203125,-0.7158977389335632,10,20,0.4867208733837115,0.5504800514741377,0.0636837121212121,0.1896306818181818,-0.7862517591565847,0.0118625288179944,0.007711951063777299
TE1a,base,layer_8,3,0.0241121524269835,0.0097153866087506,128,"triplet,pairwise,feature_listing",3,layer_3,0.6281042769928376,0.6001794735590616,0.0182291666666666,0.1223958333333333,-0.8558664787560701,10,20,0.3229568784016629,0.3889826156876304,0.0191761363636363,0.0800189393939393,-0.967289013534107,0.0241121524269835,0.0
TE1a,lowLR,layer_16,3,0.0213392617842123,0.0144856021687988,128,"triplet,pairwise,feature_listing",8,layer_8,0.8734227105916541,0.9529805580774944,0.0455729166666666,0.2317708333333333,-0.9655651575885712,10,20,0.6211392833568842,0.6899302466349169,0.0729166666666666,0.3063446969696969,-0.9303763908418742,0.0241121524269835,-0.0027728906427711975
TE1a,lowrank,layer_16,3,0.0213121005769112,0.0149555916873443,128,"triplet,pairwise,feature_listing",8,layer_8,0.8785470708437854,0.9476561546325684,0.1028645833333333,0.359375,-0.9684438789263368,10,20,0.6636738605675485,0.7466792175264069,0.0968276515151515,0.407907196969697,-0.9310713747346944,0.0241121524269835,-0.0028000518500722986
TE1a,scrambled,layer_32,3,0.0186988222743578,0.0173314299042042,128,"triplet,pairwise,feature_listing",4,layer_4,0.6796956667687993,0.440745602051417,0.1276041666666666,0.3046875,-0.875843895599246,10,20,0.3471955904669872,0.4600809758359735,0.109375,0.2666903409090909,-0.8651859365742315,0.0241121524269835,-0.005413330152625698
TE1a,taskvec_a0p25,layer_15,3,0.0206326524635577,0.0113129661381733,128,"triplet,pairwise,feature_listing",11,layer_11,0.8239249870534996,0.8783366084098816,0.078125,0.2395833333333333,-0.913195832632482,10,20,0.676997994075692,0.7808645593397544,0.2062026515151515,0.5392992424242423,-0.8716299812394109,0.0241121524269835,-0.003479499963425798
TE1a,taskvec_a0p5,layer_31,3,0.0258784972113855,0.0129601577989293,128,"triplet,pairwise,feature_listing",11,layer_11,0.8064476586447115,0.901366929213206,0.2083333333333333,0.5234375,-0.8402984514832497,10,20,0.6372132719747771,0.7464240373987139,0.1577888257575757,0.4744318181818181,-0.8434505520219152,0.0241121524269835,0.0017663447844020012
TE1a,taskvec_a1p0,layer_32,3,0.0331178134052474,0.01636206426915,128,"triplet,pairwise,feature_listing",7,layer_7,0.7567880709637492,0.8899276653925577,0.234375,0.58203125,-0.7158977389335632,10,20,0.4867208733837115,0.5504800514741377,0.0636837121212121,0.1896306818181818,-0.7862517591565847,0.0241121524269835,0.009005660978263903
TE1m,base,layer_3,3,0.017054106256819,0.0056078290100396,128,"triplet,pairwise,feature_listing",3,layer_3,0.6281042769928376,0.6001794735590616,0.0182291666666666,0.1223958333333333,-0.8558664787560701,10,20,0.3229568784016629,0.3889826156876304,0.0191761363636363,0.0800189393939393,-0.967289013534107,0.017054106256819,0.0
TE1m,lowLR,layer_31,3,0.0166918327088184,0.0053702009499503,128,"triplet,pairwise,feature_listing",8,layer_8,0.8734227105916541,0.9529805580774944,0.0455729166666666,0.2317708333333333,-0.9655651575885712,10,20,0.6211392833568842,0.6899302466349169,0.0729166666666666,0.3063446969696969,-0.9303763908418742,0.017054106256819,-0.0003622735480005995
TE1m,lowrank,layer_4,3,0.0196953935211717,0.0048809699092635,128,"triplet,pairwise,feature_listing",8,layer_8,0.8785470708437854,0.9476561546325684,0.1028645833333333,0.359375,-0.9684438789263368,10,20,0.6636738605675485,0.7466792175264069,0.0968276515151515,0.407907196969697,-0.9310713747346944,0.017054106256819,0.002641287264352702
TE1m,scrambled,layer_3,3,0.0146694372367099,0.0115159120313688,128,"triplet,pairwise,feature_listing",4,layer_4,0.6796956667687993,0.440745602051417,0.1276041666666666,0.3046875,-0.875843895599246,10,20,0.3471955904669872,0.4600809758359735,0.109375,0.2666903409090909,-0.8651859365742315,0.017054106256819,-0.002384669020109099
TE1m,taskvec_a0p25,layer_4,3,0.0181018051010814,0.0044366051949116,128,"triplet,pairwise,feature_listing",11,layer_11,0.8239249870534996,0.8783366084098816,0.078125,0.2395833333333333,-0.913195832632482,10,20,0.676997994075692,0.7808645593397544,0.2062026515151515,0.5392992424242423,-0.8716299812394109,0.017054106256819,0.0010476988442623993
TE1m,taskvec_a0p5,layer_4,3,0.0197433195767155,0.0029649071468952,128,"triplet,pairwise,feature_listing",11,layer_11,0.8064476586447115,0.901366929213206,0.2083333333333333,0.5234375,-0.8402984514832497,10,20,0.6372132719747771,0.7464240373987139,0.1577888257575757,0.4744318181818181,-0.8434505520219152,0.017054106256819,0.002689213319896501
TE1m,taskvec_a1p0,layer_4,3,0.016834616857616,0.0027083156923947,128,"triplet,pairwise,feature_listing",7,layer_7,0.7567880709637492,0.8899276653925577,0.234375,0.58203125,-0.7158977389335632,10,20,0.4867208733837115,0.5504800514741377,0.0636837121212121,0.1896306818181818,-0.7862517591565847,0.017054106256819,-0.0002194893992030003
TE1p,base,layer_4,3,0.0257784455555215,0.0041976661435213,128,"triplet,pairwise,feature_listing",3,layer_3,0.6281042769928376,0.6001794735590616,0.0182291666666666,0.1223958333333333,-0.8558664787560701,10,20,0.3229568784016629,0.3889826156876304,0.0191761363636363,0.0800189393939393,-0.967289013534107,0.0257784455555215,0.0
TE1p,lowLR,layer_3,3,0.0265720714738199,0.0033655912504759,128,"triplet,pairwise,feature_listing",8,layer_8,0.8734227105916541,0.9529805580774944,0.0455729166666666,0.2317708333333333,-0.9655651575885712,10,20,0.6211392833568842,0.6899302466349169,0.0729166666666666,0.3063446969696969,-0.9303763908418742,0.0257784455555215,0.0007936259182983983
TE1p,lowrank,layer_4,3,0.0239611879921079,0.004774398332681,128,"triplet,pairwise,feature_listing",8,layer_8,0.8785470708437854,0.9476561546325684,0.1028645833333333,0.359375,-0.9684438789263368,10,20,0.6636738605675485,0.7466792175264069,0.0968276515151515,0.407907196969697,-0.9310713747346944,0.0257784455555215,-0.0018172575634135997
TE1p,scrambled,layer_3,3,0.0267583374894318,0.0033129695149076,128,"triplet,pairwise,feature_listing",4,layer_4,0.6796956667687993,0.440745602051417,0.1276041666666666,0.3046875,-0.875843895599246,10,20,0.3471955904669872,0.4600809758359735,0.109375,0.2666903409090909,-0.8651859365742315,0.0257784455555215,0.0009798919339102999
TE1p,taskvec_a0p25,layer_4,3,0.0249904044184533,0.003709384621229,128,"triplet,pairwise,feature_listing",11,layer_11,0.8239249870534996,0.8783366084098816,0.078125,0.2395833333333333,-0.913195832632482,10,20,0.676997994075692,0.7808645593397544,0.2062026515151515,0.5392992424242423,-0.8716299812394109,0.0257784455555215,-0.0007880411370682003
TE1p,taskvec_a0p5,layer_4,3,0.0256848849033605,0.0029432164052368,128,"triplet,pairwise,feature_listing",11,layer_11,0.8064476586447115,0.901366929213206,0.2083333333333333,0.5234375,-0.8402984514832497,10,20,0.6372132719747771,0.7464240373987139,0.1577888257575757,0.4744318181818181,-0.8434505520219152,0.0257784455555215,-9.356065216100176e-05
TE1p,taskvec_a1p0,layer_31,3,0.0241282427015064,0.0064321897240856,128,"triplet,pairwise,feature_listing",7,layer_7,0.7567880709637492,0.8899276653925577,0.234375,0.58203125,-0.7158977389335632,10,20,0.4867208733837115,0.5504800514741377,0.0636837121212121,0.1896306818181818,-0.7862517591565847,0.0257784455555215,-0.0016502028540151016
TE2a,base,layer_25,3,0.0137458066250271,0.0080473500968742,128,"triplet,pairwise,feature_listing",3,layer_3,0.6281042769928376,0.6001794735590616,0.0182291666666666,0.1223958333333333,-0.8558664787560701,10,20,0.3229568784016629,0.3889826156876304,0.0191761363636363,0.0800189393939393,-0.967289013534107,0.0137458066250271,0.0
TE2a,lowLR,layer_22,3,0.0148762511028101,0.0119644256858265,128,"triplet,pairwise,feature_listing",8,layer_8,0.8734227105916541,0.9529805580774944,0.0455729166666666,0.2317708333333333,-0.9655651575885712,10,20,0.6211392833568842,0.6899302466349169,0.0729166666666666,0.3063446969696969,-0.9303763908418742,0.0137458066250271,0.0011304444777830002
TE2a,lowrank,layer_22,3,0.0150555260547575,0.0115517019418419,128,"triplet,pairwise,feature_listing",8,layer_8,0.8785470708437854,0.9476561546325684,0.1028645833333333,0.359375,-0.9684438789263368,10,20,0.6636738605675485,0.7466792175264069,0.0968276515151515,0.407907196969697,-0.9310713747346944,0.0137458066250271,0.0013097194297303997
TE2a,scrambled,layer_17,3,0.0014017145224828,0.0100929102288592,128,"triplet,pairwise,feature_listing",4,layer_4,0.6796956667687993,0.440745602051417,0.1276041666666666,0.3046875,-0.875843895599246,10,20,0.3471955904669872,0.4600809758359735,0.109375,0.2666903409090909,-0.8651859365742315,0.0137458066250271,-0.0123440921025443
TE2a,taskvec_a0p25,layer_25,3,0.0152097528656286,0.0091545262356523,128,"triplet,pairwise,feature_listing",11,layer_11,0.8239249870534996,0.8783366084098816,0.078125,0.2395833333333333,-0.913195832632482,10,20,0.676997994075692,0.7808645593397544,0.2062026515151515,0.5392992424242423,-0.8716299812394109,0.0137458066250271,0.0014639462406014995
TE2a,taskvec_a0p5,layer_25,3,0.0170987257273558,0.0104231661993458,128,"triplet,pairwise,feature_listing",11,layer_11,0.8064476586447115,0.901366929213206,0.2083333333333333,0.5234375,-0.8402984514832497,10,20,0.6372132719747771,0.7464240373987139,0.1577888257575757,0.4744318181818181,-0.8434505520219152,0.0137458066250271,0.0033529191023286987
TE2a,taskvec_a1p0,layer_24,3,0.0145761171811983,0.0131214541627766,128,"triplet,pairwise,feature_listing",7,layer_7,0.7567880709637492,0.8899276653925577,0.234375,0.58203125,-0.7158977389335632,10,20,0.4867208733837115,0.5504800514741377,0.0636837121212121,0.1896306818181818,-0.7862517591565847,0.0137458066250271,0.0008303105561712001
TE2p,base,layer_30,3,0.0947403041329567,0.0378895638928913,128,"triplet,pairwise,feature_listing",3,layer_3,0.6281042769928376,0.6001794735590616,0.0182291666666666,0.1223958333333333,-0.8558664787560701,10,20,0.3229568784016629,0.3889826156876304,0.0191761363636363,0.0800189393939393,-0.967289013534107,0.0947403041329567,0.0
TE2p,lowLR,layer_30,3,0.0933683077798365,0.0398429883233652,128,"triplet,pairwise,feature_listing",8,layer_8,0.8734227105916541,0.9529805580774944,0.0455729166666666,0.2317708333333333,-0.9655651575885712,10,20,0.6211392833568842,0.6899302466349169,0.0729166666666666,0.3063446969696969,-0.9303763908418742,0.0947403041329567,-0.0013719963531202
TE2p,lowrank,layer_30,3,0.092684998912175,0.0448392410126539,128,"triplet,pairwise,feature_listing",8,layer_8,0.8785470708437854,0.9476561546325684,0.1028645833333333,0.359375,-0.9684438789263368,10,20,0.6636738605675485,0.7466792175264069,0.0968276515151515,0.407907196969697,-0.9310713747346944,0.0947403041329567,-0.002055305220781692
TE2p,scrambled,layer_28,3,0.0624259594399889,0.0117953771454441,128,"triplet,pairwise,feature_listing",4,layer_4,0.6796956667687993,0.440745602051417,0.1276041666666666,0.3046875,-0.875843895599246,10,20,0.3471955904669872,0.4600809758359735,0.109375,0.2666903409090909,-0.8651859365742315,0.0947403041329567,-0.032314344692967796
TE2p,taskvec_a0p25,layer_6,3,0.0897894465060569,0.028972977038457,128,"triplet,pairwise,feature_listing",11,layer_11,0.8239249870534996,0.8783366084098816,0.078125,0.2395833333333333,-0.913195832632482,10,20,0.676997994075692,0.7808645593397544,0.2062026515151515,0.5392992424242423,-0.8716299812394109,0.0947403041329567,-0.004950857626899799
TE2p,taskvec_a0p5,layer_6,3,0.0930539064893712,0.0276090563090338,128,"triplet,pairwise,feature_listing",11,layer_11,0.8064476586447115,0.901366929213206,0.2083333333333333,0.5234375,-0.8402984514832497,10,20,0.6372132719747771,0.7464240373987139,0.1577888257575757,0.4744318181818181,-0.8434505520219152,0.0947403041329567,-0.0016863976435854966
TE2p,taskvec_a1p0,layer_6,3,0.0902510032203133,0.0233947280493931,128,"triplet,pairwise,feature_listing",7,layer_7,0.7567880709637492,0.8899276653925577,0.234375,0.58203125,-0.7158977389335632,10,20,0.4867208733837115,0.5504800514741377,0.0636837121212121,0.1896306818181818,-0.7862517591565847,0.0947403041329567,-0.004489300912643393
TF,base,layer_30,3,0.0667630324117503,0.0217436897450185,128,"triplet,pairwise,feature_listing",3,layer_3,0.6281042769928376,0.6001794735590616,0.0182291666666666,0.1223958333333333,-0.8558664787560701,10,20,0.3229568784016629,0.3889826156876304,0.0191761363636363,0.0800189393939393,-0.967289013534107,0.0667630324117503,0.0
TF,lowLR,layer_30,3,0.0728733391772541,0.0246952402672635,128,"triplet,pairwise,feature_listing",8,layer_8,0.8734227105916541,0.9529805580774944,0.0455729166666666,0.2317708333333333,-0.9655651575885712,10,20,0.6211392833568842,0.6899302466349169,0.0729166666666666,0.3063446969696969,-0.9303763908418742,0.0667630324117503,0.006110306765503795
TF,lowrank,layer_30,3,0.0740986370160586,0.0250756260321223,128,"triplet,pairwise,feature_listing",8,layer_8,0.8785470708437854,0.9476561546325684,0.1028645833333333,0.359375,-0.9684438789263368,10,20,0.6636738605675485,0.7466792175264069,0.0968276515151515,0.407907196969697,-0.9310713747346944,0.0667630324117503,0.007335604604308293
TF,scrambled,layer_6,3,0.0583442375950243,0.0166349854385712,128,"triplet,pairwise,feature_listing",4,layer_4,0.6796956667687993,0.440745602051417,0.1276041666666666,0.3046875,-0.875843895599246,10,20,0.3471955904669872,0.4600809758359735,0.109375,0.2666903409090909,-0.8651859365742315,0.0667630324117503,-0.008418794816726
TF,taskvec_a0p25,layer_30,3,0.0681598639554963,0.0213189988911319,128,"triplet,pairwise,feature_listing",11,layer_11,0.8239249870534996,0.8783366084098816,0.078125,0.2395833333333333,-0.913195832632482,10,20,0.676997994075692,0.7808645593397544,0.2062026515151515,0.5392992424242423,-0.8716299812394109,0.0667630324117503,0.0013968315437459938
TF,taskvec_a0p5,layer_6,3,0.0710695514770301,0.0247166491312681,128,"triplet,pairwise,feature_listing",11,layer_11,0.8064476586447115,0.901366929213206,0.2083333333333333,0.5234375,-0.8402984514832497,10,20,0.6372132719747771,0.7464240373987139,0.1577888257575757,0.4744318181818181,-0.8434505520219152,0.0667630324117503,0.004306519065279804
TF,taskvec_a1p0,layer_6,3,0.067623412069664,0.0234960526772242,128,"triplet,pairwise,feature_listing",7,layer_7,0.7567880709637492,0.8899276653925577,0.234375,0.58203125,-0.7158977389335632,10,20,0.4867208733837115,0.5504800514741377,0.0636837121212121,0.1896306818181818,-0.7862517591565847,0.0667630324117503,0.0008603796579137041
TGd,base,layer_24,3,0.0144121422209907,0.0159291412258657,128,"triplet,pairwise,feature_listing",3,layer_3,0.6281042769928376,0.6001794735590616,0.0182291666666666,0.1223958333333333,-0.8558664787560701,10,20,0.3229568784016629,0.3889826156876304,0.0191761363636363,0.0800189393939393,-0.967289013534107,0.0144121422209907,0.0
TGd,lowLR,layer_29,3,0.0180723134562039,0.0211464124149883,128,"triplet,pairwise,feature_listing",8,layer_8,0.8734227105916541,0.9529805580774944,0.0455729166666666,0.2317708333333333,-0.9655651575885712,10,20,0.6211392833568842,0.6899302466349169,0.0729166666666666,0.3063446969696969,-0.9303763908418742,0.0144121422209907,0.0036601712352132
TGd,lowrank,layer_29,3,0.0201500581127769,0.0251142580531274,128,"triplet,pairwise,feature_listing",8,layer_8,0.8785470708437854,0.9476561546325684,0.1028645833333333,0.359375,-0.9684438789263368,10,20,0.6636738605675485,0.7466792175264069,0.0968276515151515,0.407907196969697,-0.9310713747346944,0.0144121422209907,0.0057379158917862
TGd,scrambled,layer_29,3,0.0184672621337848,0.0259213188235462,128,"triplet,pairwise,feature_listing",4,layer_4,0.6796956667687993,0.440745602051417,0.1276041666666666,0.3046875,-0.875843895599246,10,20,0.3471955904669872,0.4600809758359735,0.109375,0.2666903409090909,-0.8651859365742315,0.0144121422209907,0.0040551199127941
TGd,taskvec_a0p25,layer_29,3,0.0182914615742901,0.0216895975815231,128,"triplet,pairwise,feature_listing",11,layer_11,0.8239249870534996,0.8783366084098816,0.078125,0.2395833333333333,-0.913195832632482,10,20,0.676997994075692,0.7808645593397544,0.2062026515151515,0.5392992424242423,-0.8716299812394109,0.0144121422209907,0.0038793193532993993
TGd,taskvec_a0p5,layer_29,3,0.0224456304078443,0.0262175390739524,128,"triplet,pairwise,feature_listing",11,layer_11,0.8064476586447115,0.901366929213206,0.2083333333333333,0.5234375,-0.8402984514832497,10,20,0.6372132719747771,0.7464240373987139,0.1577888257575757,0.4744318181818181,-0.8434505520219152,0.0144121422209907,0.0080334881868536
TGd,taskvec_a1p0,layer_29,3,0.0269256696570781,0.0292151417232806,128,"triplet,pairwise,feature_listing",7,layer_7,0.7567880709637492,0.8899276653925577,0.234375,0.58203125,-0.7158977389335632,10,20,0.4867208733837115,0.5504800514741377,0.0636837121212121,0.1896306818181818,-0.7862517591565847,0.0144121422209907,0.012513527436087399
TGv,base,layer_31,3,0.0234108626334893,0.0133781091010551,128,"triplet,pairwise,feature_listing",3,layer_3,0.6281042769928376,0.6001794735590616,0.0182291666666666,0.1223958333333333,-0.8558664787560701,10,20,0.3229568784016629,0.3889826156876304,0.0191761363636363,0.0800189393939393,-0.967289013534107,0.0234108626334893,0.0
TGv,lowLR,layer_31,3,0.0253559244022986,0.0113798972298507,128,"triplet,pairwise,feature_listing",8,layer_8,0.8734227105916541,0.9529805580774944,0.0455729166666666,0.2317708333333333,-0.9655651575885712,10,20,0.6211392833568842,0.6899302466349169,0.0729166666666666,0.3063446969696969,-0.9303763908418742,0.0234108626334893,0.0019450617688092989
TGv,lowrank,layer_31,3,0.0263220800358913,0.0121508063321904,128,"triplet,pairwise,feature_listing",8,layer_8,0.8785470708437854,0.9476561546325684,0.1028645833333333,0.359375,-0.9684438789263368,10,20,0.6636738605675485,0.7466792175264069,0.0968276515151515,0.407907196969697,-0.9310713747346944,0.0234108626334893,0.0029112174024020013
TGv,scrambled,layer_15,3,0.0288936543588273,0.0084626723220848,128,"triplet,pairwise,feature_listing",4,layer_4,0.6796956667687993,0.440745602051417,0.1276041666666666,0.3046875,-0.875843895599246,10,20,0.3471955904669872,0.4600809758359735,0.109375,0.2666903409090909,-0.8651859365742315,0.0234108626334893,0.005482791725337999
TGv,taskvec_a0p25,layer_31,3,0.0233123535608011,0.0135019970499317,128,"triplet,pairwise,feature_listing",11,layer_11,0.8239249870534996,0.8783366084098816,0.078125,0.2395833333333333,-0.913195832632482,10,20,0.676997994075692,0.7808645593397544,0.2062026515151515,0.5392992424242423,-0.8716299812394109,0.0234108626334893,-9.85090726881993e-05
TGv,taskvec_a0p5,layer_32,3,0.0254376644364696,0.0116027963775187,128,"triplet,pairwise,feature_listing",11,layer_11,0.8064476586447115,0.901366929213206,0.2083333333333333,0.5234375,-0.8402984514832497,10,20,0.6372132719747771,0.7464240373987139,0.1577888257575757,0.4744318181818181,-0.8434505520219152,0.0234108626334893,0.0020268018029802985
TGv,taskvec_a1p0,layer_31,3,0.030637037044841,0.0112858588589982,128,"triplet,pairwise,feature_listing",7,layer_7,0.7567880709637492,0.8899276653925577,0.234375,0.58203125,-0.7158977389335632,10,20,0.4867208733837115,0.5504800514741377,0.0636837121212121,0.1896306818181818,-0.7862517591565847,0.0234108626334893,0.007226174411351701
Ventral Visual,base,layer_31,3,0.1990089330864685,0.0274511696949653,128,"triplet,pairwise,feature_listing",3,layer_3,0.6281042769928376,0.6001794735590616,0.0182291666666666,0.1223958333333333,-0.8558664787560701,10,20,0.3229568784016629,0.3889826156876304,0.0191761363636363,0.0800189393939393,-0.967289013534107,0.1990089330864685,0.0
Ventral Visual,lowLR,layer_6,3,0.2009579233552263,0.0224152904084117,128,"triplet,pairwise,feature_listing",8,layer_8,0.8734227105916541,0.9529805580774944,0.0455729166666666,0.2317708333333333,-0.9655651575885712,10,20,0.6211392833568842,0.6899302466349169,0.0729166666666666,0.3063446969696969,-0.9303763908418742,0.1990089330864685,0.0019489902687578053
Ventral Visual,lowrank,layer_6,3,0.2013312707625171,0.0232713922569594,128,"triplet,pairwise,feature_listing",8,layer_8,0.8785470708437854,0.9476561546325684,0.1028645833333333,0.359375,-0.9684438789263368,10,20,0.6636738605675485,0.7466792175264069,0.0968276515151515,0.407907196969697,-0.9310713747346944,0.1990089330864685,0.0023223376760486136
Ventral Visual,scrambled,layer_7,3,0.129325698693557,0.014256521032381,128,"triplet,pairwise,feature_listing",4,layer_4,0.6796956667687993,0.440745602051417,0.1276041666666666,0.3046875,-0.875843895599246,10,20,0.3471955904669872,0.4600809758359735,0.109375,0.2666903409090909,-0.8651859365742315,0.1990089330864685,-0.06968323439291149
Ventral Visual,taskvec_a0p25,layer_6,3,0.1967711046721744,0.0226705243375849,128,"triplet,pairwise,feature_listing",11,layer_11,0.8239249870534996,0.8783366084098816,0.078125,0.2395833333333333,-0.913195832632482,10,20,0.676997994075692,0.7808645593397544,0.2062026515151515,0.5392992424242423,-0.8716299812394109,0.1990089330864685,-0.0022378284142940963
Ventral Visual,taskvec_a0p5,layer_6,3,0.1972905326016109,0.0246483954294921,128,"triplet,pairwise,feature_listing",11,layer_11,0.8064476586447115,0.901366929213206,0.2083333333333333,0.5234375,-0.8402984514832497,10,20,0.6372132719747771,0.7464240373987139,0.1577888257575757,0.4744318181818181,-0.8434505520219152,0.1990089330864685,-0.0017184004848576073
Ventral Visual,taskvec_a1p0,layer_7,3,0.1855683715674628,0.0244490680018404,128,"triplet,pairwise,feature_listing",7,layer_7,0.7567880709637492,0.8899276653925577,0.234375,0.58203125,-0.7158977389335632,10,20,0.4867208733837115,0.5504800514741377,0.0636837121212121,0.1896306818181818,-0.7862517591565847,0.1990089330864685,-0.01344056151900569
