amphibious,Alligator
amphibious,Anvil
amphibious,Axe
amphibious,Blindworm
amphibious,Boa python
amphibious,Caiman
amphibious,Chameleon
amphibious,Chisel
amphibious,Cobra
amphibious,Crocodile
amphibious,Dinosaur
amphibious,Gecko
amphibious,Grinding disk
amphibious,Hammer
amphibious,Knife
amphibious,Lawn Mower
amphibious,Lizard
amphibious,Nail
amphibious,Oil can
amphibious,Paint brush
amphibious,Salamander
amphibious,Saw
amphibious,Screwdriver
amphibious,Shovel
amphibious,Snake
amphibious,Spanner
amphibious,Toad
amphibious,Tortoise
amphibious,Turtle
amphibious,Vacuum
angle,Alligator
angle,Anvil
angle,Axe
angle,Blindworm
angle,Boa python
angle,Caiman
angle,Chameleon
angle,Chisel
angle,Cobra
angle,Crocodile
angle,Dinosaur
angle,Gecko
angle,Grinding disk
angle,Hammer
angle,Knife
angle,Lawn Mower
angle,Lizard
angle,Nail
angle,Oil can
angle,Paint brush
angle,Salamander
angle,Saw
angle,Screwdriver
angle,Shovel
angle,Snake
angle,Spanner
angle,Toad
angle,Tortoise
angle,Turtle
angle,Vacuum
aquatic,Alligator
aquatic,Anvil
aquatic,Axe
aquatic,Blindworm
aquatic,Boa python
aquatic,Caiman
aquatic,Chameleon
aquatic,Chisel
aquatic,Cobra
aquatic,Crocodile
aquatic,Dinosaur
aquatic,Gecko
aquatic,Grinding disk
aquatic,Hammer
aquatic,Knife
aquatic,Lawn Mower
aquatic,Lizard
aquatic,Nail
aquatic,Oil can
aquatic,Paint brush
aquatic,Salamander
aquatic,Saw
aquatic,Screwdriver
aquatic,Shovel
aquatic,Snake
aquatic,Spanner
aquatic,Toad
aquatic,Tortoise
aquatic,Turtle
aquatic,Vacuum
balance point,Alligator
balance point,Anvil
balance point,Axe
balance point,Blindworm
balance point,Boa python
balance point,Caiman
balance point,Chameleon
balance point,Chisel
balance point,Cobra
balance point,Crocodile
balance point,Dinosaur
balance point,Gecko
balance point,Grinding disk
balance point,Hammer
balance point,Knife
balance point,Lawn Mower
balance point,Lizard
balance point,Nail
balance point,Oil can
balance point,Paint brush
balance point,Salamander
balance point,Saw
balance point,Screwdriver
balance point,Shovel
balance point,Snake
balance point,Spanner
balance point,Toad
balance point,Tortoise
balance point,Turtle
balance point,Vacuum
bipedal locomotion,Alligator
bipedal locomotion,Anvil
bipedal locomotion,Axe
bipedal locomotion,Blindworm
bipedal locomotion,Boa python
bipedal locomotion,Caiman
bipedal locomotion,Chameleon
bipedal locomotion,Chisel
bipedal locomotion,Cobra
bipedal locomotion,Crocodile
bipedal locomotion,Dinosaur
bipedal locomotion,Gecko
bipedal locomotion,Grinding disk
bipedal locomotion,Hammer
bipedal locomotion,Knife
bipedal locomotion,Lawn Mower
bipedal locomotion,Lizard
bipedal locomotion,Nail
bipedal locomotion,Oil can
bipedal locomotion,Paint brush
bipedal locomotion,Salamander
bipedal locomotion,Saw
bipedal locomotion,Screwdriver
bipedal locomotion,Shovel
bipedal locomotion,Snake
bipedal locomotion,Spanner
bipedal locomotion,Toad
bipedal locomotion,Tortoise
bipedal locomotion,Turtle
bipedal locomotion,Vacuum
blade,Alligator
blade,Anvil
blade,Axe
blade,Blindworm
blade,Boa python
blade,Caiman
blade,Chameleon
blade,Chisel
blade,Cobra
blade,Crocodile
blade,Dinosaur
blade,Gecko
blade,Grinding disk
blade,Hammer
blade,Knife
blade,Lawn Mower
blade,Lizard
blade,Nail
blade,Oil can
blade,Paint brush
blade,Salamander
blade,Saw
blade,Screwdriver
blade,Shovel
blade,Snake
blade,Spanner
blade,Toad
blade,Tortoise
blade,Turtle
blade,Vacuum
blade material,Alligator
blade material,Anvil
blade material,Axe
blade material,Blindworm
blade material,Boa python
blade material,Caiman
blade material,Chameleon
blade material,Chisel
blade material,Cobra
blade material,Crocodile
blade material,Dinosaur
blade material,Gecko
blade material,Grinding disk
blade material,Hammer
blade material,Knife
blade material,Lawn Mower
blade material,Lizard
blade material,Nail
blade material,Oil can
blade material,Paint brush
blade material,Salamander
blade material,Saw
blade material,Screwdriver
blade material,Shovel
blade material,Snake
blade material,Spanner
blade material,Toad
blade material,Tortoise
blade material,Turtle
blade material,Vacuum
brand,Alligator
brand,Anvil
brand,Axe
brand,Blindworm
brand,Boa python
brand,Caiman
brand,Chameleon
brand,Chisel
brand,Cobra
brand,Crocodile
brand,Dinosaur
brand,Gecko
brand,Grinding disk
brand,Hammer
brand,Knife
brand,Lawn Mower
brand,Lizard
brand,Nail
brand,Oil can
brand,Paint brush
brand,Salamander
brand,Saw
brand,Screwdriver
brand,Shovel
brand,Snake
brand,Spanner
brand,Toad
brand,Tortoise
brand,Turtle
brand,Vacuum
camouflage,Alligator
camouflage,Anvil
camouflage,Axe
camouflage,Blindworm
camouflage,Boa python
camouflage,Caiman
camouflage,Chameleon
camouflage,Chisel
camouflage,Cobra
camouflage,Crocodile
camouflage,Dinosaur
camouflage,Gecko
camouflage,Grinding disk
camouflage,Hammer
camouflage,Knife
camouflage,Lawn Mower
camouflage,Lizard
camouflage,Nail
camouflage,Oil can
camouflage,Paint brush
camouflage,Salamander
camouflage,Saw
camouflage,Screwdriver
camouflage,Shovel
camouflage,Snake
camouflage,Spanner
camouflage,Toad
camouflage,Tortoise
camouflage,Turtle
camouflage,Vacuum
camouflage coloration,Alligator
camouflage coloration,Anvil
camouflage coloration,Axe
camouflage coloration,Blindworm
camouflage coloration,Boa python
camouflage coloration,Caiman
camouflage coloration,Chameleon
camouflage coloration,Chisel
camouflage coloration,Cobra
camouflage coloration,Crocodile
camouflage coloration,Dinosaur
camouflage coloration,Gecko
camouflage coloration,Grinding disk
camouflage coloration,Hammer
camouflage coloration,Knife
camouflage coloration,Lawn Mower
camouflage coloration,Lizard
camouflage coloration,Nail
camouflage coloration,Oil can
camouflage coloration,Paint brush
camouflage coloration,Salamander
camouflage coloration,Saw
camouflage coloration,Screwdriver
camouflage coloration,Shovel
camouflage coloration,Snake
camouflage coloration,Spanner
camouflage coloration,Toad
camouflage coloration,Tortoise
camouflage coloration,Turtle
camouflage coloration,Vacuum
camouflaged coloring,Alligator
camouflaged coloring,Anvil
camouflaged coloring,Axe
camouflaged coloring,Blindworm
camouflaged coloring,Boa python
camouflaged coloring,Caiman
camouflaged coloring,Chameleon
camouflaged coloring,Chisel
camouflaged coloring,Cobra
camouflaged coloring,Crocodile
camouflaged coloring,Dinosaur
camouflaged coloring,Gecko
camouflaged coloring,Grinding disk
camouflaged coloring,Hammer
camouflaged coloring,Knife
camouflaged coloring,Lawn Mower
camouflaged coloring,Lizard
camouflaged coloring,Nail
camouflaged coloring,Oil can
camouflaged coloring,Paint brush
camouflaged coloring,Salamander
camouflaged coloring,Saw
camouflaged coloring,Screwdriver
camouflaged coloring,Shovel
camouflaged coloring,Snake
camouflaged coloring,Spanner
camouflaged coloring,Toad
camouflaged coloring,Tortoise
camouflaged coloring,Turtle
camouflaged coloring,Vacuum
can regenerate limbs,Alligator
can regenerate limbs,Anvil
can regenerate limbs,Axe
can regenerate limbs,Blindworm
can regenerate limbs,Boa python
can regenerate limbs,Caiman
can regenerate limbs,Chameleon
can regenerate limbs,Chisel
can regenerate limbs,Cobra
can regenerate limbs,Crocodile
can regenerate limbs,Dinosaur
can regenerate limbs,Gecko
can regenerate limbs,Grinding disk
can regenerate limbs,Hammer
can regenerate limbs,Knife
can regenerate limbs,Lawn Mower
can regenerate limbs,Lizard
can regenerate limbs,Nail
can regenerate limbs,Oil can
can regenerate limbs,Paint brush
can regenerate limbs,Salamander
can regenerate limbs,Saw
can regenerate limbs,Screwdriver
can regenerate limbs,Shovel
can regenerate limbs,Snake
can regenerate limbs,Spanner
can regenerate limbs,Toad
can regenerate limbs,Tortoise
can regenerate limbs,Turtle
can regenerate limbs,Vacuum
carnivore,Alligator
carnivore,Anvil
carnivore,Axe
carnivore,Blindworm
carnivore,Boa python
carnivore,Caiman
carnivore,Chameleon
carnivore,Chisel
carnivore,Cobra
carnivore,Crocodile
carnivore,Dinosaur
carnivore,Gecko
carnivore,Grinding disk
carnivore,Hammer
carnivore,Knife
carnivore,Lawn Mower
carnivore,Lizard
carnivore,Nail
carnivore,Oil can
carnivore,Paint brush
carnivore,Salamander
carnivore,Saw
carnivore,Screwdriver
carnivore,Shovel
carnivore,Snake
carnivore,Spanner
carnivore,Toad
carnivore,Tortoise
carnivore,Turtle
carnivore,Vacuum
carnivorous,Alligator
carnivorous,Anvil
carnivorous,Axe
carnivorous,Blindworm
carnivorous,Boa python
carnivorous,Caiman
carnivorous,Chameleon
carnivorous,Chisel
carnivorous,Cobra
carnivorous,Crocodile
carnivorous,Dinosaur
carnivorous,Gecko
carnivorous,Grinding disk
carnivorous,Hammer
carnivorous,Knife
carnivorous,Lawn Mower
carnivorous,Lizard
carnivorous,Nail
carnivorous,Oil can
carnivorous,Paint brush
carnivorous,Salamander
carnivorous,Saw
carnivorous,Screwdriver
carnivorous,Shovel
carnivorous,Snake
carnivorous,Spanner
carnivorous,Toad
carnivorous,Tortoise
carnivorous,Turtle
carnivorous,Vacuum
carnivorous diet,Alligator
carnivorous diet,Anvil
carnivorous diet,Axe
carnivorous diet,Blindworm
carnivorous diet,Boa python
carnivorous diet,Caiman
carnivorous diet,Chameleon
carnivorous diet,Chisel
carnivorous diet,Cobra
carnivorous diet,Crocodile
carnivorous diet,Dinosaur
carnivorous diet,Gecko
carnivorous diet,Grinding disk
carnivorous diet,Hammer
carnivorous diet,Knife
carnivorous diet,Lawn Mower
carnivorous diet,Lizard
carnivorous diet,Nail
carnivorous diet,Oil can
carnivorous diet,Paint brush
carnivorous diet,Salamander
carnivorous diet,Saw
carnivorous diet,Screwdriver
carnivorous diet,Shovel
carnivorous diet,Snake
carnivorous diet,Spanner
carnivorous diet,Toad
carnivorous diet,Tortoise
carnivorous diet,Turtle
carnivorous diet,Vacuum
cold-blooded,Alligator
cold-blooded,Anvil
cold-blooded,Axe
cold-blooded,Blindworm
cold-blooded,Boa python
cold-blooded,Caiman
cold-blooded,Chameleon
cold-blooded,Chisel
cold-blooded,Cobra
cold-blooded,Crocodile
cold-blooded,Dinosaur
cold-blooded,Gecko
cold-blooded,Grinding disk
cold-blooded,Hammer
cold-blooded,Knife
cold-blooded,Lawn Mower
cold-blooded,Lizard
cold-blooded,Nail
cold-blooded,Oil can
cold-blooded,Paint brush
cold-blooded,Salamander
cold-blooded,Saw
cold-blooded,Screwdriver
cold-blooded,Shovel
cold-blooded,Snake
cold-blooded,Spanner
cold-blooded,Toad
cold-blooded,Tortoise
cold-blooded,Turtle
cold-blooded,Vacuum
colorful skin,Alligator
colorful skin,Anvil
colorful skin,Axe
colorful skin,Blindworm
colorful skin,Boa python
colorful skin,Caiman
colorful skin,Chameleon
colorful skin,Chisel
colorful skin,Cobra
colorful skin,Crocodile
colorful skin,Dinosaur
colorful skin,Gecko
colorful skin,Grinding disk
colorful skin,Hammer
colorful skin,Knife
colorful skin,Lawn Mower
colorful skin,Lizard
colorful skin,Nail
colorful skin,Oil can
colorful skin,Paint brush
colorful skin,Salamander
colorful skin,Saw
colorful skin,Screwdriver
colorful skin,Shovel
colorful skin,Snake
colorful skin,Spanner
colorful skin,Toad
colorful skin,Tortoise
colorful skin,Turtle
colorful skin,Vacuum
constrictor,Alligator
constrictor,Anvil
constrictor,Axe
constrictor,Blindworm
constrictor,Boa python
constrictor,Caiman
constrictor,Chameleon
constrictor,Chisel
constrictor,Cobra
constrictor,Crocodile
constrictor,Dinosaur
constrictor,Gecko
constrictor,Grinding disk
constrictor,Hammer
constrictor,Knife
constrictor,Lawn Mower
constrictor,Lizard
constrictor,Nail
constrictor,Oil can
constrictor,Paint brush
constrictor,Salamander
constrictor,Saw
constrictor,Screwdriver
constrictor,Shovel
constrictor,Snake
constrictor,Spanner
constrictor,Toad
constrictor,Tortoise
constrictor,Turtle
constrictor,Vacuum
crocodilian,Alligator
crocodilian,Anvil
crocodilian,Axe
crocodilian,Blindworm
crocodilian,Boa python
crocodilian,Caiman
crocodilian,Chameleon
crocodilian,Chisel
crocodilian,Cobra
crocodilian,Crocodile
crocodilian,Dinosaur
crocodilian,Gecko
crocodilian,Grinding disk
crocodilian,Hammer
crocodilian,Knife
crocodilian,Lawn Mower
crocodilian,Lizard
crocodilian,Nail
crocodilian,Oil can
crocodilian,Paint brush
crocodilian,Salamander
crocodilian,Saw
crocodilian,Screwdriver
crocodilian,Shovel
crocodilian,Snake
crocodilian,Spanner
crocodilian,Toad
crocodilian,Tortoise
crocodilian,Turtle
crocodilian,Vacuum
design,Alligator
design,Anvil
design,Axe
design,Blindworm
design,Boa python
design,Caiman
design,Chameleon
design,Chisel
design,Cobra
design,Crocodile
design,Dinosaur
design,Gecko
design,Grinding disk
design,Hammer
design,Knife
design,Lawn Mower
design,Lizard
design,Nail
design,Oil can
design,Paint brush
design,Salamander
design,Saw
design,Screwdriver
design,Shovel
design,Snake
design,Spanner
design,Toad
design,Tortoise
design,Turtle
design,Vacuum
diurnal,Alligator
diurnal,Anvil
diurnal,Axe
diurnal,Blindworm
diurnal,Boa python
diurnal,Caiman
diurnal,Chameleon
diurnal,Chisel
diurnal,Cobra
diurnal,Crocodile
diurnal,Dinosaur
diurnal,Gecko
diurnal,Grinding disk
diurnal,Hammer
diurnal,Knife
diurnal,Lawn Mower
diurnal,Lizard
diurnal,Nail
diurnal,Oil can
diurnal,Paint brush
diurnal,Salamander
diurnal,Saw
diurnal,Screwdriver
diurnal,Shovel
diurnal,Snake
diurnal,Spanner
diurnal,Toad
diurnal,Tortoise
diurnal,Turtle
diurnal,Vacuum
durable,Alligator
durable,Anvil
durable,Axe
durable,Blindworm
durable,Boa python
durable,Caiman
durable,Chameleon
durable,Chisel
durable,Cobra
durable,Crocodile
durable,Dinosaur
durable,Gecko
durable,Grinding disk
durable,Hammer
durable,Knife
durable,Lawn Mower
durable,Lizard
durable,Nail
durable,Oil can
durable,Paint brush
durable,Salamander
durable,Saw
durable,Screwdriver
durable,Shovel
durable,Snake
durable,Spanner
durable,Toad
durable,Tortoise
durable,Turtle
durable,Vacuum
edge,Alligator
edge,Anvil
edge,Axe
edge,Blindworm
edge,Boa python
edge,Caiman
edge,Chameleon
edge,Chisel
edge,Cobra
edge,Crocodile
edge,Dinosaur
edge,Gecko
edge,Grinding disk
edge,Hammer
edge,Knife
edge,Lawn Mower
edge,Lizard
edge,Nail
edge,Oil can
edge,Paint brush
edge,Salamander
edge,Saw
edge,Screwdriver
edge,Shovel
edge,Snake
edge,Spanner
edge,Toad
edge,Tortoise
edge,Turtle
edge,Vacuum
elapid,Alligator
elapid,Anvil
elapid,Axe
elapid,Blindworm
elapid,Boa python
elapid,Caiman
elapid,Chameleon
elapid,Chisel
elapid,Cobra
elapid,Crocodile
elapid,Dinosaur
elapid,Gecko
elapid,Grinding disk
elapid,Hammer
elapid,Knife
elapid,Lawn Mower
elapid,Lizard
elapid,Nail
elapid,Oil can
elapid,Paint brush
elapid,Salamander
elapid,Saw
elapid,Screwdriver
elapid,Shovel
elapid,Snake
elapid,Spanner
elapid,Toad
elapid,Tortoise
elapid,Turtle
elapid,Vacuum
excellent vision,Alligator
excellent vision,Anvil
excellent vision,Axe
excellent vision,Blindworm
excellent vision,Boa python
excellent vision,Caiman
excellent vision,Chameleon
excellent vision,Chisel
excellent vision,Cobra
excellent vision,Crocodile
excellent vision,Dinosaur
excellent vision,Gecko
excellent vision,Grinding disk
excellent vision,Hammer
excellent vision,Knife
excellent vision,Lawn Mower
excellent vision,Lizard
excellent vision,Nail
excellent vision,Oil can
excellent vision,Paint brush
excellent vision,Salamander
excellent vision,Saw
excellent vision,Screwdriver
excellent vision,Shovel
excellent vision,Snake
excellent vision,Spanner
excellent vision,Toad
excellent vision,Tortoise
excellent vision,Turtle
excellent vision,Vacuum
four legs,Alligator
four legs,Anvil
four legs,Axe
four legs,Blindworm
four legs,Boa python
four legs,Caiman
four legs,Chameleon
four legs,Chisel
four legs,Cobra
four legs,Crocodile
four legs,Dinosaur
four legs,Gecko
four legs,Grinding disk
four legs,Hammer
four legs,Knife
four legs,Lawn Mower
four legs,Lizard
four legs,Nail
four legs,Oil can
four legs,Paint brush
four legs,Salamander
four legs,Saw
four legs,Screwdriver
four legs,Shovel
four legs,Snake
four legs,Spanner
four legs,Toad
four legs,Tortoise
four legs,Turtle
four legs,Vacuum
good climbers,Alligator
good climbers,Anvil
good climbers,Axe
good climbers,Blindworm
good climbers,Boa python
good climbers,Caiman
good climbers,Chameleon
good climbers,Chisel
good climbers,Cobra
good climbers,Crocodile
good climbers,Dinosaur
good climbers,Gecko
good climbers,Grinding disk
good climbers,Hammer
good climbers,Knife
good climbers,Lawn Mower
good climbers,Lizard
good climbers,Nail
good climbers,Oil can
good climbers,Paint brush
good climbers,Salamander
good climbers,Saw
good climbers,Screwdriver
good climbers,Shovel
good climbers,Snake
good climbers,Spanner
good climbers,Toad
good climbers,Tortoise
good climbers,Turtle
good climbers,Vacuum
good sense of smell,Alligator
good sense of smell,Anvil
good sense of smell,Axe
good sense of smell,Blindworm
good sense of smell,Boa python
good sense of smell,Caiman
good sense of smell,Chameleon
good sense of smell,Chisel
good sense of smell,Cobra
good sense of smell,Crocodile
good sense of smell,Dinosaur
good sense of smell,Gecko
good sense of smell,Grinding disk
good sense of smell,Hammer
good sense of smell,Knife
good sense of smell,Lawn Mower
good sense of smell,Lizard
good sense of smell,Nail
good sense of smell,Oil can
good sense of smell,Paint brush
good sense of smell,Salamander
good sense of smell,Saw
good sense of smell,Screwdriver
good sense of smell,Shovel
good sense of smell,Snake
good sense of smell,Spanner
good sense of smell,Toad
good sense of smell,Tortoise
good sense of smell,Turtle
good sense of smell,Vacuum
good vision,Alligator
good vision,Anvil
good vision,Axe
good vision,Blindworm
good vision,Boa python
good vision,Caiman
good vision,Chameleon
good vision,Chisel
good vision,Cobra
good vision,Crocodile
good vision,Dinosaur
good vision,Gecko
good vision,Grinding disk
good vision,Hammer
good vision,Knife
good vision,Lawn Mower
good vision,Lizard
good vision,Nail
good vision,Oil can
good vision,Paint brush
good vision,Salamander
good vision,Saw
good vision,Screwdriver
good vision,Shovel
good vision,Snake
good vision,Spanner
good vision,Toad
good vision,Tortoise
good vision,Turtle
good vision,Vacuum
grip,Alligator
grip,Anvil
grip,Axe
grip,Blindworm
grip,Boa python
grip,Caiman
grip,Chameleon
grip,Chisel
grip,Cobra
grip,Crocodile
grip,Dinosaur
grip,Gecko
grip,Grinding disk
grip,Hammer
grip,Knife
grip,Lawn Mower
grip,Lizard
grip,Nail
grip,Oil can
grip,Paint brush
grip,Salamander
grip,Saw
grip,Screwdriver
grip,Shovel
grip,Snake
grip,Spanner
grip,Toad
grip,Tortoise
grip,Turtle
grip,Vacuum
handle,Alligator
handle,Anvil
handle,Axe
handle,Blindworm
handle,Boa python
handle,Caiman
handle,Chameleon
handle,Chisel
handle,Cobra
handle,Crocodile
handle,Dinosaur
handle,Gecko
handle,Grinding disk
handle,Hammer
handle,Knife
handle,Lawn Mower
handle,Lizard
handle,Nail
handle,Oil can
handle,Paint brush
handle,Salamander
handle,Saw
handle,Screwdriver
handle,Shovel
handle,Snake
handle,Spanner
handle,Toad
handle,Tortoise
handle,Turtle
handle,Vacuum
handle material,Alligator
handle material,Anvil
handle material,Axe
handle material,Blindworm
handle material,Boa python
handle material,Caiman
handle material,Chameleon
handle material,Chisel
handle material,Cobra
handle material,Crocodile
handle material,Dinosaur
handle material,Gecko
handle material,Grinding disk
handle material,Hammer
handle material,Knife
handle material,Lawn Mower
handle material,Lizard
handle material,Nail
handle material,Oil can
handle material,Paint brush
handle material,Salamander
handle material,Saw
handle material,Screwdriver
handle material,Shovel
handle material,Snake
handle material,Spanner
handle material,Toad
handle material,Tortoise
handle material,Turtle
handle material,Vacuum
handle type,Alligator
handle type,Anvil
handle type,Axe
handle type,Blindworm
handle type,Boa python
handle type,Caiman
handle type,Chameleon
handle type,Chisel
handle type,Cobra
handle type,Crocodile
handle type,Dinosaur
handle type,Gecko
handle type,Grinding disk
handle type,Hammer
handle type,Knife
handle type,Lawn Mower
handle type,Lizard
handle type,Nail
handle type,Oil can
handle type,Paint brush
handle type,Salamander
handle type,Saw
handle type,Screwdriver
handle type,Shovel
handle type,Snake
handle type,Spanner
handle type,Toad
handle type,Tortoise
handle type,Turtle
handle type,Vacuum
hard,Alligator
hard,Anvil
hard,Axe
hard,Blindworm
hard,Boa python
hard,Caiman
hard,Chameleon
hard,Chisel
hard,Cobra
hard,Crocodile
hard,Dinosaur
hard,Gecko
hard,Grinding disk
hard,Hammer
hard,Knife
hard,Lawn Mower
hard,Lizard
hard,Nail
hard,Oil can
hard,Paint brush
hard,Salamander
hard,Saw
hard,Screwdriver
hard,Shovel
hard,Snake
hard,Spanner
hard,Toad
hard,Tortoise
hard,Turtle
hard,Vacuum
head,Alligator
head,Anvil
head,Axe
head,Blindworm
head,Boa python
head,Caiman
head,Chameleon
head,Chisel
head,Cobra
head,Crocodile
head,Dinosaur
head,Gecko
head,Grinding disk
head,Hammer
head,Knife
head,Lawn Mower
head,Lizard
head,Nail
head,Oil can
head,Paint brush
head,Salamander
head,Saw
head,Screwdriver
head,Shovel
head,Snake
head,Spanner
head,Toad
head,Tortoise
head,Turtle
head,Vacuum
head shape,Alligator
head shape,Anvil
head shape,Axe
head shape,Blindworm
head shape,Boa python
head shape,Caiman
head shape,Chameleon
head shape,Chisel
head shape,Cobra
head shape,Crocodile
head shape,Dinosaur
head shape,Gecko
head shape,Grinding disk
head shape,Hammer
head shape,Knife
head shape,Lawn Mower
head shape,Lizard
head shape,Nail
head shape,Oil can
head shape,Paint brush
head shape,Salamander
head shape,Saw
head shape,Screwdriver
head shape,Shovel
head shape,Snake
head shape,Spanner
head shape,Toad
head shape,Tortoise
head shape,Turtle
head shape,Vacuum
heat-sensitive pits,Alligator
heat-sensitive pits,Anvil
heat-sensitive pits,Axe
heat-sensitive pits,Blindworm
heat-sensitive pits,Boa python
heat-sensitive pits,Caiman
heat-sensitive pits,Chameleon
heat-sensitive pits,Chisel
heat-sensitive pits,Cobra
heat-sensitive pits,Crocodile
heat-sensitive pits,Dinosaur
heat-sensitive pits,Gecko
heat-sensitive pits,Grinding disk
heat-sensitive pits,Hammer
heat-sensitive pits,Knife
heat-sensitive pits,Lawn Mower
heat-sensitive pits,Lizard
heat-sensitive pits,Nail
heat-sensitive pits,Oil can
heat-sensitive pits,Paint brush
heat-sensitive pits,Salamander
heat-sensitive pits,Saw
heat-sensitive pits,Screwdriver
heat-sensitive pits,Shovel
heat-sensitive pits,Snake
heat-sensitive pits,Spanner
heat-sensitive pits,Toad
heat-sensitive pits,Tortoise
heat-sensitive pits,Turtle
heat-sensitive pits,Vacuum
herbivorous diet,Alligator
herbivorous diet,Anvil
herbivorous diet,Axe
herbivorous diet,Blindworm
herbivorous diet,Boa python
herbivorous diet,Caiman
herbivorous diet,Chameleon
herbivorous diet,Chisel
herbivorous diet,Cobra
herbivorous diet,Crocodile
herbivorous diet,Dinosaur
herbivorous diet,Gecko
herbivorous diet,Grinding disk
herbivorous diet,Hammer
herbivorous diet,Knife
herbivorous diet,Lawn Mower
herbivorous diet,Lizard
herbivorous diet,Nail
herbivorous diet,Oil can
herbivorous diet,Paint brush
herbivorous diet,Salamander
herbivorous diet,Saw
herbivorous diet,Screwdriver
herbivorous diet,Shovel
herbivorous diet,Snake
herbivorous diet,Spanner
herbivorous diet,Toad
herbivorous diet,Tortoise
herbivorous diet,Turtle
herbivorous diet,Vacuum
insectivorous diet,Alligator
insectivorous diet,Anvil
insectivorous diet,Axe
insectivorous diet,Blindworm
insectivorous diet,Boa python
insectivorous diet,Caiman
insectivorous diet,Chameleon
insectivorous diet,Chisel
insectivorous diet,Cobra
insectivorous diet,Crocodile
insectivorous diet,Dinosaur
insectivorous diet,Gecko
insectivorous diet,Grinding disk
insectivorous diet,Hammer
insectivorous diet,Knife
insectivorous diet,Lawn Mower
insectivorous diet,Lizard
insectivorous diet,Nail
insectivorous diet,Oil can
insectivorous diet,Paint brush
insectivorous diet,Salamander
insectivorous diet,Saw
insectivorous diet,Screwdriver
insectivorous diet,Shovel
insectivorous diet,Snake
insectivorous diet,Spanner
insectivorous diet,Toad
insectivorous diet,Tortoise
insectivorous diet,Turtle
insectivorous diet,Vacuum
invertebrate diet,Alligator
invertebrate diet,Anvil
invertebrate diet,Axe
invertebrate diet,Blindworm
invertebrate diet,Boa python
invertebrate diet,Caiman
invertebrate diet,Chameleon
invertebrate diet,Chisel
invertebrate diet,Cobra
invertebrate diet,Crocodile
invertebrate diet,Dinosaur
invertebrate diet,Gecko
invertebrate diet,Grinding disk
invertebrate diet,Hammer
invertebrate diet,Knife
invertebrate diet,Lawn Mower
invertebrate diet,Lizard
invertebrate diet,Nail
invertebrate diet,Oil can
invertebrate diet,Paint brush
invertebrate diet,Salamander
invertebrate diet,Saw
invertebrate diet,Screwdriver
invertebrate diet,Shovel
invertebrate diet,Snake
invertebrate diet,Spanner
invertebrate diet,Toad
invertebrate diet,Tortoise
invertebrate diet,Turtle
invertebrate diet,Vacuum
lay eggs,Alligator
lay eggs,Anvil
lay eggs,Axe
lay eggs,Blindworm
lay eggs,Boa python
lay eggs,Caiman
lay eggs,Chameleon
lay eggs,Chisel
lay eggs,Cobra
lay eggs,Crocodile
lay eggs,Dinosaur
lay eggs,Gecko
lay eggs,Grinding disk
lay eggs,Hammer
lay eggs,Knife
lay eggs,Lawn Mower
lay eggs,Lizard
lay eggs,Nail
lay eggs,Oil can
lay eggs,Paint brush
lay eggs,Salamander
lay eggs,Saw
lay eggs,Screwdriver
lay eggs,Shovel
lay eggs,Snake
lay eggs,Spanner
lay eggs,Toad
lay eggs,Tortoise
lay eggs,Turtle
lay eggs,Vacuum
length,Alligator
length,Anvil
length,Axe
length,Blindworm
length,Boa python
length,Caiman
length,Chameleon
length,Chisel
length,Cobra
length,Crocodile
length,Dinosaur
length,Gecko
length,Grinding disk
length,Hammer
length,Knife
length,Lawn Mower
length,Lizard
length,Nail
length,Oil can
length,Paint brush
length,Salamander
length,Saw
length,Screwdriver
length,Shovel
length,Snake
length,Spanner
length,Toad
length,Tortoise
length,Turtle
length,Vacuum
lightweight design,Alligator
lightweight design,Anvil
lightweight design,Axe
lightweight design,Blindworm
lightweight design,Boa python
lightweight design,Caiman
lightweight design,Chameleon
lightweight design,Chisel
lightweight design,Cobra
lightweight design,Crocodile
lightweight design,Dinosaur
lightweight design,Gecko
lightweight design,Grinding disk
lightweight design,Hammer
lightweight design,Knife
lightweight design,Lawn Mower
lightweight design,Lizard
lightweight design,Nail
lightweight design,Oil can
lightweight design,Paint brush
lightweight design,Salamander
lightweight design,Saw
lightweight design,Screwdriver
lightweight design,Shovel
lightweight design,Snake
lightweight design,Spanner
lightweight design,Toad
lightweight design,Tortoise
lightweight design,Turtle
lightweight design,Vacuum
live birth,Alligator
live birth,Anvil
live birth,Axe
live birth,Blindworm
live birth,Boa python
live birth,Caiman
live birth,Chameleon
live birth,Chisel
live birth,Cobra
live birth,Crocodile
live birth,Dinosaur
live birth,Gecko
live birth,Grinding disk
live birth,Hammer
live birth,Knife
live birth,Lawn Mower
live birth,Lizard
live birth,Nail
live birth,Oil can
live birth,Paint brush
live birth,Salamander
live birth,Saw
live birth,Screwdriver
live birth,Shovel
live birth,Snake
live birth,Spanner
live birth,Toad
live birth,Tortoise
live birth,Turtle
live birth,Vacuum
lizard,Alligator
lizard,Anvil
lizard,Axe
lizard,Blindworm
lizard,Boa python
lizard,Caiman
lizard,Chameleon
lizard,Chisel
lizard,Cobra
lizard,Crocodile
lizard,Dinosaur
lizard,Gecko
lizard,Grinding disk
lizard,Hammer
lizard,Knife
lizard,Lawn Mower
lizard,Lizard
lizard,Nail
lizard,Oil can
lizard,Paint brush
lizard,Salamander
lizard,Saw
lizard,Screwdriver
lizard,Shovel
lizard,Snake
lizard,Spanner
lizard,Toad
lizard,Tortoise
lizard,Turtle
lizard,Vacuum
long lifespan,Alligator
long lifespan,Anvil
long lifespan,Axe
long lifespan,Blindworm
long lifespan,Boa python
long lifespan,Caiman
long lifespan,Chameleon
long lifespan,Chisel
long lifespan,Cobra
long lifespan,Crocodile
long lifespan,Dinosaur
long lifespan,Gecko
long lifespan,Grinding disk
long lifespan,Hammer
long lifespan,Knife
long lifespan,Lawn Mower
long lifespan,Lizard
long lifespan,Nail
long lifespan,Oil can
long lifespan,Paint brush
long lifespan,Salamander
long lifespan,Saw
long lifespan,Screwdriver
long lifespan,Shovel
long lifespan,Snake
long lifespan,Spanner
long lifespan,Toad
long lifespan,Tortoise
long lifespan,Turtle
long lifespan,Vacuum
long neck,Alligator
long neck,Anvil
long neck,Axe
long neck,Blindworm
long neck,Boa python
long neck,Caiman
long neck,Chameleon
long neck,Chisel
long neck,Cobra
long neck,Crocodile
long neck,Dinosaur
long neck,Gecko
long neck,Grinding disk
long neck,Hammer
long neck,Knife
long neck,Lawn Mower
long neck,Lizard
long neck,Nail
long neck,Oil can
long neck,Paint brush
long neck,Salamander
long neck,Saw
long neck,Screwdriver
long neck,Shovel
long neck,Snake
long neck,Spanner
long neck,Toad
long neck,Tortoise
long neck,Turtle
long neck,Vacuum
long snout,Alligator
long snout,Anvil
long snout,Axe
long snout,Blindworm
long snout,Boa python
long snout,Caiman
long snout,Chameleon
long snout,Chisel
long snout,Cobra
long snout,Crocodile
long snout,Dinosaur
long snout,Gecko
long snout,Grinding disk
long snout,Hammer
long snout,Knife
long snout,Lawn Mower
long snout,Lizard
long snout,Nail
long snout,Oil can
long snout,Paint brush
long snout,Salamander
long snout,Saw
long snout,Screwdriver
long snout,Shovel
long snout,Snake
long snout,Spanner
long snout,Toad
long snout,Tortoise
long snout,Turtle
long snout,Vacuum
long tail,Alligator
long tail,Anvil
long tail,Axe
long tail,Blindworm
long tail,Boa python
long tail,Caiman
long tail,Chameleon
long tail,Chisel
long tail,Cobra
long tail,Crocodile
long tail,Dinosaur
long tail,Gecko
long tail,Grinding disk
long tail,Hammer
long tail,Knife
long tail,Lawn Mower
long tail,Lizard
long tail,Nail
long tail,Oil can
long tail,Paint brush
long tail,Salamander
long tail,Saw
long tail,Screwdriver
long tail,Shovel
long tail,Snake
long tail,Spanner
long tail,Toad
long tail,Tortoise
long tail,Turtle
long tail,Vacuum
"long, slender body",Alligator
"long, slender body",Anvil
"long, slender body",Axe
"long, slender body",Blindworm
"long, slender body",Boa python
"long, slender body",Caiman
"long, slender body",Chameleon
"long, slender body",Chisel
"long, slender body",Cobra
"long, slender body",Crocodile
"long, slender body",Dinosaur
"long, slender body",Gecko
"long, slender body",Grinding disk
"long, slender body",Hammer
"long, slender body",Knife
"long, slender body",Lawn Mower
"long, slender body",Lizard
"long, slender body",Nail
"long, slender body",Oil can
"long, slender body",Paint brush
"long, slender body",Salamander
"long, slender body",Saw
"long, slender body",Screwdriver
"long, slender body",Shovel
"long, slender body",Snake
"long, slender body",Spanner
"long, slender body",Toad
"long, slender body",Tortoise
"long, slender body",Turtle
"long, slender body",Vacuum
longevity,Alligator
longevity,Anvil
longevity,Axe
longevity,Blindworm
longevity,Boa python
longevity,Caiman
longevity,Chameleon
longevity,Chisel
longevity,Cobra
longevity,Crocodile
longevity,Dinosaur
longevity,Gecko
longevity,Grinding disk
longevity,Hammer
longevity,Knife
longevity,Lawn Mower
longevity,Lizard
longevity,Nail
longevity,Oil can
longevity,Paint brush
longevity,Salamander
longevity,Saw
longevity,Screwdriver
longevity,Shovel
longevity,Snake
longevity,Spanner
longevity,Toad
longevity,Tortoise
longevity,Turtle
longevity,Vacuum
material,Alligator
material,Anvil
material,Axe
material,Blindworm
material,Boa python
material,Caiman
material,Chameleon
material,Chisel
material,Cobra
material,Crocodile
material,Dinosaur
material,Gecko
material,Grinding disk
material,Hammer
material,Knife
material,Lawn Mower
material,Lizard
material,Nail
material,Oil can
material,Paint brush
material,Salamander
material,Saw
material,Screwdriver
material,Shovel
material,Snake
material,Spanner
material,Toad
material,Tortoise
material,Turtle
material,Vacuum
metal,Alligator
metal,Anvil
metal,Axe
metal,Blindworm
metal,Boa python
metal,Caiman
metal,Chameleon
metal,Chisel
metal,Cobra
metal,Crocodile
metal,Dinosaur
metal,Gecko
metal,Grinding disk
metal,Hammer
metal,Knife
metal,Lawn Mower
metal,Lizard
metal,Nail
metal,Oil can
metal,Paint brush
metal,Salamander
metal,Saw
metal,Screwdriver
metal,Shovel
metal,Snake
metal,Spanner
metal,Toad
metal,Tortoise
metal,Turtle
metal,Vacuum
moist skin,Alligator
moist skin,Anvil
moist skin,Axe
moist skin,Blindworm
moist skin,Boa python
moist skin,Caiman
moist skin,Chameleon
moist skin,Chisel
moist skin,Cobra
moist skin,Crocodile
moist skin,Dinosaur
moist skin,Gecko
moist skin,Grinding disk
moist skin,Hammer
moist skin,Knife
moist skin,Lawn Mower
moist skin,Lizard
moist skin,Nail
moist skin,Oil can
moist skin,Paint brush
moist skin,Salamander
moist skin,Saw
moist skin,Screwdriver
moist skin,Shovel
moist skin,Snake
moist skin,Spanner
moist skin,Toad
moist skin,Tortoise
moist skin,Turtle
moist skin,Vacuum
motor,Alligator
motor,Anvil
motor,Axe
motor,Blindworm
motor,Boa python
motor,Caiman
motor,Chameleon
motor,Chisel
motor,Cobra
motor,Crocodile
motor,Dinosaur
motor,Gecko
motor,Grinding disk
motor,Hammer
motor,Knife
motor,Lawn Mower
motor,Lizard
motor,Nail
motor,Oil can
motor,Paint brush
motor,Salamander
motor,Saw
motor,Screwdriver
motor,Shovel
motor,Snake
motor,Spanner
motor,Toad
motor,Tortoise
motor,Turtle
motor,Vacuum
nocturnal,Alligator
nocturnal,Anvil
nocturnal,Axe
nocturnal,Blindworm
nocturnal,Boa python
nocturnal,Caiman
nocturnal,Chameleon
nocturnal,Chisel
nocturnal,Cobra
nocturnal,Crocodile
nocturnal,Dinosaur
nocturnal,Gecko
nocturnal,Grinding disk
nocturnal,Hammer
nocturnal,Knife
nocturnal,Lawn Mower
nocturnal,Lizard
nocturnal,Nail
nocturnal,Oil can
nocturnal,Paint brush
nocturnal,Salamander
nocturnal,Saw
nocturnal,Screwdriver
nocturnal,Shovel
nocturnal,Snake
nocturnal,Spanner
nocturnal,Toad
nocturnal,Tortoise
nocturnal,Turtle
nocturnal,Vacuum
oviparous,Alligator
oviparous,Anvil
oviparous,Axe
oviparous,Blindworm
oviparous,Boa python
oviparous,Caiman
oviparous,Chameleon
oviparous,Chisel
oviparous,Cobra
oviparous,Crocodile
oviparous,Dinosaur
oviparous,Gecko
oviparous,Grinding disk
oviparous,Hammer
oviparous,Knife
oviparous,Lawn Mower
oviparous,Lizard
oviparous,Nail
oviparous,Oil can
oviparous,Paint brush
oviparous,Salamander
oviparous,Saw
oviparous,Screwdriver
oviparous,Shovel
oviparous,Snake
oviparous,Spanner
oviparous,Toad
oviparous,Tortoise
oviparous,Turtle
oviparous,Vacuum
poor eyesight,Alligator
poor eyesight,Anvil
poor eyesight,Axe
poor eyesight,Blindworm
poor eyesight,Boa python
poor eyesight,Caiman
poor eyesight,Chameleon
poor eyesight,Chisel
poor eyesight,Cobra
poor eyesight,Crocodile
poor eyesight,Dinosaur
poor eyesight,Gecko
poor eyesight,Grinding disk
poor eyesight,Hammer
poor eyesight,Knife
poor eyesight,Lawn Mower
poor eyesight,Lizard
poor eyesight,Nail
poor eyesight,Oil can
poor eyesight,Paint brush
poor eyesight,Salamander
poor eyesight,Saw
poor eyesight,Screwdriver
poor eyesight,Shovel
poor eyesight,Snake
poor eyesight,Spanner
poor eyesight,Toad
poor eyesight,Tortoise
poor eyesight,Turtle
poor eyesight,Vacuum
prehensile tail,Alligator
prehensile tail,Anvil
prehensile tail,Axe
prehensile tail,Blindworm
prehensile tail,Boa python
prehensile tail,Caiman
prehensile tail,Chameleon
prehensile tail,Chisel
prehensile tail,Cobra
prehensile tail,Crocodile
prehensile tail,Dinosaur
prehensile tail,Gecko
prehensile tail,Grinding disk
prehensile tail,Hammer
prehensile tail,Knife
prehensile tail,Lawn Mower
prehensile tail,Lizard
prehensile tail,Nail
prehensile tail,Oil can
prehensile tail,Paint brush
prehensile tail,Salamander
prehensile tail,Saw
prehensile tail,Screwdriver
prehensile tail,Shovel
prehensile tail,Snake
prehensile tail,Spanner
prehensile tail,Toad
prehensile tail,Tortoise
prehensile tail,Turtle
prehensile tail,Vacuum
protected species,Alligator
protected species,Anvil
protected species,Axe
protected species,Blindworm
protected species,Boa python
protected species,Caiman
protected species,Chameleon
protected species,Chisel
protected species,Cobra
protected species,Crocodile
protected species,Dinosaur
protected species,Gecko
protected species,Grinding disk
protected species,Hammer
protected species,Knife
protected species,Lawn Mower
protected species,Lizard
protected species,Nail
protected species,Oil can
protected species,Paint brush
protected species,Salamander
protected species,Saw
protected species,Screwdriver
protected species,Shovel
protected species,Snake
protected species,Spanner
protected species,Toad
protected species,Tortoise
protected species,Turtle
protected species,Vacuum
purpose,Alligator
purpose,Anvil
purpose,Axe
purpose,Blindworm
purpose,Boa python
purpose,Caiman
purpose,Chameleon
purpose,Chisel
purpose,Cobra
purpose,Crocodile
purpose,Dinosaur
purpose,Gecko
purpose,Grinding disk
purpose,Hammer
purpose,Knife
purpose,Lawn Mower
purpose,Lizard
purpose,Nail
purpose,Oil can
purpose,Paint brush
purpose,Salamander
purpose,Saw
purpose,Screwdriver
purpose,Shovel
purpose,Snake
purpose,Spanner
purpose,Toad
purpose,Tortoise
purpose,Turtle
purpose,Vacuum
reptile,Alligator
reptile,Anvil
reptile,Axe
reptile,Blindworm
reptile,Boa python
reptile,Caiman
reptile,Chameleon
reptile,Chisel
reptile,Cobra
reptile,Crocodile
reptile,Dinosaur
reptile,Gecko
reptile,Grinding disk
reptile,Hammer
reptile,Knife
reptile,Lawn Mower
reptile,Lizard
reptile,Nail
reptile,Oil can
reptile,Paint brush
reptile,Salamander
reptile,Saw
reptile,Screwdriver
reptile,Shovel
reptile,Snake
reptile,Spanner
reptile,Toad
reptile,Tortoise
reptile,Turtle
reptile,Vacuum
scaled skin,Alligator
scaled skin,Anvil
scaled skin,Axe
scaled skin,Blindworm
scaled skin,Boa python
scaled skin,Caiman
scaled skin,Chameleon
scaled skin,Chisel
scaled skin,Cobra
scaled skin,Crocodile
scaled skin,Dinosaur
scaled skin,Gecko
scaled skin,Grinding disk
scaled skin,Hammer
scaled skin,Knife
scaled skin,Lawn Mower
scaled skin,Lizard
scaled skin,Nail
scaled skin,Oil can
scaled skin,Paint brush
scaled skin,Salamander
scaled skin,Saw
scaled skin,Screwdriver
scaled skin,Shovel
scaled skin,Snake
scaled skin,Spanner
scaled skin,Toad
scaled skin,Tortoise
scaled skin,Turtle
scaled skin,Vacuum
scales,Alligator
scales,Anvil
scales,Axe
scales,Blindworm
scales,Boa python
scales,Caiman
scales,Chameleon
scales,Chisel
scales,Cobra
scales,Crocodile
scales,Dinosaur
scales,Gecko
scales,Grinding disk
scales,Hammer
scales,Knife
scales,Lawn Mower
scales,Lizard
scales,Nail
scales,Oil can
scales,Paint brush
scales,Salamander
scales,Saw
scales,Screwdriver
scales,Shovel
scales,Snake
scales,Spanner
scales,Toad
scales,Tortoise
scales,Turtle
scales,Vacuum
scaly skin,Alligator
scaly skin,Anvil
scaly skin,Axe
scaly skin,Blindworm
scaly skin,Boa python
scaly skin,Caiman
scaly skin,Chameleon
scaly skin,Chisel
scaly skin,Cobra
scaly skin,Crocodile
scaly skin,Dinosaur
scaly skin,Gecko
scaly skin,Grinding disk
scaly skin,Hammer
scaly skin,Knife
scaly skin,Lawn Mower
scaly skin,Lizard
scaly skin,Nail
scaly skin,Oil can
scaly skin,Paint brush
scaly skin,Salamander
scaly skin,Saw
scaly skin,Screwdriver
scaly skin,Shovel
scaly skin,Snake
scaly skin,Spanner
scaly skin,Toad
scaly skin,Tortoise
scaly skin,Turtle
scaly skin,Vacuum
sealing,Alligator
sealing,Anvil
sealing,Axe
sealing,Blindworm
sealing,Boa python
sealing,Caiman
sealing,Chameleon
sealing,Chisel
sealing,Cobra
sealing,Crocodile
sealing,Dinosaur
sealing,Gecko
sealing,Grinding disk
sealing,Hammer
sealing,Knife
sealing,Lawn Mower
sealing,Lizard
sealing,Nail
sealing,Oil can
sealing,Paint brush
sealing,Salamander
sealing,Saw
sealing,Screwdriver
sealing,Shovel
sealing,Snake
sealing,Spanner
sealing,Toad
sealing,Tortoise
sealing,Turtle
sealing,Vacuum
semi-aquatic,Alligator
semi-aquatic,Anvil
semi-aquatic,Axe
semi-aquatic,Blindworm
semi-aquatic,Boa python
semi-aquatic,Caiman
semi-aquatic,Chameleon
semi-aquatic,Chisel
semi-aquatic,Cobra
semi-aquatic,Crocodile
semi-aquatic,Dinosaur
semi-aquatic,Gecko
semi-aquatic,Grinding disk
semi-aquatic,Hammer
semi-aquatic,Knife
semi-aquatic,Lawn Mower
semi-aquatic,Lizard
semi-aquatic,Nail
semi-aquatic,Oil can
semi-aquatic,Paint brush
semi-aquatic,Salamander
semi-aquatic,Saw
semi-aquatic,Screwdriver
semi-aquatic,Shovel
semi-aquatic,Snake
semi-aquatic,Spanner
semi-aquatic,Toad
semi-aquatic,Tortoise
semi-aquatic,Turtle
semi-aquatic,Vacuum
shaft,Alligator
shaft,Anvil
shaft,Axe
shaft,Blindworm
shaft,Boa python
shaft,Caiman
shaft,Chameleon
shaft,Chisel
shaft,Cobra
shaft,Crocodile
shaft,Dinosaur
shaft,Gecko
shaft,Grinding disk
shaft,Hammer
shaft,Knife
shaft,Lawn Mower
shaft,Lizard
shaft,Nail
shaft,Oil can
shaft,Paint brush
shaft,Salamander
shaft,Saw
shaft,Screwdriver
shaft,Shovel
shaft,Snake
shaft,Spanner
shaft,Toad
shaft,Tortoise
shaft,Turtle
shaft,Vacuum
shape,Alligator
shape,Anvil
shape,Axe
shape,Blindworm
shape,Boa python
shape,Caiman
shape,Chameleon
shape,Chisel
shape,Cobra
shape,Crocodile
shape,Dinosaur
shape,Gecko
shape,Grinding disk
shape,Hammer
shape,Knife
shape,Lawn Mower
shape,Lizard
shape,Nail
shape,Oil can
shape,Paint brush
shape,Salamander
shape,Saw
shape,Screwdriver
shape,Shovel
shape,Snake
shape,Spanner
shape,Toad
shape,Tortoise
shape,Turtle
shape,Vacuum
sharp claws,Alligator
sharp claws,Anvil
sharp claws,Axe
sharp claws,Blindworm
sharp claws,Boa python
sharp claws,Caiman
sharp claws,Chameleon
sharp claws,Chisel
sharp claws,Cobra
sharp claws,Crocodile
sharp claws,Dinosaur
sharp claws,Gecko
sharp claws,Grinding disk
sharp claws,Hammer
sharp claws,Knife
sharp claws,Lawn Mower
sharp claws,Lizard
sharp claws,Nail
sharp claws,Oil can
sharp claws,Paint brush
sharp claws,Salamander
sharp claws,Saw
sharp claws,Screwdriver
sharp claws,Shovel
sharp claws,Snake
sharp claws,Spanner
sharp claws,Toad
sharp claws,Tortoise
sharp claws,Turtle
sharp claws,Vacuum
sharp teeth,Alligator
sharp teeth,Anvil
sharp teeth,Axe
sharp teeth,Blindworm
sharp teeth,Boa python
sharp teeth,Caiman
sharp teeth,Chameleon
sharp teeth,Chisel
sharp teeth,Cobra
sharp teeth,Crocodile
sharp teeth,Dinosaur
sharp teeth,Gecko
sharp teeth,Grinding disk
sharp teeth,Hammer
sharp teeth,Knife
sharp teeth,Lawn Mower
sharp teeth,Lizard
sharp teeth,Nail
sharp teeth,Oil can
sharp teeth,Paint brush
sharp teeth,Salamander
sharp teeth,Saw
sharp teeth,Screwdriver
sharp teeth,Shovel
sharp teeth,Snake
sharp teeth,Spanner
sharp teeth,Toad
sharp teeth,Tortoise
sharp teeth,Turtle
sharp teeth,Vacuum
shell,Alligator
shell,Anvil
shell,Axe
shell,Blindworm
shell,Boa python
shell,Caiman
shell,Chameleon
shell,Chisel
shell,Cobra
shell,Crocodile
shell,Dinosaur
shell,Gecko
shell,Grinding disk
shell,Hammer
shell,Knife
shell,Lawn Mower
shell,Lizard
shell,Nail
shell,Oil can
shell,Paint brush
shell,Salamander
shell,Saw
shell,Screwdriver
shell,Shovel
shell,Snake
shell,Spanner
shell,Toad
shell,Tortoise
shell,Turtle
shell,Vacuum
size,Alligator
size,Anvil
size,Axe
size,Blindworm
size,Boa python
size,Caiman
size,Chameleon
size,Chisel
size,Cobra
size,Crocodile
size,Dinosaur
size,Gecko
size,Grinding disk
size,Hammer
size,Knife
size,Lawn Mower
size,Lizard
size,Nail
size,Oil can
size,Paint brush
size,Salamander
size,Saw
size,Screwdriver
size,Shovel
size,Snake
size,Spanner
size,Toad
size,Tortoise
size,Turtle
size,Vacuum
skin,Alligator
skin,Anvil
skin,Axe
skin,Blindworm
skin,Boa python
skin,Caiman
skin,Chameleon
skin,Chisel
skin,Cobra
skin,Crocodile
skin,Dinosaur
skin,Gecko
skin,Grinding disk
skin,Hammer
skin,Knife
skin,Lawn Mower
skin,Lizard
skin,Nail
skin,Oil can
skin,Paint brush
skin,Salamander
skin,Saw
skin,Screwdriver
skin,Shovel
skin,Snake
skin,Spanner
skin,Toad
skin,Tortoise
skin,Turtle
skin,Vacuum
skin can change color,Alligator
skin can change color,Anvil
skin can change color,Axe
skin can change color,Blindworm
skin can change color,Boa python
skin can change color,Caiman
skin can change color,Chameleon
skin can change color,Chisel
skin can change color,Cobra
skin can change color,Crocodile
skin can change color,Dinosaur
skin can change color,Gecko
skin can change color,Grinding disk
skin can change color,Hammer
skin can change color,Knife
skin can change color,Lawn Mower
skin can change color,Lizard
skin can change color,Nail
skin can change color,Oil can
skin can change color,Paint brush
skin can change color,Salamander
skin can change color,Saw
skin can change color,Screwdriver
skin can change color,Shovel
skin can change color,Snake
skin can change color,Spanner
skin can change color,Toad
skin can change color,Tortoise
skin can change color,Turtle
skin can change color,Vacuum
slow-moving,Alligator
slow-moving,Anvil
slow-moving,Axe
slow-moving,Blindworm
slow-moving,Boa python
slow-moving,Caiman
slow-moving,Chameleon
slow-moving,Chisel
slow-moving,Cobra
slow-moving,Crocodile
slow-moving,Dinosaur
slow-moving,Gecko
slow-moving,Grinding disk
slow-moving,Hammer
slow-moving,Knife
slow-moving,Lawn Mower
slow-moving,Lizard
slow-moving,Nail
slow-moving,Oil can
slow-moving,Paint brush
slow-moving,Salamander
slow-moving,Saw
slow-moving,Screwdriver
slow-moving,Shovel
slow-moving,Snake
slow-moving,Spanner
slow-moving,Toad
slow-moving,Tortoise
slow-moving,Turtle
slow-moving,Vacuum
small eyes,Alligator
small eyes,Anvil
small eyes,Axe
small eyes,Blindworm
small eyes,Boa python
small eyes,Caiman
small eyes,Chameleon
small eyes,Chisel
small eyes,Cobra
small eyes,Crocodile
small eyes,Dinosaur
small eyes,Gecko
small eyes,Grinding disk
small eyes,Hammer
small eyes,Knife
small eyes,Lawn Mower
small eyes,Lizard
small eyes,Nail
small eyes,Oil can
small eyes,Paint brush
small eyes,Salamander
small eyes,Saw
small eyes,Screwdriver
small eyes,Shovel
small eyes,Snake
small eyes,Spanner
small eyes,Toad
small eyes,Tortoise
small eyes,Turtle
small eyes,Vacuum
smooth scales,Alligator
smooth scales,Anvil
smooth scales,Axe
smooth scales,Blindworm
smooth scales,Boa python
smooth scales,Caiman
smooth scales,Chameleon
smooth scales,Chisel
smooth scales,Cobra
smooth scales,Crocodile
smooth scales,Dinosaur
smooth scales,Gecko
smooth scales,Grinding disk
smooth scales,Hammer
smooth scales,Knife
smooth scales,Lawn Mower
smooth scales,Lizard
smooth scales,Nail
smooth scales,Oil can
smooth scales,Paint brush
smooth scales,Salamander
smooth scales,Saw
smooth scales,Screwdriver
smooth scales,Shovel
smooth scales,Snake
smooth scales,Spanner
smooth scales,Toad
smooth scales,Tortoise
smooth scales,Turtle
smooth scales,Vacuum
solid,Alligator
solid,Anvil
solid,Axe
solid,Blindworm
solid,Boa python
solid,Caiman
solid,Chameleon
solid,Chisel
solid,Cobra
solid,Crocodile
solid,Dinosaur
solid,Gecko
solid,Grinding disk
solid,Hammer
solid,Knife
solid,Lawn Mower
solid,Lizard
solid,Nail
solid,Oil can
solid,Paint brush
solid,Salamander
solid,Saw
solid,Screwdriver
solid,Shovel
solid,Snake
solid,Spanner
solid,Toad
solid,Tortoise
solid,Turtle
solid,Vacuum
solitary,Alligator
solitary,Anvil
solitary,Axe
solitary,Blindworm
solitary,Boa python
solitary,Caiman
solitary,Chameleon
solitary,Chisel
solitary,Cobra
solitary,Crocodile
solitary,Dinosaur
solitary,Gecko
solitary,Grinding disk
solitary,Hammer
solitary,Knife
solitary,Lawn Mower
solitary,Lizard
solitary,Nail
solitary,Oil can
solitary,Paint brush
solitary,Salamander
solitary,Saw
solitary,Screwdriver
solitary,Shovel
solitary,Snake
solitary,Spanner
solitary,Toad
solitary,Tortoise
solitary,Turtle
solitary,Vacuum
steel,Alligator
steel,Anvil
steel,Axe
steel,Blindworm
steel,Boa python
steel,Caiman
steel,Chameleon
steel,Chisel
steel,Cobra
steel,Crocodile
steel,Dinosaur
steel,Gecko
steel,Grinding disk
steel,Hammer
steel,Knife
steel,Lawn Mower
steel,Lizard
steel,Nail
steel,Oil can
steel,Paint brush
steel,Salamander
steel,Saw
steel,Screwdriver
steel,Shovel
steel,Snake
steel,Spanner
steel,Toad
steel,Tortoise
steel,Turtle
steel,Vacuum
strong jaws and teeth,Alligator
strong jaws and teeth,Anvil
strong jaws and teeth,Axe
strong jaws and teeth,Blindworm
strong jaws and teeth,Boa python
strong jaws and teeth,Caiman
strong jaws and teeth,Chameleon
strong jaws and teeth,Chisel
strong jaws and teeth,Cobra
strong jaws and teeth,Crocodile
strong jaws and teeth,Dinosaur
strong jaws and teeth,Gecko
strong jaws and teeth,Grinding disk
strong jaws and teeth,Hammer
strong jaws and teeth,Knife
strong jaws and teeth,Lawn Mower
strong jaws and teeth,Lizard
strong jaws and teeth,Nail
strong jaws and teeth,Oil can
strong jaws and teeth,Paint brush
strong jaws and teeth,Salamander
strong jaws and teeth,Saw
strong jaws and teeth,Screwdriver
strong jaws and teeth,Shovel
strong jaws and teeth,Snake
strong jaws and teeth,Spanner
strong jaws and teeth,Toad
strong jaws and teeth,Tortoise
strong jaws and teeth,Turtle
strong jaws and teeth,Vacuum
thickness,Alligator
thickness,Anvil
thickness,Axe
thickness,Blindworm
thickness,Boa python
thickness,Caiman
thickness,Chameleon
thickness,Chisel
thickness,Cobra
thickness,Crocodile
thickness,Dinosaur
thickness,Gecko
thickness,Grinding disk
thickness,Hammer
thickness,Knife
thickness,Lawn Mower
thickness,Lizard
thickness,Nail
thickness,Oil can
thickness,Paint brush
thickness,Salamander
thickness,Saw
thickness,Screwdriver
thickness,Shovel
thickness,Snake
thickness,Spanner
thickness,Toad
thickness,Tortoise
thickness,Turtle
thickness,Vacuum
tip,Alligator
tip,Anvil
tip,Axe
tip,Blindworm
tip,Boa python
tip,Caiman
tip,Chameleon
tip,Chisel
tip,Cobra
tip,Crocodile
tip,Dinosaur
tip,Gecko
tip,Grinding disk
tip,Hammer
tip,Knife
tip,Lawn Mower
tip,Lizard
tip,Nail
tip,Oil can
tip,Paint brush
tip,Salamander
tip,Saw
tip,Screwdriver
tip,Shovel
tip,Snake
tip,Spanner
tip,Toad
tip,Tortoise
tip,Turtle
tip,Vacuum
tongue,Alligator
tongue,Anvil
tongue,Axe
tongue,Blindworm
tongue,Boa python
tongue,Caiman
tongue,Chameleon
tongue,Chisel
tongue,Cobra
tongue,Crocodile
tongue,Dinosaur
tongue,Gecko
tongue,Grinding disk
tongue,Hammer
tongue,Knife
tongue,Lawn Mower
tongue,Lizard
tongue,Nail
tongue,Oil can
tongue,Paint brush
tongue,Salamander
tongue,Saw
tongue,Screwdriver
tongue,Shovel
tongue,Snake
tongue,Spanner
tongue,Toad
tongue,Tortoise
tongue,Turtle
tongue,Vacuum
tongue for catching prey,Alligator
tongue for catching prey,Anvil
tongue for catching prey,Axe
tongue for catching prey,Blindworm
tongue for catching prey,Boa python
tongue for catching prey,Caiman
tongue for catching prey,Chameleon
tongue for catching prey,Chisel
tongue for catching prey,Cobra
tongue for catching prey,Crocodile
tongue for catching prey,Dinosaur
tongue for catching prey,Gecko
tongue for catching prey,Grinding disk
tongue for catching prey,Hammer
tongue for catching prey,Knife
tongue for catching prey,Lawn Mower
tongue for catching prey,Lizard
tongue for catching prey,Nail
tongue for catching prey,Oil can
tongue for catching prey,Paint brush
tongue for catching prey,Salamander
tongue for catching prey,Saw
tongue for catching prey,Screwdriver
tongue for catching prey,Shovel
tongue for catching prey,Snake
tongue for catching prey,Spanner
tongue for catching prey,Toad
tongue for catching prey,Tortoise
tongue for catching prey,Turtle
tongue for catching prey,Vacuum
tool,Alligator
tool,Anvil
tool,Axe
tool,Blindworm
tool,Boa python
tool,Caiman
tool,Chameleon
tool,Chisel
tool,Cobra
tool,Crocodile
tool,Dinosaur
tool,Gecko
tool,Grinding disk
tool,Hammer
tool,Knife
tool,Lawn Mower
tool,Lizard
tool,Nail
tool,Oil can
tool,Paint brush
tool,Salamander
tool,Saw
tool,Screwdriver
tool,Shovel
tool,Snake
tool,Spanner
tool,Toad
tool,Tortoise
tool,Turtle
tool,Vacuum
tropical and subtropical climates,Alligator
tropical and subtropical climates,Anvil
tropical and subtropical climates,Axe
tropical and subtropical climates,Blindworm
tropical and subtropical climates,Boa python
tropical and subtropical climates,Caiman
tropical and subtropical climates,Chameleon
tropical and subtropical climates,Chisel
tropical and subtropical climates,Cobra
tropical and subtropical climates,Crocodile
tropical and subtropical climates,Dinosaur
tropical and subtropical climates,Gecko
tropical and subtropical climates,Grinding disk
tropical and subtropical climates,Hammer
tropical and subtropical climates,Knife
tropical and subtropical climates,Lawn Mower
tropical and subtropical climates,Lizard
tropical and subtropical climates,Nail
tropical and subtropical climates,Oil can
tropical and subtropical climates,Paint brush
tropical and subtropical climates,Salamander
tropical and subtropical climates,Saw
tropical and subtropical climates,Screwdriver
tropical and subtropical climates,Shovel
tropical and subtropical climates,Snake
tropical and subtropical climates,Spanner
tropical and subtropical climates,Toad
tropical and subtropical climates,Tortoise
tropical and subtropical climates,Turtle
tropical and subtropical climates,Vacuum
tropical and subtropical environments,Alligator
tropical and subtropical environments,Anvil
tropical and subtropical environments,Axe
tropical and subtropical environments,Blindworm
tropical and subtropical environments,Boa python
tropical and subtropical environments,Caiman
tropical and subtropical environments,Chameleon
tropical and subtropical environments,Chisel
tropical and subtropical environments,Cobra
tropical and subtropical environments,Crocodile
tropical and subtropical environments,Dinosaur
tropical and subtropical environments,Gecko
tropical and subtropical environments,Grinding disk
tropical and subtropical environments,Hammer
tropical and subtropical environments,Knife
tropical and subtropical environments,Lawn Mower
tropical and subtropical environments,Lizard
tropical and subtropical environments,Nail
tropical and subtropical environments,Oil can
tropical and subtropical environments,Paint brush
tropical and subtropical environments,Salamander
tropical and subtropical environments,Saw
tropical and subtropical environments,Screwdriver
tropical and subtropical environments,Shovel
tropical and subtropical environments,Snake
tropical and subtropical environments,Spanner
tropical and subtropical environments,Toad
tropical and subtropical environments,Tortoise
tropical and subtropical environments,Turtle
tropical and subtropical environments,Vacuum
tropical and subtropical regions,Alligator
tropical and subtropical regions,Anvil
tropical and subtropical regions,Axe
tropical and subtropical regions,Blindworm
tropical and subtropical regions,Boa python
tropical and subtropical regions,Caiman
tropical and subtropical regions,Chameleon
tropical and subtropical regions,Chisel
tropical and subtropical regions,Cobra
tropical and subtropical regions,Crocodile
tropical and subtropical regions,Dinosaur
tropical and subtropical regions,Gecko
tropical and subtropical regions,Grinding disk
tropical and subtropical regions,Hammer
tropical and subtropical regions,Knife
tropical and subtropical regions,Lawn Mower
tropical and subtropical regions,Lizard
tropical and subtropical regions,Nail
tropical and subtropical regions,Oil can
tropical and subtropical regions,Paint brush
tropical and subtropical regions,Salamander
tropical and subtropical regions,Saw
tropical and subtropical regions,Screwdriver
tropical and subtropical regions,Shovel
tropical and subtropical regions,Snake
tropical and subtropical regions,Spanner
tropical and subtropical regions,Toad
tropical and subtropical regions,Tortoise
tropical and subtropical regions,Turtle
tropical and subtropical regions,Vacuum
type,Alligator
type,Anvil
type,Axe
type,Blindworm
type,Boa python
type,Caiman
type,Chameleon
type,Chisel
type,Cobra
type,Crocodile
type,Dinosaur
type,Gecko
type,Grinding disk
type,Hammer
type,Knife
type,Lawn Mower
type,Lizard
type,Nail
type,Oil can
type,Paint brush
type,Salamander
type,Saw
type,Screwdriver
type,Shovel
type,Snake
type,Spanner
type,Toad
type,Tortoise
type,Turtle
type,Vacuum
variable coloration,Alligator
variable coloration,Anvil
variable coloration,Axe
variable coloration,Blindworm
variable coloration,Boa python
variable coloration,Caiman
variable coloration,Chameleon
variable coloration,Chisel
variable coloration,Cobra
variable coloration,Crocodile
variable coloration,Dinosaur
variable coloration,Gecko
variable coloration,Grinding disk
variable coloration,Hammer
variable coloration,Knife
variable coloration,Lawn Mower
variable coloration,Lizard
variable coloration,Nail
variable coloration,Oil can
variable coloration,Paint brush
variable coloration,Salamander
variable coloration,Saw
variable coloration,Screwdriver
variable coloration,Shovel
variable coloration,Snake
variable coloration,Spanner
variable coloration,Toad
variable coloration,Tortoise
variable coloration,Turtle
variable coloration,Vacuum
viviparous,Alligator
viviparous,Anvil
viviparous,Axe
viviparous,Blindworm
viviparous,Boa python
viviparous,Caiman
viviparous,Chameleon
viviparous,Chisel
viviparous,Cobra
viviparous,Crocodile
viviparous,Dinosaur
viviparous,Gecko
viviparous,Grinding disk
viviparous,Hammer
viviparous,Knife
viviparous,Lawn Mower
viviparous,Lizard
viviparous,Nail
viviparous,Oil can
viviparous,Paint brush
viviparous,Salamander
viviparous,Saw
viviparous,Screwdriver
viviparous,Shovel
viviparous,Snake
viviparous,Spanner
viviparous,Toad
viviparous,Tortoise
viviparous,Turtle
viviparous,Vacuum
warm-blooded,Alligator
warm-blooded,Anvil
warm-blooded,Axe
warm-blooded,Blindworm
warm-blooded,Boa python
warm-blooded,Caiman
warm-blooded,Chameleon
warm-blooded,Chisel
warm-blooded,Cobra
warm-blooded,Crocodile
warm-blooded,Dinosaur
warm-blooded,Gecko
warm-blooded,Grinding disk
warm-blooded,Hammer
warm-blooded,Knife
warm-blooded,Lawn Mower
warm-blooded,Lizard
warm-blooded,Nail
warm-blooded,Oil can
warm-blooded,Paint brush
warm-blooded,Salamander
warm-blooded,Saw
warm-blooded,Screwdriver
warm-blooded,Shovel
warm-blooded,Snake
warm-blooded,Spanner
warm-blooded,Toad
warm-blooded,Tortoise
warm-blooded,Turtle
warm-blooded,Vacuum
webbed feet,Alligator
webbed feet,Anvil
webbed feet,Axe
webbed feet,Blindworm
webbed feet,Boa python
webbed feet,Caiman
webbed feet,Chameleon
webbed feet,Chisel
webbed feet,Cobra
webbed feet,Crocodile
webbed feet,Dinosaur
webbed feet,Gecko
webbed feet,Grinding disk
webbed feet,Hammer
webbed feet,Knife
webbed feet,Lawn Mower
webbed feet,Lizard
webbed feet,Nail
webbed feet,Oil can
webbed feet,Paint brush
webbed feet,Salamander
webbed feet,Saw
webbed feet,Screwdriver
webbed feet,Shovel
webbed feet,Snake
webbed feet,Spanner
webbed feet,Toad
webbed feet,Tortoise
webbed feet,Turtle
webbed feet,Vacuum
weight,Alligator
weight,Anvil
weight,Axe
weight,Blindworm
weight,Boa python
weight,Caiman
weight,Chameleon
weight,Chisel
weight,Cobra
weight,Crocodile
weight,Dinosaur
weight,Gecko
weight,Grinding disk
weight,Hammer
weight,Knife
weight,Lawn Mower
weight,Lizard
weight,Nail
weight,Oil can
weight,Paint brush
weight,Salamander
weight,Saw
weight,Screwdriver
weight,Shovel
weight,Snake
weight,Spanner
weight,Toad
weight,Tortoise
weight,Turtle
weight,Vacuum
weight distribution,Alligator
weight distribution,Anvil
weight distribution,Axe
weight distribution,Blindworm
weight distribution,Boa python
weight distribution,Caiman
weight distribution,Chameleon
weight distribution,Chisel
weight distribution,Cobra
weight distribution,Crocodile
weight distribution,Dinosaur
weight distribution,Gecko
weight distribution,Grinding disk
weight distribution,Hammer
weight distribution,Knife
weight distribution,Lawn Mower
weight distribution,Lizard
weight distribution,Nail
weight distribution,Oil can
weight distribution,Paint brush
weight distribution,Salamander
weight distribution,Saw
weight distribution,Screwdriver
weight distribution,Shovel
weight distribution,Snake
weight distribution,Spanner
weight distribution,Toad
weight distribution,Tortoise
weight distribution,Turtle
weight distribution,Vacuum
wheels,Alligator
wheels,Anvil
wheels,Axe
wheels,Blindworm
wheels,Boa python
wheels,Caiman
wheels,Chameleon
wheels,Chisel
wheels,Cobra
wheels,Crocodile
wheels,Dinosaur
wheels,Gecko
wheels,Grinding disk
wheels,Hammer
wheels,Knife
wheels,Lawn Mower
wheels,Lizard
wheels,Nail
wheels,Oil can
wheels,Paint brush
wheels,Salamander
wheels,Saw
wheels,Screwdriver
wheels,Shovel
wheels,Snake
wheels,Spanner
wheels,Toad
wheels,Tortoise
wheels,Turtle
wheels,Vacuum
width,Alligator
width,Anvil
width,Axe
width,Blindworm
width,Boa python
width,Caiman
width,Chameleon
width,Chisel
width,Cobra
width,Crocodile
width,Dinosaur
width,Gecko
width,Grinding disk
width,Hammer
width,Knife
width,Lawn Mower
width,Lizard
width,Nail
width,Oil can
width,Paint brush
width,Salamander
width,Saw
width,Screwdriver
width,Shovel
width,Snake
width,Spanner
width,Toad
width,Tortoise
width,Turtle
width,Vacuum
