antennae,accordion
antennae,acorn
antennae,airplane
antennae,aloe
antennae,ant
antennae,anteater
antennae,anvil
antennae,apple
antennae,artichoke
antennae,bagel
antennae,banana
antennae,banjo
antennae,barrel
antennae,bat
antennae,beaver
antennae,bed
antennae,beet
antennae,beetle
antennae,bell
antennae,belt
antennae,bird
antennae,blender
antennae,blowtorch
antennae,blueberry
antennae,boa
antennae,boar
antennae,bread
antennae,brussels sprouts
antennae,bucket
antennae,burrito
antennae,cactus
antennae,candle
antennae,candy
antennae,cannon
antennae,car
antennae,carrot
antennae,cart
antennae,cat
antennae,caterpillar
antennae,celery
antennae,chili
antennae,chinchilla
antennae,chisel
antennae,clarinet
antennae,coat
antennae,coconut
antennae,crow
antennae,crowbar
antennae,dragonfly
antennae,dress
antennae,eagle
antennae,eggbeater
antennae,fig
antennae,file
antennae,flute
antennae,fly
antennae,grenade
antennae,jeans
antennae,missile
antennae,motorcycle
brakes,accordion
brakes,acorn
brakes,airplane
brakes,aloe
brakes,ant
brakes,anteater
brakes,anvil
brakes,apple
brakes,artichoke
brakes,bagel
brakes,banana
brakes,banjo
brakes,barrel
brakes,bat
brakes,beaver
brakes,bed
brakes,beet
brakes,beetle
brakes,bell
brakes,belt
brakes,bird
brakes,blender
brakes,blowtorch
brakes,blueberry
brakes,boa
brakes,boar
brakes,bread
brakes,brussels sprouts
brakes,bucket
brakes,burrito
brakes,cactus
brakes,candle
brakes,candy
brakes,cannon
brakes,car
brakes,carrot
brakes,cart
brakes,cat
brakes,caterpillar
brakes,celery
brakes,chili
brakes,chinchilla
brakes,chisel
brakes,clarinet
brakes,coat
brakes,coconut
brakes,crow
brakes,crowbar
brakes,dragonfly
brakes,dress
brakes,eagle
brakes,eggbeater
brakes,fig
brakes,file
brakes,flute
brakes,fly
brakes,grenade
brakes,jeans
brakes,missile
brakes,motorcycle
color,accordion
color,acorn
color,airplane
color,aloe
color,ant
color,anteater
color,anvil
color,apple
color,artichoke
color,bagel
color,banana
color,banjo
color,barrel
color,bat
color,beaver
color,bed
color,beet
color,beetle
color,bell
color,belt
color,bird
color,blender
color,blowtorch
color,blueberry
color,boa
color,boar
color,bread
color,brussels sprouts
color,bucket
color,burrito
color,cactus
color,candle
color,candy
color,cannon
color,car
color,carrot
color,cart
color,cat
color,caterpillar
color,celery
color,chili
color,chinchilla
color,chisel
color,clarinet
color,coat
color,coconut
color,crow
color,crowbar
color,dragonfly
color,dress
color,eagle
color,eggbeater
color,fig
color,file
color,flute
color,fly
color,grenade
color,jeans
color,missile
color,motorcycle
compound eyes,accordion
compound eyes,acorn
compound eyes,airplane
compound eyes,aloe
compound eyes,ant
compound eyes,anteater
compound eyes,anvil
compound eyes,apple
compound eyes,artichoke
compound eyes,bagel
compound eyes,banana
compound eyes,banjo
compound eyes,barrel
compound eyes,bat
compound eyes,beaver
compound eyes,bed
compound eyes,beet
compound eyes,beetle
compound eyes,bell
compound eyes,belt
compound eyes,bird
compound eyes,blender
compound eyes,blowtorch
compound eyes,blueberry
compound eyes,boa
compound eyes,boar
compound eyes,bread
compound eyes,brussels sprouts
compound eyes,bucket
compound eyes,burrito
compound eyes,cactus
compound eyes,candle
compound eyes,candy
compound eyes,cannon
compound eyes,car
compound eyes,carrot
compound eyes,cart
compound eyes,cat
compound eyes,caterpillar
compound eyes,celery
compound eyes,chili
compound eyes,chinchilla
compound eyes,chisel
compound eyes,clarinet
compound eyes,coat
compound eyes,coconut
compound eyes,crow
compound eyes,crowbar
compound eyes,dragonfly
compound eyes,dress
compound eyes,eagle
compound eyes,eggbeater
compound eyes,fig
compound eyes,file
compound eyes,flute
compound eyes,fly
compound eyes,grenade
compound eyes,jeans
compound eyes,missile
compound eyes,motorcycle
crunchy,accordion
crunchy,acorn
crunchy,airplane
crunchy,aloe
crunchy,ant
crunchy,anteater
crunchy,anvil
crunchy,apple
crunchy,artichoke
crunchy,bagel
crunchy,banana
crunchy,banjo
crunchy,barrel
crunchy,bat
crunchy,beaver
crunchy,bed
crunchy,beet
crunchy,beetle
crunchy,bell
crunchy,belt
crunchy,bird
crunchy,blender
crunchy,blowtorch
crunchy,blueberry
crunchy,boa
crunchy,boar
crunchy,bread
crunchy,brussels sprouts
crunchy,bucket
crunchy,burrito
crunchy,cactus
crunchy,candle
crunchy,candy
crunchy,cannon
crunchy,car
crunchy,carrot
crunchy,cart
crunchy,cat
crunchy,caterpillar
crunchy,celery
crunchy,chili
crunchy,chinchilla
crunchy,chisel
crunchy,clarinet
crunchy,coat
crunchy,coconut
crunchy,crow
crunchy,crowbar
crunchy,dragonfly
crunchy,dress
crunchy,eagle
crunchy,eggbeater
crunchy,fig
crunchy,file
crunchy,flute
crunchy,fly
crunchy,grenade
crunchy,jeans
crunchy,missile
crunchy,motorcycle
durable,accordion
durable,acorn
durable,airplane
durable,aloe
durable,ant
durable,anteater
durable,anvil
durable,apple
durable,artichoke
durable,bagel
durable,banana
durable,banjo
durable,barrel
durable,bat
durable,beaver
durable,bed
durable,beet
durable,beetle
durable,bell
durable,belt
durable,bird
durable,blender
durable,blowtorch
durable,blueberry
durable,boa
durable,boar
durable,bread
durable,brussels sprouts
durable,bucket
durable,burrito
durable,cactus
durable,candle
durable,candy
durable,cannon
durable,car
durable,carrot
durable,cart
durable,cat
durable,caterpillar
durable,celery
durable,chili
durable,chinchilla
durable,chisel
durable,clarinet
durable,coat
durable,coconut
durable,crow
durable,crowbar
durable,dragonfly
durable,dress
durable,eagle
durable,eggbeater
durable,fig
durable,file
durable,flute
durable,fly
durable,grenade
durable,jeans
durable,missile
durable,motorcycle
edible,accordion
edible,acorn
edible,airplane
edible,aloe
edible,ant
edible,anteater
edible,anvil
edible,apple
edible,artichoke
edible,bagel
edible,banana
edible,banjo
edible,barrel
edible,bat
edible,beaver
edible,bed
edible,beet
edible,beetle
edible,bell
edible,belt
edible,bird
edible,blender
edible,blowtorch
edible,blueberry
edible,boa
edible,boar
edible,bread
edible,brussels sprouts
edible,bucket
edible,burrito
edible,cactus
edible,candle
edible,candy
edible,cannon
edible,car
edible,carrot
edible,cart
edible,cat
edible,caterpillar
edible,celery
edible,chili
edible,chinchilla
edible,chisel
edible,clarinet
edible,coat
edible,coconut
edible,crow
edible,crowbar
edible,dragonfly
edible,dress
edible,eagle
edible,eggbeater
edible,fig
edible,file
edible,flute
edible,fly
edible,grenade
edible,jeans
edible,missile
edible,motorcycle
low in calories,accordion
low in calories,acorn
low in calories,airplane
low in calories,aloe
low in calories,ant
low in calories,anteater
low in calories,anvil
low in calories,apple
low in calories,artichoke
low in calories,bagel
low in calories,banana
low in calories,banjo
low in calories,barrel
low in calories,bat
low in calories,beaver
low in calories,bed
low in calories,beet
low in calories,beetle
low in calories,bell
low in calories,belt
low in calories,bird
low in calories,blender
low in calories,blowtorch
low in calories,blueberry
low in calories,boa
low in calories,boar
low in calories,bread
low in calories,brussels sprouts
low in calories,bucket
low in calories,burrito
low in calories,cactus
low in calories,candle
low in calories,candy
low in calories,cannon
low in calories,car
low in calories,carrot
low in calories,cart
low in calories,cat
low in calories,caterpillar
low in calories,celery
low in calories,chili
low in calories,chinchilla
low in calories,chisel
low in calories,clarinet
low in calories,coat
low in calories,coconut
low in calories,crow
low in calories,crowbar
low in calories,dragonfly
low in calories,dress
low in calories,eagle
low in calories,eggbeater
low in calories,fig
low in calories,file
low in calories,flute
low in calories,fly
low in calories,grenade
low in calories,jeans
low in calories,missile
low in calories,motorcycle
nocturnal,accordion
nocturnal,acorn
nocturnal,airplane
nocturnal,aloe
nocturnal,ant
nocturnal,anteater
nocturnal,anvil
nocturnal,apple
nocturnal,artichoke
nocturnal,bagel
nocturnal,banana
nocturnal,banjo
nocturnal,barrel
nocturnal,bat
nocturnal,beaver
nocturnal,bed
nocturnal,beet
nocturnal,beetle
nocturnal,bell
nocturnal,belt
nocturnal,bird
nocturnal,blender
nocturnal,blowtorch
nocturnal,blueberry
nocturnal,boa
nocturnal,boar
nocturnal,bread
nocturnal,brussels sprouts
nocturnal,bucket
nocturnal,burrito
nocturnal,cactus
nocturnal,candle
nocturnal,candy
nocturnal,cannon
nocturnal,car
nocturnal,carrot
nocturnal,cart
nocturnal,cat
nocturnal,caterpillar
nocturnal,celery
nocturnal,chili
nocturnal,chinchilla
nocturnal,chisel
nocturnal,clarinet
nocturnal,coat
nocturnal,coconut
nocturnal,crow
nocturnal,crowbar
nocturnal,dragonfly
nocturnal,dress
nocturnal,eagle
nocturnal,eggbeater
nocturnal,fig
nocturnal,file
nocturnal,flute
nocturnal,fly
nocturnal,grenade
nocturnal,jeans
nocturnal,missile
nocturnal,motorcycle
range,accordion
range,acorn
range,airplane
range,aloe
range,ant
range,anteater
range,anvil
range,apple
range,artichoke
range,bagel
range,banana
range,banjo
range,barrel
range,bat
range,beaver
range,bed
range,beet
range,beetle
range,bell
range,belt
range,bird
range,blender
range,blowtorch
range,blueberry
range,boa
range,boar
range,bread
range,brussels sprouts
range,bucket
range,burrito
range,cactus
range,candle
range,candy
range,cannon
range,car
range,carrot
range,cart
range,cat
range,caterpillar
range,celery
range,chili
range,chinchilla
range,chisel
range,clarinet
range,coat
range,coconut
range,crow
range,crowbar
range,dragonfly
range,dress
range,eagle
range,eggbeater
range,fig
range,file
range,flute
range,fly
range,grenade
range,jeans
range,missile
range,motorcycle
round,accordion
round,acorn
round,airplane
round,aloe
round,ant
round,anteater
round,anvil
round,apple
round,artichoke
round,bagel
round,banana
round,banjo
round,barrel
round,bat
round,beaver
round,bed
round,beet
round,beetle
round,bell
round,belt
round,bird
round,blender
round,blowtorch
round,blueberry
round,boa
round,boar
round,bread
round,brussels sprouts
round,bucket
round,burrito
round,cactus
round,candle
round,candy
round,cannon
round,car
round,carrot
round,cart
round,cat
round,caterpillar
round,celery
round,chili
round,chinchilla
round,chisel
round,clarinet
round,coat
round,coconut
round,crow
round,crowbar
round,dragonfly
round,dress
round,eagle
round,eggbeater
round,fig
round,file
round,flute
round,fly
round,grenade
round,jeans
round,missile
round,motorcycle
six legs,accordion
six legs,acorn
six legs,airplane
six legs,aloe
six legs,ant
six legs,anteater
six legs,anvil
six legs,apple
six legs,artichoke
six legs,bagel
six legs,banana
six legs,banjo
six legs,barrel
six legs,bat
six legs,beaver
six legs,bed
six legs,beet
six legs,beetle
six legs,bell
six legs,belt
six legs,bird
six legs,blender
six legs,blowtorch
six legs,blueberry
six legs,boa
six legs,boar
six legs,bread
six legs,brussels sprouts
six legs,bucket
six legs,burrito
six legs,cactus
six legs,candle
six legs,candy
six legs,cannon
six legs,car
six legs,carrot
six legs,cart
six legs,cat
six legs,caterpillar
six legs,celery
six legs,chili
six legs,chinchilla
six legs,chisel
six legs,clarinet
six legs,coat
six legs,coconut
six legs,crow
six legs,crowbar
six legs,dragonfly
six legs,dress
six legs,eagle
six legs,eggbeater
six legs,fig
six legs,file
six legs,flute
six legs,fly
six legs,grenade
six legs,jeans
six legs,missile
six legs,motorcycle
size,accordion
size,acorn
size,airplane
size,aloe
size,ant
size,anteater
size,anvil
size,apple
size,artichoke
size,bagel
size,banana
size,banjo
size,barrel
size,bat
size,beaver
size,bed
size,beet
size,beetle
size,bell
size,belt
size,bird
size,blender
size,blowtorch
size,blueberry
size,boa
size,boar
size,bread
size,brussels sprouts
size,bucket
size,burrito
size,cactus
size,candle
size,candy
size,cannon
size,car
size,carrot
size,cart
size,cat
size,caterpillar
size,celery
size,chili
size,chinchilla
size,chisel
size,clarinet
size,coat
size,coconut
size,crow
size,crowbar
size,dragonfly
size,dress
size,eagle
size,eggbeater
size,fig
size,file
size,flute
size,fly
size,grenade
size,jeans
size,missile
size,motorcycle
small size,accordion
small size,acorn
small size,airplane
small size,aloe
small size,ant
small size,anteater
small size,anvil
small size,apple
small size,artichoke
small size,bagel
small size,banana
small size,banjo
small size,barrel
small size,bat
small size,beaver
small size,bed
small size,beet
small size,beetle
small size,bell
small size,belt
small size,bird
small size,blender
small size,blowtorch
small size,blueberry
small size,boa
small size,boar
small size,bread
small size,brussels sprouts
small size,bucket
small size,burrito
small size,cactus
small size,candle
small size,candy
small size,cannon
small size,car
small size,carrot
small size,cart
small size,cat
small size,caterpillar
small size,celery
small size,chili
small size,chinchilla
small size,chisel
small size,clarinet
small size,coat
small size,coconut
small size,crow
small size,crowbar
small size,dragonfly
small size,dress
small size,eagle
small size,eggbeater
small size,fig
small size,file
small size,flute
small size,fly
small size,grenade
small size,jeans
small size,missile
small size,motorcycle
sweet,accordion
sweet,acorn
sweet,airplane
sweet,aloe
sweet,ant
sweet,anteater
sweet,anvil
sweet,apple
sweet,artichoke
sweet,bagel
sweet,banana
sweet,banjo
sweet,barrel
sweet,bat
sweet,beaver
sweet,bed
sweet,beet
sweet,beetle
sweet,bell
sweet,belt
sweet,bird
sweet,blender
sweet,blowtorch
sweet,blueberry
sweet,boa
sweet,boar
sweet,bread
sweet,brussels sprouts
sweet,bucket
sweet,burrito
sweet,cactus
sweet,candle
sweet,candy
sweet,cannon
sweet,car
sweet,carrot
sweet,cart
sweet,cat
sweet,caterpillar
sweet,celery
sweet,chili
sweet,chinchilla
sweet,chisel
sweet,clarinet
sweet,coat
sweet,coconut
sweet,crow
sweet,crowbar
sweet,dragonfly
sweet,dress
sweet,eagle
sweet,eggbeater
sweet,fig
sweet,file
sweet,flute
sweet,fly
sweet,grenade
sweet,jeans
sweet,missile
sweet,motorcycle
