concept,rep,prompt,response
Alligator,0,"List the features and properties of a Alligator. Give a plain list, one property per line, no explanations.","- Reptile
- Cold-blooded
- Scales
- Predators
- Strong jaws
- Sharp teeth
- Tail for propulsion
- Rough skin
- Four legs
- Nostrils at tip of snout
- Dorsal crest
- Poor eyesight
- Excellent sense of smell
- Waterproof eyelids
- Webbed feet
- Carnivorous
- Long lifespan
- Solitary nature
- Tough scutes
- Males larger than females
- Nest builders
- Incubation temperature determines sex
- Crocodilian family
- Armored body
- Adults have no natural predators
- Vocalizations for communication"
Alligator,1,"List the features and properties of a Alligator. Give a plain list, one property per line, no explanations.","- Reptile
- Scaly skin
- Cold-blooded
- Sharp teeth
- Strong jaws
- Large body
- Short legs
- Long tail
- Excellent swimmer
- Carnivorous
- Nostrils on top of snout
- Dorsal ridges
- Four toes on front feet, five on back
- Rough, armored belly
- Green, brown, or black color
- Lives in freshwater habitats
- Good night vision
- Vestigial diaphragm
- Sexual dimorphism
- Monogamous in some species
- Mucous membrane lining mouth
- Vital organs protected by rib cage
- Highly developed muscles for jaw closing
- Poor muscle control for opening jaws
- Horizontal pupils
- Species: Alligator mississippiensis (American Alligator) or Alligator sinensis (Chinese Alligator)"
Alligator,2,"List the features and properties of a Alligator. Give a plain list, one property per line, no explanations.","- Reptile
- Crocodilian
- Scaly skin
- Cold-blooded
- Strong tail
- Sharp teeth
- Excellent swimmer
- Amphibious
- Carnivorous
- Four legs
- Lateral line system
- Armored body
- Eyes on top of head
- Nostrils at the end of snout
- Fourth toe on hind feet is clawless
- Females build nests for eggs
- Incubation period influences sex of offspring
- Lifespan up to 50 years in wild
- Highly territorial
- Can grow up to 15 feet (4.6 m) in length
- Powerful jaws"
Alligator,3,"List the features and properties of a Alligator. Give a plain list, one property per line, no explanations.","Reptile
Cold-blooded
Scaly skin
Dorsal ridge
Powerful tail
Sharp teeth
Webbed hind feet
V-shaped snout
Oval shaped eggs
Predator
Aquatic lifestyle
Poor eyesight on land
Good night vision
Long lifespan
Bony plates (osteoderms) under skin
Strong jaw muscles
Ambush predator
Excellent swimmers
Poor runners on land
Air breathing
Nostrils at top of snout
Ectothermic"
Alligator,4,"List the features and properties of a Alligator. Give a plain list, one property per line, no explanations.","Reptile
Amniote
Scaly skin
Ectothermic
Predator
Teeth
Sharp vision
Strong tail
Webbed feet
Swims well
Jaw strength
Night vision
Long lifespan
Oviparous
Territorial
Ambush predator
Poor running ability
Well adapted to water
Cold blooded
Nostrils at tip of snout
Dorsal ridges
Flexible back for swimming"
Anvil,0,"List the features and properties of a Anvil. Give a plain list, one property per line, no explanations.","Hard surface 
Solid construction 
Stable base 
Durable material 
Flat top 
Weighty 
Rounded edges 
Heavy duty 
Made of steel or iron 
Non-porous surface 
Typically grey or black in color"
Anvil,1,"List the features and properties of a Anvil. Give a plain list, one property per line, no explanations.","Hard surface 
Heavy weight 
Durable material 
Flat top 
Raised edges 
Smooth surface 
Wide base 
Stable structure 
Metal construction 
Forge accessory 
Impact resistant 
Wear resistant"
Anvil,2,"List the features and properties of a Anvil. Give a plain list, one property per line, no explanations.","Hard
Durable
Massive
Flat surface
Rounded edges
Metal or stone
Heavy
Stable
Strike surface
Impact resistant"
Anvil,3,"List the features and properties of a Anvil. Give a plain list, one property per line, no explanations.","Durability
Weight
Flat surface
Hardness
Typically made from iron or steel
Handle for lifting
Used for shaping metal
Smooth surface for workpiece placement
Designed for striking force absorption"
Anvil,4,"List the features and properties of a Anvil. Give a plain list, one property per line, no explanations.","Durability
Weight 
Hardness
Surface Area for Striking
Shape 
Material Composition 
Heat Resistance 
Size 
Smoothness 
Wear Resistance 
Craftsmanship"
Axe,0,"List the features and properties of a Axe. Give a plain list, one property per line, no explanations.","Handle
Head
Blade
Edge
Weight
Balance
Material composition
Length
Shape
Head shape"
Axe,1,"List the features and properties of a Axe. Give a plain list, one property per line, no explanations.","Blade
Handle
Haft
Head
Edge
Weight
Balance
Material 
Type (hatchet, felling axe, etc.)
Length"
Axe,2,"List the features and properties of a Axe. Give a plain list, one property per line, no explanations.","Handle
Blade
Edge
Weight
Length
Balance point
Material
Head
Shape
Purpose"
Axe,3,"List the features and properties of a Axe. Give a plain list, one property per line, no explanations.","Handle
Blade
Edge
Weight
Length
Head
Material
Shape
Balance
Sharpness
Grind
Bevel
Haft
Wood or synthetic
Attachment method
Use
Historical significance
Type (e.g., splitting, felling, throwing)"
Axe,4,"List the features and properties of a Axe. Give a plain list, one property per line, no explanations.","Blade
Handle
Sharp edge
Weight balance
Material composition
Head
Wooden or composite handle
Versatile tool
Serrated or smooth edge"
Blindworm,0,"List the features and properties of a Blindworm. Give a plain list, one property per line, no explanations.","Legless lizard
Small size
Oval-shaped head
Sharp teeth
Nocturnal
Dull coloration
Scales
Tiny eyes
Harmless to humans
Found in Europe and Asia"
Blindworm,1,"List the features and properties of a Blindworm. Give a plain list, one property per line, no explanations.","- Legless
- Scaled reptile
- Burrows in the ground
- Nocturnal
- Slow moving
- Small eyes
- Viviparous (live birth)
- Carnivorous
- Found in Europe
- Can survive without food for months
- Long lifespan for reptiles
- Females larger than males
- Hibernates in winter"
Blindworm,2,"List the features and properties of a Blindworm. Give a plain list, one property per line, no explanations.","Nocturnal 
Legless lizard 
Bites when provoked 
Eats ants and termites 
Small eyes 
Long body 
Dull brown color 
Tail mimics head for defense 
Found in Europe and Asia 
Often mistaken for a snake 
Slow movement 
Skin with scales 
Lives under stones and logs"
Blindworm,3,"List the features and properties of a Blindworm. Give a plain list, one property per line, no explanations.","Snout-vent length up to 26 cm
Lacks limbs
Has rudimentary eyes covered with skin
Lays eggs
Has smooth and shiny scales
Dorsal color can vary
Nostrils are visible
Forked tongue
Lives underground or under debris
Found in Europe and Asia
Predominantly insectivorous
Long and cylindrical body"
Blindworm,4,"List the features and properties of a Blindworm. Give a plain list, one property per line, no explanations.","- Legless reptile
- Also known as a slow worm
- No visible ears
- Scales with a shiny appearance
- Can regenerate lost tail
- Small eyes with movable eyelids
- Lives mostly underground
- Diurnal and sometimes nocturnal
- Carnivorous diet
- Average length 20-45 cm
- Found in Europe and Asia
- Can live up to 30 years
- Similar in appearance to a snake
- Males have distinct copulatory organs
- Give birth to live young
- Active mainly in warm weather"
Boa python,0,"List the features and properties of a Boa python. Give a plain list, one property per line, no explanations.","- Nonvenomous constrictor
- Native to South and Central America
- Can grow up to 13 feet
- Lifespan of up to 30 years
- Solitary and nocturnal
- Has heat-sensing pits on its face
- Skilled swimmer
- Preys on small mammals and birds
- Female lays 10-60 eggs
- Regulates body temperature by basking
- Can go months without eating
- Excellent climber
- Dark brown, tan, and black patterned skin
- Scales cover the entire body
- Strong muscular body used for constriction
- Can swallow prey whole

(Note: A specific average length can vary based on the subspecies and individual instances. The above properties and features provide a general overview of Boa constrictors.)"
Boa python,1,"List the features and properties of a Boa python. Give a plain list, one property per line, no explanations.","Large size
Non-venomous
Constrictor
Solitary creature
Nocturnal
Broad head
Heat-sensing pits
Dorsal scales
Anal spurs
Ambush predator
Oviparous
Powerful muscles
Longevity
Variety of color patterns 
Strong immune system
Prehensile tail
Ectothermic"
Boa python,2,"List the features and properties of a Boa python. Give a plain list, one property per line, no explanations.","- Non-venomous
- Constrictor
- Can grow up to 13 feet
- Heavy-bodied
- Solitary
- Carnivorous
- Has heat sensing pits
- Long lifespan
- Patterned skin
- Good swimmers
- Lay eggs"
Boa python,3,"List the features and properties of a Boa python. Give a plain list, one property per line, no explanations.","Large size 
Nonvenomous 
Solitary creatures 
Constrictors 
Good swimmers 
Nocturnal 
Can go months without eating 
Have heat-sensing pits on their faces 
Oviparous 
Lay up to 50 eggs at a time 
Can live up to 30 years in captivity 
Natural camouflage 
Skin color varies 
Indigenous to South and Central America 
Prefer humid environments 
Powerful digestive systems 
Shed their skin as they grow"
Boa python,4,"List the features and properties of a Boa python. Give a plain list, one property per line, no explanations.","- Non-venomous
- Constrictor
- Large size
- Prehensile tail
- Solitary lifestyle
- Carnivorous
- Slow metabolism
- Heat sensing pits
- Shedding skin
- Long lifespan
- Variable coloration
- Excellent swimmers
- Nocturnal"
Caiman,0,"List the features and properties of a Caiman. Give a plain list, one property per line, no explanations.","Short snout
Dorsal armor
Oval shaped scales
Nostrils at tip of snout
Webbed hind feet
Powerful tail
Ambush predator
Aquatic lifestyle
Night vision
Telescoping eyes
Scaly skin"
Caiman,1,"List the features and properties of a Caiman. Give a plain list, one property per line, no explanations.","- Reptile
- Semi-aquatic
- Carnivorous
- Scaly skin
- Armored belly
- Tail for swimming
- Sharp teeth
- Cold-blooded
- Amphibious
- Nostrils at the tip of snout
- Webbed feet
- Camouflage coloration
- Four limbs
- Hinged jaw
- Oviparous
- Eyes on top of head"
Caiman,2,"List the features and properties of a Caiman. Give a plain list, one property per line, no explanations.","- Crocodilian
- Amphibious
- Scaly skin
- Webbed hind feet
- Powerful tail
- Sharp teeth
- Armored belly
- Lateral pressure receptors
- Nostrils at the tip of the snout
- Dorsal crest
- Osteoderms
- Tectonic plates on skull
- Ectothermic
- Viviparous or oviparous reproduction"
Caiman,3,"List the features and properties of a Caiman. Give a plain list, one property per line, no explanations.","- Reptile
- Semi-aquatic
- Scaly skin
- Webbed feet
- Tail for propulsion
- Sharp teeth
- Carnivorous
- Excellent night vision
- Armored belly plates
- Powerful jaws
- Cold-blooded
- Long lifespan
- Deciduous teeth in young
- Sexual dimorphism
- Males larger than females
- Found in warmer climates
- Oviparous
- Social behavior in some species"
Caiman,4,"List the features and properties of a Caiman. Give a plain list, one property per line, no explanations.","- Armored scales
- Shorter snout than alligators
- Omnivorous diet
- Generally smaller than alligators
- Webbed hind feet
- Nostrils, eyes, and ears positioned on top of the head
- Four short legs
- Dorsal scutes
- Tail armored with bony scutes
- Aquatic predator
- Mostly nocturnal
- Found in Central and South America
- Can exhibit parental care in some species
- Teeth visible even when mouth is closed
- Females build nests for eggs
- Possess a palatal valve to keep water out of the throat when submerged"
Chameleon,0,"List the features and properties of a Chameleon. Give a plain list, one property per line, no explanations.","- Camouflage ability
- Prehensile tail
- Bulging eyes for 360° vision
- Long, sticky tongue for catching prey
- Rough skin texture
- Elongated and laterally compressed body
- Zootoxin in some species
- Slow movement
- Viviparous or oviparous reproduction
- Regenerative tail growth in some species
- Sharp claws for climbing
- Small size
- Omnivorous diet
- Bony protrusions on head in some species
- Color-changing skin in response to mood, temperature, and light"
Chameleon,1,"List the features and properties of a Chameleon. Give a plain list, one property per line, no explanations.","- Camouflage
- Prehensile tail
- Bulging eyes
- Slow movement
- Small size
- Long sticky tongue
- Ability to regenerate lost tails
- Males have helmet-like casques
- Viviparous or oviparous
- Color vision
- Swiveling eyes
- Rough skin texture"
Chameleon,2,"List the features and properties of a Chameleon. Give a plain list, one property per line, no explanations.","Ability to change color
Zygodactyl feet
Prehensile tail
Laterally flat body
Large eyes with 360 degree vision
Elongated tongue
Carnivorous diet
Poor hearing
Slow movement"
Chameleon,3,"List the features and properties of a Chameleon. Give a plain list, one property per line, no explanations.","- Color changing skin
- Prehensile tail
- Bulging eyes with 360 degree vision
- Zygomatic arch
- Long sticky tongue
- Camouflage
- Slow movement
- Small size
- Serrated teeth
- Omnivorous diet"
Chameleon,4,"List the features and properties of a Chameleon. Give a plain list, one property per line, no explanations.","- Camouflage
- Prehensile tail
- Bulging eyes
- Tongue projection
- Zygodactyl feet
- Parrot-like beak
- Viviparous or oviparous
- Third eyelid
- Ability to change color
- Regenerative tail
- Small size
- Omnivorous diet
- Scales
- Slow movement
- Nocturnal
- Native to Africa
- Long lifespan for reptile"
Chisel,0,"List the features and properties of a Chisel. Give a plain list, one property per line, no explanations.","Sharp edge
Flat blade 
Handle
Blunt end opposite edge
Versatile use 
Manual tool 
Hardened steel or similar material 
Varied sizes
Designed for cutting and carving 
Craftsmanship requirement for use 
Crafted with a tang or socket attachment for handle 
Can have various edge shapes (straight, curved, etc.)"
Chisel,1,"List the features and properties of a Chisel. Give a plain list, one property per line, no explanations.","Sharp edge 
Blunt end 
Flat body 
Handheld 
Made from metal 
Versatile 
Wedge shape 
Used for carving 
Used for cutting 
Used for engraving 
Typically one-sided 
Can have wooden handle 
Durable 
Crafted for specific uses 
Come in various shapes and sizes"
Chisel,2,"List the features and properties of a Chisel. Give a plain list, one property per line, no explanations.","Blade 
Handle 
Sharp edge 
Metal material 
Beveled edge 
Flat side 
Hardness 
Durability 
Wear resistance 
Versatility 
Rounded end"
Chisel,3,"List the features and properties of a Chisel. Give a plain list, one property per line, no explanations.","Blade
Bevel
Flat edge
Handle
Sharpened tip
Hardened steel
Chip breaker
Strike surface"
Chisel,4,"List the features and properties of a Chisel. Give a plain list, one property per line, no explanations.","- Sharp edge
- Flat body
- Hardened steel
- Handle or ferrule
- Beveled edge
- Versatile use
- Ergonomic design
- Lightweight
- Compact size
- Durable material
- Variety of sizes and shapes
- Customizable grip
- Endurance
- Crafted for precision
- Variety of materials for handles
- Designed for manual work
- Heat treated for strength
- Crafted for longevity"
Cobra,0,"List the features and properties of a Cobra. Give a plain list, one property per line, no explanations.","Venomous
Elapid snake
Hood display
Binocular vision
Heat sensing pits
Agile mover
Fast strike
Variable coloration
Sharp teeth
Scaly skin
Nocturnal habits
Oviparous (egg laying)"
Cobra,1,"List the features and properties of a Cobra. Give a plain list, one property per line, no explanations.","Venomous
Elapid
Coloration varies
Heat sensing pits
Able to expand neck into hood
Aggressive when provoked
Terrestrial
Diurnal and nocturnal depending on species
Predator of small mammals
Oviparous in some species
Ventral scales in single row
Sharp fangs"
Cobra,2,"List the features and properties of a Cobra. Give a plain list, one property per line, no explanations.","Venomous
Elapid
Heat sensing pits
Elongated front fangs
Broad, flattened head
Scales
Movable ribs to produce hiss
Variable coloration
Swift movement
Good swimmers
Predatory
Solitary except during mating
Hissing sound as warning
Egg layers
Sharp eyesight
Muscular body"
Cobra,3,"List the features and properties of a Cobra. Give a plain list, one property per line, no explanations.","Venomous
Elapid snake
Large fangs
Hood display
Heat sensing pits
Agile and fast
Nocturnal
Live in tropical climate
Oviparous
Predator of small mammals and reptiles
Diets include eggs and other snakes"
Cobra,4,"List the features and properties of a Cobra. Give a plain list, one property per line, no explanations.","Venomous
Nocturnal
Elapidae family 
Hooding behavior
Heat-sensing pit organs 
Elongated, hollow, fixed fangs 
Variable coloration 
Speedy and agile 
Skilled at climbing and swimming 
Oviparous (egg-laying) 
Predominantly carnivorous diet"
Crocodile,0,"List the features and properties of a Crocodile. Give a plain list, one property per line, no explanations.","- Cold-blooded
- Armored skin
- Sharp teeth
- Powerful tail
- Excellent swimmer
- Four short, strong legs
- Long snout
- Lateral eyes
- Nostrils at the end of snout
- Ears and nostrils close underwater
- Serrated edges on teeth
- Thick scales
- Various species with varying sizes
- Strong bite force
- Camouflage
- Replaced teeth throughout life
- Diurnal and nocturnal behaviors
- Webbed hind feet
- Glands that excrete salt
- Extensive jaw muscles"
Crocodile,1,"List the features and properties of a Crocodile. Give a plain list, one property per line, no explanations.","- Scaly skin
- Cold-blooded
- Powerful jaws
- Sharp teeth
- Streamlined body
- Strong tail
- Four short legs
- Rough, bumpy skin
- Excellent swimmer
- Webbed hind feet
- Eyes and nostrils on top of head
- Four-chambered heart"
Crocodile,2,"List the features and properties of a Crocodile. Give a plain list, one property per line, no explanations.","- Cold-blooded
- Armored skin
- Forked tongue
- Ectothermic
- Excellent swimmers
- Powerful tail
- Sharp teeth
- Four short, strong legs
- Webbed hind feet
- Lateral compression of the tail
- Long, low-slung body
- External ears
- Vocalizations
- Retractable eyelids
- Binocular vision
- Strong jaw muscles
- Oviparous
- Four-chambered heart
- Pointed snout
- Nostrils at the tip of the snout"
Crocodile,3,"List the features and properties of a Crocodile. Give a plain list, one property per line, no explanations.","- Reptile
- Cold-blooded
- Scaly skin
- Dorsal ridge
- Four short, splayed legs
- Long, powerful tail
- Strong jaws
- Sharp teeth
- Webbed hind feet
- Excellent swimmers
- Ectothermic
- Capable of short bursts of speed on land
- Has a four-chambered heart
- Oviparous
- Use seismic communication
- Binocular vision
- Protective armor
- Predatory carnivores
- Solitary hunters
- Long lifespan (up to 70+ years in some species)
- Vocalizations for communication"
Crocodile,4,"List the features and properties of a Crocodile. Give a plain list, one property per line, no explanations.","- Cold-blooded
- Protective armored skin
- Powerful tail
- Elongated snout
- Sharp teeth
- Strong jaws
- Excellent swimmer
- Four short legs
- Nostrils, eyes, and ears are on top of the head
- Can hold breath underwater for long periods
- Scales on back are hard and bony
- Exceptional eyesight and sense of smell
- Live in wetland environments
- Possess a four-chambered heart
- Muscular and flexible body
- May grow up to 20 feet in length
- Nostrils can close underwater
- Possess valve to close ears and nostrils underwater
- Reproduce by laying eggs
- Long lifespan, up to 70 years in the wild
- Highly territorial"
Dinosaur,0,"List the features and properties of a Dinosaur. Give a plain list, one property per line, no explanations.","- Extinct
- Reptilian
- Lived on land
- Laid eggs
- Scaly skin
- Herbivores and carnivores
- Varying sizes
- Some had feathers
- Some had armored plates
- Roamed Earth millions of years ago
- Cold-blooded (most likely)
- Long tails
- Teeth specialized for diet
- Bipedal and quadrupedal
- Some with crests or horns
- Diverse family tree
- Sharp claws"
Dinosaur,1,"List the features and properties of a Dinosaur. Give a plain list, one property per line, no explanations.","Reptilian skin
Teeth
Eggs
Vertebrates
Four limbs
Tail
Scales
Cold-blooded
Diverse body shapes and sizes
Herbivorous or carnivorous
Skeletal structure with bones
Dinosaurs lived on land, not in water or air
Extinct group of reptiles
Various types of locomotion"
Dinosaur,2,"List the features and properties of a Dinosaur. Give a plain list, one property per line, no explanations.","Scales
Large size
Herbivore or carnivore
Reptilian
Extinct
Laid eggs
Cold blooded (likely)
Variety of body types
Had tails
Some had feathers"
Dinosaur,3,"List the features and properties of a Dinosaur. Give a plain list, one property per line, no explanations.","Reptilian
Scaly skin
Predominantly herbivorous or carnivorous
Egglayers
Teeth (varieties based on diet)
Cold-blooded (most likely, but some debate exists)
Predominantly terrestrial
Diverse skeletal structures
Predominantly four-limbed
Diverse locomotion (bipedal or quadrupedal)
Diverse size range (from small to massive)
Some with feathers (birdlike)
Most with tails
Most with two eyes
Most with nostrils
Most with necks
Most with limbs ending in claws or hooves
Many with crests or horns"
Dinosaur,4,"List the features and properties of a Dinosaur. Give a plain list, one property per line, no explanations.","- Scaly skin
- Four limbs
- Usually possessing a long tail
- Mostly lived during the Mesozoic Era
- Laid eggs
- Various sizes from small to gigantic
- Some had feathers
- Herbivorous or carnivorous diets
- Some had horns or crests
- Bipedal or quadrupedal stance
- Some had hollow bones
- Teeth adapted for their diet
- Cold-blooded or warm-blooded debate
- Extinct except for birds
- Wide variety of skull shapes and sizes
- Possessed scales and occasionally quills
- Some had armor plating
- Dominated terrestrial ecosystems
- Some could fly or glide
- Possibility of complex social behaviors
- Used for inspiration in modern culture"
Gecko,0,"List the features and properties of a Gecko. Give a plain list, one property per line, no explanations.","- Nocturnal
- Adhesive pads on feet
- Able to detach tail
- Carnivorous
- Excellent climbers
- Regenerative capabilities
- Varied coloration
- Small size
- Have vertical pupils
- Lay eggs"
Gecko,1,"List the features and properties of a Gecko. Give a plain list, one property per line, no explanations.","Nocturnal
Tough skin
Digital adhesion
Regeneration of lost tail
Variable coloration
Vertical pupils
Abundance of hair-like setae on feet
Omnivorous diet
Tubular lungs
Egg laying creatures
Small to medium size
Cold-blooded
Highly adaptable
Variable life spans"
Gecko,2,"List the features and properties of a Gecko. Give a plain list, one property per line, no explanations.","Adhesive pads on feet 
Nocturnal 
Regenerative tail 
Variety of colors and patterns 
Ectothermic 
Omnivorous diet 
Toe pads for climbing 
Gestation period 1-2 months 
Shedding skin in one piece 
Camouflage abilities 
Large eyes for night vision 
Small body size 
Flexible spine 
Lifespan up to 20 years 
Predominantly solitary 
Vocalizations for communication"
Gecko,3,"List the features and properties of a Gecko. Give a plain list, one property per line, no explanations.","Nocturnal
Adhesive toe pads for climbing
Scaly skin
Omnivorous diet
Tail autotomy
Small size
Camouflage
Variable number of digits
Pest control ability
Regenerative ability
Highly maneuverable
Quick movements"
Gecko,4,"List the features and properties of a Gecko. Give a plain list, one property per line, no explanations.","- Nocturnal
- Sticky feet
- Can detach tail
- Carnivorous
- Tail regeneration
- Varied colors
- Well-developed eyesight
- Excellent climbers
- Very small size
- Have vocal chords
- Lay eggs
- Metamorphosis
- Camouflage abilities
- Have a third eyelid
- Short lifespan
- Cold-blooded
- Mostly solitary
- Prehensile tails in some species"
Grinding disk,0,"List the features and properties of a Grinding disk. Give a plain list, one property per line, no explanations.","Abrasive grains
Binder
Backing material
Hole in the center
Segmented or continuous surface
Coating for longevity
Grain size
Grain type
Hardness
Shape"
Grinding disk,1,"List the features and properties of a Grinding disk. Give a plain list, one property per line, no explanations.","Abrasive material 
Grit size 
Diameter 
Zirconia aluminum oxide 
Fiber reinforced 
Resin bond 
Metal bond 
Diamond grit 
Wear resistance 
Coolant holes 
Perforated 
Straight flutes 
Segmented 
Hook and loop backing 
Shank size 
Taper lock shank 
Balance 
Grinding surface 
Thickness 
Cutting speed 
Safety groove"
Grinding disk,2,"List the features and properties of a Grinding disk. Give a plain list, one property per line, no explanations.","Abrasive material 
Bonding material 
Diameter 
Thickness 
Hole size 
Grain size 
Type of abrasive 
Coating 
Firmness 
Cutting speed 
Precision 
Heat resistance 
Longevity 
Safety features 
Surface roughness 
Reusability 
Edge toughness 
Balanced construction"
Grinding disk,3,"List the features and properties of a Grinding disk. Give a plain list, one property per line, no explanations.","Abrasive grain 
Adhesive bond 
Diameter 
Thickness 
Grit size 
Grain density 
Type of abrasive material 
Grinding surface shape 
Flange 
Hole size 
Material composition 
Coolant compatibility 
Heat resistance 
Hardness 
Tensile strength 
Edge sharpness 
RPM limits 
Safety bevel 
Balanced design 
Exposure to elements resilience 
Cutting action 
Edge retention 
Abrasive grain retention 
Color (for identification) 
Certifications (if any) 
Intended use (industrial or DIY)"
Grinding disk,4,"List the features and properties of a Grinding disk. Give a plain list, one property per line, no explanations.","* Abrasive grit
* Bonding material
* Diameter
* Thickness
* Grade
* Material composition
* Hole diameter
* Edge profile
* Mesh size
* Hardness
* Arbor hole
* Coating
* Radial runout tolerance
* Backing plate material
* Balance grade
* Cut orientation
* Manufacturer's specifications
* Certification markings
* Shelf life"
Hammer,0,"List the features and properties of a Hammer. Give a plain list, one property per line, no explanations.","Mass
Handle length
Head shape
Material of handle
Material of head
Striking face properties
Weight balance
Durability
Grip texture
Handle flexibility
Head size"
Hammer,1,"List the features and properties of a Hammer. Give a plain list, one property per line, no explanations.","Head
Handle
Striking surface
Weight
Material
Length 
Balance point
Grip
Finish 
Type (claw, sledge, ball peen, etc.)
Impact force capability
Durability
Warranty status (if applicable)
Brand (if applicable)
Color"
Hammer,2,"List the features and properties of a Hammer. Give a plain list, one property per line, no explanations.","Handle
Head
Striking face
Peen
Weight
Material (wood, metal, fiberglass)
Size
Shape
Type (claw, sledge, ball peen, etc.)
Function (striking, prying, driving nails, etc.)
Surface finish (smooth, textured, etc.)
Durability
Balance"
Hammer,3,"List the features and properties of a Hammer. Give a plain list, one property per line, no explanations.","Handle
Head
Striking face
Peen
Material composition
Weight
Length
Grip
Balance
Strike area"
Hammer,4,"List the features and properties of a Hammer. Give a plain list, one property per line, no explanations.","Handle
Head
Peen
Face
Weight
Material (wood, metal, fiberglass)
Grip
Strike surface
Dimension
Type (claw, sledge, ball peen, mallet, dead blow)
Balance
Finish"
Knife,0,"List the features and properties of a Knife. Give a plain list, one property per line, no explanations.","Blade
Handle
Edge 
Point 
Spine
Tang
Scales/Scales/Handle Material
Bevel
Grind 
Locking Mechanism (in some models)
Hilt
Length
Width
Weight
Finish
Material (blade and handle)
Blade shape
Opening Mechanism (if applicable)
Serrations (if present)
Bolsters"
Knife,1,"List the features and properties of a Knife. Give a plain list, one property per line, no explanations.","Sharp edge
Pointed tip
Handle 
Material: steel or other strong metal 
Blade length
Blade thickness
Blade shape 
Edge type: serrated or straight 
Material: wooden, plastic, or other handle material
Balance point
Grip texture
Blade finish: polished or textured
Weight
Durability
Ease of maintenance
Safety features: finger guard, etc.
Locking mechanism: for folding knives"
Knife,2,"List the features and properties of a Knife. Give a plain list, one property per line, no explanations.","Sharp edge
Pointed tip
Handle
Blade
Material variety (steel, ceramic, etc.)
Length variability
Weight variation
Blade thickness
Edge profile (serrated, straight, etc.)
Blade shape (drop point, clip point, tanto, etc.)
Durability
Ergonomic design
Grip texture
Weight distribution
Balanced or unbalanced
Locking mechanism (for folding knives)
Non-slippery handle when wet
Ease of sharpening
Legal considerations (length limits, carry laws)
Design aesthetics
Blade finish (satin, mirror, stonewash, etc.)
Maintenance requirements"
Knife,3,"List the features and properties of a Knife. Give a plain list, one property per line, no explanations.","Edge
Handle
Blade
Point
Spine
Tang
Guard
Scales
Butt
Grind
Material
Weight
Length
Balance
Locking mechanism (if applicable)
Finish
Bevel
Ergonomics
Finger choil
Pocket clip (if applicable)
Opening mechanism (if applicable)
Scale material
Finish type"
Knife,4,"List the features and properties of a Knife. Give a plain list, one property per line, no explanations.","Blade
Handle
Edge 
Point
Spine
Tang
Scales or Handle Material
Bevel 
Grind 
Locking Mechanism (if applicable)
Safety Features (if applicable)
Weight
Balanced or Handle Heavy
Length
Material of Blade
Material of Handle
Finish (if applicable)
Folding or Fixed (if applicable)
Brand Name
Style (e.g., Chef's Knife, Pocket Knife, etc.)
Blade Shape
Edge Geometry
Rivet location (if rivets are present)
Blade thickness
Blade hardness
Decorations (if any)"
Lawn Mower,0,"List the features and properties of a Lawn Mower. Give a plain list, one property per line, no explanations.","Engine type  
Cutting width  
Drive type  
Wheel size  
Mowing height adjustment  
Mulching capability  
Bagging capability  
Self-propelled  
Manual push  
Starting method  
Blade type  
Deck material  
Safety features  
Weight  
Fuel type  
Cord length (if applicable)  
Horsepower  
Noise level  
Blade brake clutch  
Ease of use  
Accessories included"
Lawn Mower,1,"List the features and properties of a Lawn Mower. Give a plain list, one property per line, no explanations.","Engine size 
Blade type 
Cutting width 
Drive type 
Wheel size 
Deck material 
Mulch or bagging option 
Starting mechanism 
Handle height adjustment 
Safety features 
Fuel type 
Noise level 
Weight 
Power source (electric, gas, battery) 
Cutting height adjustment 
Grass catcher 
Warranty 
Brand 
Price range 
Transmission type"
Lawn Mower,2,"List the features and properties of a Lawn Mower. Give a plain list, one property per line, no explanations.","Engine type
Blade type
Cutting width
Drive type
Self-propelled feature
Wheel size
Handle design
Height adjustment
Bagging system
Mulching system
Safety features
Power source (gas, electric, corded, cordless)
Noise level
Weight
Accessory compatibility
Brand
Price range
Motor horsepower
Fuel capacity
Cushioned seat (if applicable)
Grass bag capacity (if applicable)
Mower deck material"
Lawn Mower,3,"List the features and properties of a Lawn Mower. Give a plain list, one property per line, no explanations.","Engine type
Cutting width
Blade type
Drive system
Deck type
Wheel size
Handle type
Engine displacement
Reel or rotary
Corded or cordless
Gasoline or electric
Self-propelled or push
Bagging or mulching
Height adjustment
Safety features
Horsepower
Cylinder count
Fuel tank capacity
Starting method
Weight"
Lawn Mower,4,"List the features and properties of a Lawn Mower. Give a plain list, one property per line, no explanations.","Cutting blade 
Engine type (gasoline, electric, battery) 
Deck size 
Mowing width 
Drive system (self-propelled, push) 
Mulching capability 
Bagging capability 
Height adjustment 
Wheel size 
Weight 
Handling and maneuverability 
Safety guard 
Noise level 
Power output 
Starting mechanism 
Fuel tank capacity 
Battery life (if electric or battery powered) 
Cord length (if electric) 
Grass catch capacity (if bagging) 
Housing material 
Warranty 
Brand 
Accessories (optional)"
Lizard,0,"List the features and properties of a Lizard. Give a plain list, one property per line, no explanations.","Cold-blooded
Ectothermic
Scales
Lay eggs
Regenerative tail
Forked tongue
Four legs
Well-developed eyes
External ears (some species)
Camouflage abilities
Predominantly carnivorous
Varied size and coloration
Reptile classification
Diverse locomotion methods
Shed skin"
Lizard,1,"List the features and properties of a Lizard. Give a plain list, one property per line, no explanations.","- Four legs
- Cold-blooded
- Scales
- External ears absent in some species
- Broad tail
- Lungs for breathing
- Ability to shed and regrow tail
- Carnivorous or insectivorous diet
- Most have eyelids
- Some have dewlaps
- Lay eggs (oviparous)
- Parthenogenesis in some species
- Regenerative abilities in some
- Forked tongue for smelling
- Nostrils for olfactory sense
- Eardrums for hearing
- Diurnal or nocturnal behavior
- Varying colors and patterns for camouflage
- Some species exhibit autotomy
- Claws or adhesive toe pads

(Note: The list reflects general properties and features; individual species may have unique characteristics.)"
Lizard,2,"List the features and properties of a Lizard. Give a plain list, one property per line, no explanations.","Ectothermic
Scales
Four limbs (most species)
Tails that can regenerate
Retractable tongue
External ears (some species)
Sharp teeth
Oviparous (egg laying)
Cold-blooded
Tail autotomy
Scaly skin
Specialized vision
Diverse locomotion methods
Diapsid skull (in most cases)
Parietal eye (in some species)
Nocturnal or diurnal behavior
Ecdysis (skin shedding)
Varying diet (carnivorous, insectivorous, omnivorous)
Sensory organs for smell and taste"
Lizard,3,"List the features and properties of a Lizard. Give a plain list, one property per line, no explanations.","Scales
Four legs
Cold-blooded
External ears absent
Ectothermic
Regenerative tail
Sharp teeth
Claws on toes
Reptilian
Eggs laid
Scaly skin
Some species can change color
Binocular vision
Large eyelids
Many species have a third eye"
Lizard,4,"List the features and properties of a Lizard. Give a plain list, one property per line, no explanations.","- Reptile
- Scaly skin
- Four legs
- Cold-blooded
- Lay eggs
- Have a tail
- Varied diet
- Crepuscular or nocturnal
- Regenerative tail
- Diverse species
- Ectothermic
- Sharp teeth
- Well-developed eyes
- Lateral line system
- Lung breathing
- Some can change color"
Nail,0,"List the features and properties of a Nail. Give a plain list, one property per line, no explanations.","Length
Diameter
Material
Head shape
Point type
Coating
Gauge
Finish
Color
Tensile strength
Hardness
Resistance to corrosion
Thread type (for screws and some nails)
Shank shape (round, oval, flat)
Driveability
Plasticity
Thickness
Weight
Grade (based on quality and material)
Finish (polished, galvanized, etc.)
Durability"
Nail,1,"List the features and properties of a Nail. Give a plain list, one property per line, no explanations.","Hardness
Shape
Size
Material
Pointed tip
Shank
Head
Finish
Coating
Color
Manufacturing quality
Grip
Length
Type (common nail, finishing nail, etc.)"
Nail,2,"List the features and properties of a Nail. Give a plain list, one property per line, no explanations.","Sharp tip
Flat head
Metallic composition 
Smooth cylindrical body
Various lengths 
Various gauges 
Galvanized or bare
Coated or uncoated
High tensile strength
Hammerable 
Tensile resistance 
Can be pulled out with a claw hammer
Different shapes (common, roofing, finishing)
Can rust in certain conditions
Can be made of different metals (steel, copper, aluminum)"
Nail,3,"List the features and properties of a Nail. Give a plain list, one property per line, no explanations.","Length
Diameter 
Material (steel, iron, etc.)
Head shape (round, oval, flat, etc.)
Coating (galvanized, plated, etc.)
Point shape (blunt, diamond, chisel, etc.)
Finish (smooth, rough, etc.)
Gauge (thickness)
Threaded or smooth
Manufacturing method (wire cut, forged, etc.)
Color (if any coating or paint)"
Nail,4,"List the features and properties of a Nail. Give a plain list, one property per line, no explanations.","Length
Diameter
Material
Head shape
Pointed tip
Finish
Color
Grip
Crown
Shank
Threaded or smooth
Coating"
Oil can,0,"List the features and properties of a Oil can. Give a plain list, one property per line, no explanations.","Handle
Spout
Capacity measurement markings
Oil level indicator
Lid
Material (metal, plastic)
Non-corrosive
Anti-slip grip
Easy pour spout
Sealable lid
Portable"
Oil can,1,"List the features and properties of a Oil can. Give a plain list, one property per line, no explanations.","Handle
Spout
Nozzle
Lid
Metal body
Capacity markings 
Capacity (usually small)
Durability
Non-porous 
Seal-proof 
Portable
Usually cylindrical 
Color (often bright or reflective)"
Oil can,2,"List the features and properties of a Oil can. Give a plain list, one property per line, no explanations.","Spray nozzle 
Spout 
Concave top 
Lubricant contents 
Metal body 
Capacity markings 
Handle 
Seal 
Portability 
Utilitarian design 
Closed system 
Lubricant level indicator 
Durability 
User safety features 
Recyclable material 
Non-reactive to lubricants 
Easy cleanability"
Oil can,3,"List the features and properties of a Oil can. Give a plain list, one property per line, no explanations.","- Handle
- Spout
- Lid
- Capacity
- Material
- Color
- Finish
- Pouring precision
- Durability
- Brand name"
Oil can,4,"List the features and properties of a Oil can. Give a plain list, one property per line, no explanations.","Sprout spout
Handle
Lid
Capacity indication
Material (metal, plastic)
Painted or plain
Leakproof cap
Measurement markings
Stand
Nozzle/spout guard
Anti-corrosive coating"
Paint brush,0,"List the features and properties of a Paint brush. Give a plain list, one property per line, no explanations.","Handle material 
Brush body material
Size
Bristle material 
Bristle shape
Bristle length
Bristle stiffness
Ferrule type
Ferrule material
Flagging 
Edge type
Tip shape
Color
Tip flexibility
Cost
Brand"
Paint brush,1,"List the features and properties of a Paint brush. Give a plain list, one property per line, no explanations.","Handle material
Bristle material
Bristle stiffness
Bristle length
Bristle shape
Bristle density
Handle length
Handle thickness
Ferrule material
Ferrule shape
Ferrule size
Bristle distribution
Brush size"
Paint brush,2,"List the features and properties of a Paint brush. Give a plain list, one property per line, no explanations.","Hair type
Size
Handle material
Ferrule material
Taper
Stiffness
Shape
Bristle quality
Length
Flagging
Tip snap
Capacity
Flag or no flag
Filbert, flat, or round shape"
Paint brush,3,"List the features and properties of a Paint brush. Give a plain list, one property per line, no explanations.","Handle material
Ferrule material
Brush head material
Brush head shape
Size
Bristle type
Bristle stiffness
Bristle length
Ferrule width
Brand
Color
Handle finish
Handle length
Bristle distribution pattern
Bristle taper"
Paint brush,4,"List the features and properties of a Paint brush. Give a plain list, one property per line, no explanations.","Handle material
Ferrule material
Size
Hair type
Hair length
Hair stiffness
Tapered or flat
Brush shape
Natural or synthetic hair
Number of bristles
Bristle curvature
Tip shape
Brush balance
Cost
Brand
Color
Handle length
Handle diameter
Durability
Ease of cleaning"
Salamander,0,"List the features and properties of a Salamander. Give a plain list, one property per line, no explanations.","Four legs 
Lungs or gills depending on species 
Elongated bodies 
Short snouts 
Mucous glands 
Regenerative abilities 
External gills in some species 
Egg layers 
Aquatic or semi-aquatic 
Colorful or camouflaged skin 
Small size 
Carnivorous diet 
Nostrils 
Tail 
Smooth skin 
Cold-blooded"
Salamander,1,"List the features and properties of a Salamander. Give a plain list, one property per line, no explanations.","- Four legs
- Tail
- Moist skin
- Lungs in some species
- External gills in larvae
- Regeneration ability
- Carnivorous diet
- Cold-blooded
- No external ear
- Terrestrial and aquatic species
- Webbed feet in some species
- Varied coloration
- Eggs laid in water or moist places
- Small to moderate size
- Nocturnal behavior"
Salamander,2,"List the features and properties of a Salamander. Give a plain list, one property per line, no explanations.","- Four legs
- Long tail
- Smooth skin
- Lungs and gills (some species have only one or the other)
- Regeneration ability
- Carnivorous
- Cold-blooded
- Varying sizes
- Some species are fire salamanders but do not have fire-related properties
- Nocturnal
- Lay eggs in water
- Some species can secrete toxins from their skin
- Diverse colors and patterns
- Metamorphosis exists in some species
- Some species have parthenogenesis capability"
Salamander,3,"List the features and properties of a Salamander. Give a plain list, one property per line, no explanations.","- Salamanders are amphibians
- They have a slender body with a short nose
- Four legs, often with four toes on the front legs and five on the hind
- Semi-permeable skin that allows gas exchange
- Most species have a long tail
- They possess a distinct life cycle with larval and adult stages
- Many species have the ability to regenerate lost limbs
- Some salamanders may have poisonous skin secretions
- Salamanders are typically carnivorous
- They have a pair of nostrils for smelling
- They have a lateral line system for detecting vibrations and movements in water
- They have a three-chambered heart
- Some species may have lungs, while others breathe through their skin and mouths
- They are cold-blooded (ectothermic)"
Salamander,4,"List the features and properties of a Salamander. Give a plain list, one property per line, no explanations.","- Four legs
- Long tail
- Streamlined body
- Aquatic and terrestrial habitats
- Ability to regenerate lost limbs
- Rough, bumpy skin
- No external ear openings
- Tiny eyes
- Carnivorous
- Cold-blooded
- Small size
- Long lifespan for amphibians"
Saw,0,"List the features and properties of a Saw. Give a plain list, one property per line, no explanations.","Teeth
Blade
Handle
Guard
Housing
Power source (for power saws)
On/off switch
Depth adjustment (for certain types)
Bevel adjustment (for certain types)
Safety trigger (for certain types)
Sole plate (for certain types)
Adjustable base (for certain types)
Wrench or Allen key (for maintenance and adjustment)
Guide bar (for chain saws)
Chain (for chain saws)
Clutch (for chain saws)
Cord (for electric saws)
Battery (for cordless saws)
Charging port (for cordless saws)"
Saw,1,"List the features and properties of a Saw. Give a plain list, one property per line, no explanations.","Teeth
Blade
Handle
Guard
Adjustable or fixed base
Bevel capability
Power source (manual or electric)
Safety features
Trigger or power switch
Depth adjustment
Laser guide
Locking mechanism
Corded or cordless
Weight
Material composition"
Saw,2,"List the features and properties of a Saw. Give a plain list, one property per line, no explanations.","Teeth
Blade
Handle
Guard
Depth adjustment
Bevel adjustment
Power source (electric, gas, manual)
Cutting capacity
Safety feature
Rip fence
Miter gauge
Trigger switch
On/off switch
Amp rating (for electric saws)
Weight
Blade type (for example, crosscut or rip)
Horsepower (for electric saws)
Noise level
Dust collection system"
Saw,3,"List the features and properties of a Saw. Give a plain list, one property per line, no explanations.","Teeth  
Blade  
Handle  
Guard  
Depth adjustment  
Bevel adjustment  
Power source  
On/off switch  
Safety features  
Adjustable base  
Alignment guides  
Horsepower  
Weight  
Material composition  
Cutting capacity  
Blade tension  
Motor  
Portable or stationary  
Noise level  
Blade type  
Speed control  
Dust collection  
Corded or cordless  
Safety lock  
Amp rating  
Warranty  
Brand"
Saw,4,"List the features and properties of a Saw. Give a plain list, one property per line, no explanations.","Teeth
Blade
Handle
Guard
Adjustable angle
Bevel capacity
Depth stop
Rip and crosscut capability
Plate or base
Locking mechanism"
Screwdriver,0,"List the features and properties of a Screwdriver. Give a plain list, one property per line, no explanations.","Handle 
Blade
Shaft
Tip
Material (varies)
Drive head type (flat, Philips, Pozidriv, Torx, etc.)
Length
Diameter
Weight
Grip surface texture
Brand
Color
Durability
Size (standard or micro)
Versatility (multi-driver or single driver)
Adjustability (ratcheting or non-ratcheting)
Magnetic tip
Ergonomic design"
Screwdriver,1,"List the features and properties of a Screwdriver. Give a plain list, one property per line, no explanations.","Handle
Shaft
Tip
Material durability
Length
Drive size compatibility
Torque capacity
Grip texture
Weight
Balanced design
Versatility
Phantom lock (for some models)
Reversible mechanism (for some models)
Magnetized tip (for some models)
Locking mechanism (for some models)"
Screwdriver,2,"List the features and properties of a Screwdriver. Give a plain list, one property per line, no explanations.","Handle grip
Tapered shank
Drive tip
Adjustable or fixed head
Rotating handle
Material: metal, plastic
Size: various lengths
Torque control
Versatile use for different screws
Pointed or blunt tip base on type"
Screwdriver,3,"List the features and properties of a Screwdriver. Give a plain list, one property per line, no explanations.","Blade
Handle
Shaft
Material strength
Drive tip
Size
Grip
Weight
Durability
Versatility"
Screwdriver,4,"List the features and properties of a Screwdriver. Give a plain list, one property per line, no explanations.","Blade
Handle
Material: metal and plastic
Drive tip
Length
Tapered or flat shape
Rotational motion
Handle grip
Utility in assembling and disassembling screws
Variety of drive tips: Phillips, Flathead, Pozidriv, Torx, etc."
Shovel,0,"List the features and properties of a Shovel. Give a plain list, one property per line, no explanations.","Handle
Scoop
Durable material
Blade
Footrest
Digging functionality
Weight distribution for leverage
Versatility for various tasks"
Shovel,1,"List the features and properties of a Shovel. Give a plain list, one property per line, no explanations.","Handle
Spoon or blade
Ferrule
Tread or step
Dirt-resistant material
Beveled edge
Material durability
Weight
Length
Shape
Head type (round point, square point, etc.)
Digging capability
Comfort grip
Versatility (multiple uses)
Strength
Blade width"
Shovel,2,"List the features and properties of a Shovel. Give a plain list, one property per line, no explanations.","Handle
Blade
Scoop
Metal construction
Wooden or composite handle
Digging
Lifting
Moving
Endurance
Durability
Design for manual labor
Versatile use
Weight distribution
Comfort grip
Shovel head angle"
Shovel,3,"List the features and properties of a Shovel. Give a plain list, one property per line, no explanations.","Blade
Handle
D-handle grip
Ferrule
Pointed tip
Flat surface
Material durability
Weight balance
Length
Head shape"
Shovel,4,"List the features and properties of a Shovel. Give a plain list, one property per line, no explanations.","Handle
Blade
Ferrule
Footrest 

D-handle
D-loop
T-handle
Durable material
Scoop shape
Sturdy construction"
Snake,0,"List the features and properties of a Snake. Give a plain list, one property per line, no explanations.","- Cold-blooded
- Limbless
- Long and cylindrical body
- Scaly skin
- Predators
- Carnivorous
- Forked tongue
- Sensitive to vibrations
- Generally, they do not have eyelids
- No external ears
- Regenerative capabilities
- Wide variety of sizes and colors
- Some species produce venom
- Lay eggs or give birth to live young
- Muscular bodies
- Some species have heat-sensing pits
- Excellent swimmers
- Flexible jaws to swallow large prey
- Use teeth for holding prey, not chewing
- Heart can shift position during swallowing
- Vertebrae count can vary greatly
- Able to dislocate jaw temporarily
- Scales overlap for protection
- Use chemical receptors for smell and taste"
Snake,1,"List the features and properties of a Snake. Give a plain list, one property per line, no explanations.","Ectothermic
Scales
No eyelids
Reptile
Scaly skin
Long and limbless
Sharp teeth
Forked tongue
Oviparous or ovoviviparous
Flexible jaws
Venomous or non-venomous
Scalation patterns
Slit pupils
Detachable tail (some species)
Hearing via vibration
Sharp vision
Camouflage patterns
Regeneration ability (tail)
Cold-blooded"
Snake,2,"List the features and properties of a Snake. Give a plain list, one property per line, no explanations.","- Reptile
- Scaly skin
- Limbless elongated body
- Carnivorous
- Forked tongue
- No eyelids
- Internal fertilization
- Varying venomous or non-venomous
- Sensitive to heat and vibrations
- Cold blooded
- Pectoral girdle absent
- Sharp teeth
- Shedding of skin (ecdysis)
- Have lungs
- Have anal opening (cloaca)
- Hatch from eggs or live birth
- Heterogeneous diet

Please note, some species exhibit variations in these traits."
Snake,3,"List the features and properties of a Snake. Give a plain list, one property per line, no explanations.","Venomous
Non-venomous
Scales
Ectothermic
Lacks eyelids
Lacks external ears
Flexible jaws
Long and slender body
Shedding skin
Carnivorous
Regenerative tail
Elongated lungs
Sharp teeth
Hinged skull
Oviparous or Viviparous"
Snake,4,"List the features and properties of a Snake. Give a plain list, one property per line, no explanations.","Reptile
Ectothermic 
Scaly skin
Lacks limbs
Sharp teeth
Hinged jaws
Elongated body
Eats whole prey
Flexible ribs
Some are venomous
Some constrict prey
Keen sense of smell via Jacobson's organ
Lay eggs or bear live young
Slit or round pupils
Some are arboreal
Some are semi-aquatic
Solitary animals"
Spanner,0,"List the features and properties of a Spanner. Give a plain list, one property per line, no explanations.","Weight
Head
Handle
Material
Finish
Size
Type (e.g., solid or ball pein)
Face (flat or domed)
Hardness
Impact resistance
Durability"
Spanner,1,"List the features and properties of a Spanner. Give a plain list, one property per line, no explanations.","Length
Material
Head
Shank
Handle
Flatness
Strength
Finish
Weight
Point
Size"
Spanner,2,"List the features and properties of a Spanner. Give a plain list, one property per line, no explanations.","Handle
Head
Flat part
Pointed end
Material composition
Weight
Length
Balance
Grip texture
Design
Finish"
Spanner,3,"List the features and properties of a Spanner. Give a plain list, one property per line, no explanations.","- Long handle
- Adjustable jaw
- Flat head
- Hardened steel
- Reversible anvil
- Non-slip grip
- Measuring scale
- Adjustable width
- Smooth finish
- Wear-resistant"
Spanner,4,"List the features and properties of a Spanner. Give a plain list, one property per line, no explanations.","- Handle
- Head
- Teeth
- Blade
- Material (often steel)
- Length
- Thickness
- Finish (for example, polished or coated)
- Drive size (for example, 1/4, 3/8, or 1/2 inch)
- Type (flathead, Phillips, Pozidriv, etc.)
- Recessed or protruding head
- Shape of head
- Coating (such as chrome or black oxide)
- Hardness
- Weight
- Versatility (for specific tasks)
- Durability
- Grip
- Corrosion resistance"
Toad,0,"List the features and properties of a Toad. Give a plain list, one property per line, no explanations.","Four limbs
Webbed hind feet
Dry, rough, warty skin
Short legs
Dorsal ridges
Eyes with horizontal pupils
Carnivorous diet
Ability to inflate body
Sessile lifestyle outside breeding season
External fertilization
Tadpole offspring
Nocturnal habits
Species diversity
Vocalizations for mating and alarm
Secretes toxins through skin in some species"
Toad,1,"List the features and properties of a Toad. Give a plain list, one property per line, no explanations.","Four legs
Squat body
Moist skin
Eyes on the top of the head
No external ears
Paratoid glands
Webbed hind feet
Long sticky tongue
Sharp vision for catching prey
Ectothermic
Lay eggs in water
Tadpole stage"
Toad,2,"List the features and properties of a Toad. Give a plain list, one property per line, no explanations.","Four legs
Short legs
Webbed feet
Moist skin
Wartlike bumps
Semi-permeable skin
Eggs laid in clusters
Omnivorous diet
Nocturnal
Breathes through skin and lungs
External eardrums
Parotoid glands"
Toad,3,"List the features and properties of a Toad. Give a plain list, one property per line, no explanations.","- Amphibians
- Four legs
- Rough, warty skin
- No tail
- Short, stocky body
- Binocular vision
- External eardrums
- Males have a dark throat during the breeding season
- Eat insects and small invertebrates
- Lay eggs in water
- Can change color slightly to blend in
- Secrete toxins through skin
- Metamorphosis during development
- Nocturnal creatures"
Toad,4,"List the features and properties of a Toad. Give a plain list, one property per line, no explanations.","Amphibian
Anuran
Herbivore or Omnivore (depending on species)
Warty skin
Short legs
Broad head
Parotoid glands
External eardrums
No tail
Egg layers
Metamorphosis (larval stage)
Wart-like bumps
Poor swimmers
Can inflate body
Camouflage coloring
Solitary creatures
Nocturnal
Cold-blooded"
Tortoise,0,"List the features and properties of a Tortoise. Give a plain list, one property per line, no explanations.","Reptile
Cold-blooded
Shell for protection
Slow movement
Herbivorous
Lay eggs
Long lifespan
Scales
Four legs
Retractable head and limbs
Burrowing behavior"
Tortoise,1,"List the features and properties of a Tortoise. Give a plain list, one property per line, no explanations.","Long lifespan
Shelled reptile
Herbivorous
Slow movement
Four legs
Scaly skin
Cold-blooded
Retractable head and limbs
Habitat: land and water
Lay eggs"
Tortoise,2,"List the features and properties of a Tortoise. Give a plain list, one property per line, no explanations.","Hard shell
Herbivorous diet
Slow movement
Lay eggs
Long life span
Cold-blooded
Scaly skin
Retractable limbs
Good sense of smell
Poor eyesight compared to some animals
Can breathe underwater for short periods"
Tortoise,3,"List the features and properties of a Tortoise. Give a plain list, one property per line, no explanations.","Shell
Herbivorous diet
Four legs
Slow movement
Long lifespan
Cold-blooded
Reptile
Lay eggs"
Tortoise,4,"List the features and properties of a Tortoise. Give a plain list, one property per line, no explanations.","Hard shell
Endothermic
Long lifespan 
Four legs
Slow movement
Herbivorous diet
Dull coloration
Land animal
Poor eyesight
Excellent sense of smell
Lay eggs
Retractable head
Scaly skin"
Turtle,0,"List the features and properties of a Turtle. Give a plain list, one property per line, no explanations.","Hard shell
Reptile
Cold-blooded
Scaly skin
Large jaw muscles
Short legs
Webbed feet
Retractable head and limbs
Lay eggs on land
Long lifespan
Herbivorous or omnivorous
Breathe air"
Turtle,1,"List the features and properties of a Turtle. Give a plain list, one property per line, no explanations.","Hard shell
Reptile
Cold-blooded
Lay eggs
Four legs
No teeth
Herbivore or omnivore
Longevity
Retractible limbs
Scaly skin"
Turtle,2,"List the features and properties of a Turtle. Give a plain list, one property per line, no explanations.","Hard shell
Four legs
Beaklike mouth
Cold-blooded
Scales on limbs and tail
Lay eggs
Live on land and water
Long lifespan
Retractable head and limbs
Herbivorous or omnivorous diet
Slow movement
Breath air
No teeth
Varying shell shapes and colors"
Turtle,3,"List the features and properties of a Turtle. Give a plain list, one property per line, no explanations.","Shell 
Reptile 
Cold-blooded 
Scaly skin 
Amphibious 
Lay eggs 
Four legs 
Head and limbs retractable 
Beak instead of teeth 
Live on land and in water 
Long lifespan 
Herbivorous or carnivorous or omnivorous 
Slow movement"
Turtle,4,"List the features and properties of a Turtle. Give a plain list, one property per line, no explanations.","Hard shell
Four legs
Herbivore or omnivore
Eggs laid on land
Cold-blooded
Reptile
Long lifespan
Slow movement
Head and limbs retractable
Beak instead of teeth"
Vacuum,0,"List the features and properties of a Vacuum. Give a plain list, one property per line, no explanations.","No air pressure
Absence of matter
Creates suction
Can pull in particles
Soundless environment
Cold temperature
No friction
Supports low boiling points
Can preserve food by removing air
Used in industrial applications"
Vacuum,1,"List the features and properties of a Vacuum. Give a plain list, one property per line, no explanations.","No air pressure 
No air resistance 
Extreme cold 
High radiation levels 
Absence of sound 
Low boiling point of liquids 
High vacuum levels cause material outgassing 
Extreme temperature variations 
Electrical insulation properties 
Presence of a few atoms or molecules"
Vacuum,2,"List the features and properties of a Vacuum. Give a plain list, one property per line, no explanations.","Airtight seal
Absence of air or other gas
Low pressure environment
Can contain vacuum-sealed items
Creates suction force
No medium for sound to travel"
Vacuum,3,"List the features and properties of a Vacuum. Give a plain list, one property per line, no explanations.","- Airless environment
- Low pressure
- Absence of matter
- Can be artificial or natural
- High vacuum vs. low vacuum
- Used in many scientific experiments
- Used in various industrial applications
- Critical in space exploration
- Vacuum pumps to create or maintain conditions
- Zero resistance to motion without friction
- Ideal for preserving foods
- Used in vacuum tubes and electronics
- Key in vacuum insulation"
Vacuum,4,"List the features and properties of a Vacuum. Give a plain list, one property per line, no explanations.","Creates a space free of air
Can have different levels of suction power
Contains a motor
Includes a power cord
Has hoses and attachments
Can have a bag or bagless system
Comes with a filter
Can have different body types
Includes on/off switch
May have additional features like HEPA filtration or cordless capability"
