subset,kind,subject,story,relative_path,size_bytes,size_gb,size_gib,evidence
highdata,wav,,adollshouse,stimuli/adollshouse.wav,88827180,0.0888,0.0827,annex_symlink
highdata,textgrid,,adollshouse,derivatives/TextGrids/adollshouse.TextGrid,872355,0.0009,0.0008,annex_symlink
highdata,hf5,UTS01,adollshouse,derivatives/preprocessed_data/UTS01/adollshouse.hf5,156412976,0.1564,0.1457,annex_symlink
highdata,hf5,UTS02,adollshouse,derivatives/preprocessed_data/UTS02/adollshouse.hf5,181717976,0.1817,0.1692,annex_symlink
highdata,hf5,UTS03,adollshouse,derivatives/preprocessed_data/UTS03/adollshouse.hf5,184234016,0.1842,0.1716,annex_symlink
highdata,wav,,adventuresinsayingyes,stimuli/adventuresinsayingyes.wav,141752138,0.1418,0.1320,annex_symlink
highdata,textgrid,,adventuresinsayingyes,derivatives/TextGrids/adventuresinsayingyes.TextGrid,1245096,0.0012,0.0012,annex_symlink
highdata,hf5,UTS01,adventuresinsayingyes,derivatives/preprocessed_data/UTS01/adventuresinsayingyes.hf5,253764176,0.2538,0.2363,annex_symlink
highdata,hf5,UTS02,adventuresinsayingyes,derivatives/preprocessed_data/UTS02/adventuresinsayingyes.hf5,294819176,0.2948,0.2746,annex_symlink
highdata,hf5,UTS03,adventuresinsayingyes,derivatives/preprocessed_data/UTS03/adventuresinsayingyes.hf5,298901216,0.2989,0.2784,annex_symlink
highdata,wav,,afatherscover,stimuli/afatherscover.wav,113879644,0.1139,0.1061,annex_symlink
highdata,textgrid,,afatherscover,derivatives/TextGrids/afatherscover.TextGrid,682088,0.0007,0.0006,annex_symlink
highdata,hf5,UTS01,afatherscover,derivatives/preprocessed_data/UTS01/afatherscover.hf5,202492544,0.2025,0.1886,annex_symlink
highdata,hf5,UTS02,afatherscover,derivatives/preprocessed_data/UTS02/afatherscover.hf5,235252544,0.2353,0.2191,annex_symlink
highdata,hf5,UTS03,afatherscover,derivatives/preprocessed_data/UTS03/afatherscover.hf5,238509824,0.2385,0.2221,annex_symlink
highdata,wav,,againstthewind,stimuli/againstthewind.wav,63532454,0.0635,0.0592,annex_symlink
highdata,textgrid,,againstthewind,derivatives/TextGrids/againstthewind.TextGrid,456043,0.0005,0.0004,annex_symlink
highdata,hf5,UTS01,againstthewind,derivatives/preprocessed_data/UTS01/againstthewind.hf5,110333408,0.1103,0.1028,annex_symlink
highdata,hf5,UTS02,againstthewind,derivatives/preprocessed_data/UTS02/againstthewind.hf5,128183408,0.1282,0.1194,annex_symlink
highdata,hf5,UTS03,againstthewind,derivatives/preprocessed_data/UTS03/againstthewind.hf5,129958208,0.1300,0.1210,annex_symlink
highdata,wav,,alternateithicatom,stimuli/alternateithicatom.wav,124660160,0.1247,0.1161,annex_symlink
highdata,textgrid,,alternateithicatom,derivatives/TextGrids/alternateithicatom.TextGrid,1218861,0.0012,0.0011,annex_symlink
highdata,hf5,UTS01,alternateithicatom,derivatives/preprocessed_data/UTS01/alternateithicatom.hf5,222611792,0.2226,0.2073,annex_symlink
highdata,hf5,UTS02,alternateithicatom,derivatives/preprocessed_data/UTS02/alternateithicatom.hf5,258626792,0.2586,0.2409,annex_symlink
highdata,hf5,UTS03,alternateithicatom,derivatives/preprocessed_data/UTS03/alternateithicatom.hf5,262207712,0.2622,0.2442,annex_symlink
highdata,wav,,avatar,stimuli/avatar.wav,133051216,0.1331,0.1239,annex_symlink
highdata,textgrid,,avatar,derivatives/TextGrids/avatar.TextGrid,849966,0.0008,0.0008,annex_symlink
highdata,hf5,UTS01,avatar,derivatives/preprocessed_data/UTS01/avatar.hf5,238187984,0.2382,0.2218,annex_symlink
highdata,hf5,UTS02,avatar,derivatives/preprocessed_data/UTS02/avatar.hf5,276722984,0.2767,0.2577,annex_symlink
highdata,hf5,UTS03,avatar,derivatives/preprocessed_data/UTS03/avatar.hf5,280554464,0.2806,0.2613,annex_symlink
highdata,wav,,backsideofthestorm,stimuli/backsideofthestorm.wav,125299948,0.1253,0.1167,annex_symlink
highdata,textgrid,,backsideofthestorm,derivatives/TextGrids/backsideofthestorm.TextGrid,1055692,0.0011,0.0010,annex_symlink
highdata,hf5,UTS01,backsideofthestorm,derivatives/preprocessed_data/UTS01/backsideofthestorm.hf5,223909808,0.2239,0.2085,annex_symlink
highdata,hf5,UTS02,backsideofthestorm,derivatives/preprocessed_data/UTS02/backsideofthestorm.hf5,260134808,0.2601,0.2423,annex_symlink
highdata,hf5,UTS03,backsideofthestorm,derivatives/preprocessed_data/UTS03/backsideofthestorm.hf5,263736608,0.2637,0.2456,annex_symlink
highdata,wav,,becomingindian,stimuli/becomingindian.wav,140551760,0.1406,0.1309,annex_symlink
highdata,textgrid,,becomingindian,derivatives/TextGrids/becomingindian.TextGrid,1441713,0.0014,0.0013,annex_symlink
highdata,hf5,UTS01,becomingindian,derivatives/preprocessed_data/UTS01/becomingindian.hf5,251817152,0.2518,0.2345,annex_symlink
highdata,hf5,UTS02,becomingindian,derivatives/preprocessed_data/UTS02/becomingindian.hf5,292557152,0.2926,0.2725,annex_symlink
highdata,hf5,UTS03,becomingindian,derivatives/preprocessed_data/UTS03/becomingindian.hf5,296607872,0.2966,0.2762,annex_symlink
highdata,wav,,beneaththemushroomcloud,stimuli/beneaththemushroomcloud.wav,62225700,0.0622,0.0580,annex_symlink
highdata,textgrid,,beneaththemushroomcloud,derivatives/TextGrids/beneaththemushroomcloud.TextGrid,1092071,0.0011,0.0010,annex_symlink
highdata,hf5,UTS01,beneaththemushroomcloud,derivatives/preprocessed_data/UTS01/beneaththemushroomcloud.hf5,221962784,0.2220,0.2067,annex_symlink
highdata,hf5,UTS02,beneaththemushroomcloud,derivatives/preprocessed_data/UTS02/beneaththemushroomcloud.hf5,257872784,0.2579,0.2402,annex_symlink
highdata,hf5,UTS03,beneaththemushroomcloud,derivatives/preprocessed_data/UTS03/beneaththemushroomcloud.hf5,261443264,0.2614,0.2435,annex_symlink
highdata,wav,,birthofanation,stimuli/birthofanation.wav,48435166,0.0484,0.0451,annex_symlink
highdata,textgrid,,birthofanation,derivatives/TextGrids/birthofanation.TextGrid,910531,0.0009,0.0008,annex_symlink
highdata,hf5,UTS01,birthofanation,derivatives/preprocessed_data/UTS01/birthofanation.hf5,171340160,0.1713,0.1596,annex_symlink
highdata,hf5,UTS02,birthofanation,derivatives/preprocessed_data/UTS02/birthofanation.hf5,199060160,0.1991,0.1854,annex_symlink
highdata,hf5,UTS03,birthofanation,derivatives/preprocessed_data/UTS03/birthofanation.hf5,201816320,0.2018,0.1880,annex_symlink
highdata,wav,,bluehope,stimuli/bluehope.wav,148169926,0.1482,0.1380,annex_symlink
highdata,textgrid,,bluehope,derivatives/TextGrids/bluehope.TextGrid,1153885,0.0012,0.0011,annex_symlink
highdata,hf5,UTS01,bluehope,derivatives/preprocessed_data/UTS01/bluehope.hf5,265446320,0.2654,0.2472,annex_symlink
highdata,hf5,UTS02,bluehope,derivatives/preprocessed_data/UTS02/bluehope.hf5,308391320,0.3084,0.2872,annex_symlink
highdata,hf5,UTS03,bluehope,derivatives/preprocessed_data/UTS03/bluehope.hf5,312661280,0.3127,0.2912,annex_symlink
highdata,wav,,breakingupintheageofgoogle,stimuli/breakingupintheageofgoogle.wav,187447808,0.1874,0.1746,annex_symlink
highdata,textgrid,,breakingupintheageofgoogle,derivatives/TextGrids/breakingupintheageofgoogle.TextGrid,1861720,0.0019,0.0017,annex_symlink
highdata,hf5,UTS01,breakingupintheageofgoogle,derivatives/preprocessed_data/UTS01/breakingupintheageofgoogle.hf5,338135216,0.3381,0.3149,annex_symlink
highdata,hf5,UTS02,breakingupintheageofgoogle,derivatives/preprocessed_data/UTS02/breakingupintheageofgoogle.hf5,392840216,0.3928,0.3659,annex_symlink
highdata,hf5,UTS03,breakingupintheageofgoogle,derivatives/preprocessed_data/UTS03/breakingupintheageofgoogle.hf5,398279456,0.3983,0.3709,annex_symlink
highdata,wav,,buck,stimuli/buck.wav,120835174,0.1208,0.1125,annex_symlink
highdata,textgrid,,buck,derivatives/TextGrids/buck.TextGrid,885614,0.0009,0.0008,annex_symlink
highdata,hf5,UTS01,buck,derivatives/preprocessed_data/UTS01/buck.hf5,215472704,0.2155,0.2007,annex_symlink
highdata,hf5,UTS02,buck,derivatives/preprocessed_data/UTS02/buck.hf5,250332704,0.2503,0.2331,annex_symlink
highdata,hf5,UTS03,buck,derivatives/preprocessed_data/UTS03/buck.hf5,253798784,0.2538,0.2364,annex_symlink
highdata,wav,,catfishingstrangerstofindmyself,stimuli/catfishingstrangerstofindmyself.wav,118669402,0.1187,0.1105,annex_symlink
highdata,textgrid,,catfishingstrangerstofindmyself,derivatives/TextGrids/catfishingstrangerstofindmyself.TextGrid,871470,0.0009,0.0008,annex_symlink
highdata,hf5,UTS01,catfishingstrangerstofindmyself,derivatives/preprocessed_data/UTS01/catfishingstrangerstofindmyself.hf5,211578656,0.2116,0.1970,annex_symlink
highdata,hf5,UTS02,catfishingstrangerstofindmyself,derivatives/preprocessed_data/UTS02/catfishingstrangerstofindmyself.hf5,245808656,0.2458,0.2289,annex_symlink
highdata,hf5,UTS03,catfishingstrangerstofindmyself,derivatives/preprocessed_data/UTS03/catfishingstrangerstofindmyself.hf5,249212096,0.2492,0.2321,annex_symlink
highdata,wav,,cautioneating,stimuli/cautioneating.wav,51114992,0.0511,0.0476,annex_symlink
highdata,textgrid,,cautioneating,derivatives/TextGrids/cautioneating.TextGrid,868219,0.0009,0.0008,annex_symlink
highdata,hf5,UTS01,cautioneating,derivatives/preprocessed_data/UTS01/cautioneating.hf5,181075280,0.1811,0.1686,annex_symlink
highdata,hf5,UTS02,cautioneating,derivatives/preprocessed_data/UTS02/cautioneating.hf5,210370280,0.2104,0.1959,annex_symlink
highdata,hf5,UTS03,cautioneating,derivatives/preprocessed_data/UTS03/cautioneating.hf5,213283040,0.2133,0.1986,annex_symlink
highdata,wav,,christmas1940,stimuli/christmas1940.wav,89446034,0.0894,0.0833,annex_symlink
highdata,textgrid,,christmas1940,derivatives/TextGrids/christmas1940.TextGrid,688064,0.0007,0.0006,annex_symlink
highdata,hf5,UTS01,christmas1940,derivatives/preprocessed_data/UTS01/christmas1940.hf5,157710992,0.1577,0.1469,annex_symlink
highdata,hf5,UTS02,christmas1940,derivatives/preprocessed_data/UTS02/christmas1940.hf5,183225992,0.1832,0.1706,annex_symlink
highdata,hf5,UTS03,christmas1940,derivatives/preprocessed_data/UTS03/christmas1940.hf5,185762912,0.1858,0.1730,annex_symlink
highdata,wav,,cocoonoflove,stimuli/cocoonoflove.wav,155185372,0.1552,0.1445,annex_symlink
highdata,textgrid,,cocoonoflove,derivatives/TextGrids/cocoonoflove.TextGrid,1095835,0.0011,0.0010,annex_symlink
highdata,hf5,UTS01,cocoonoflove,derivatives/preprocessed_data/UTS01/cocoonoflove.hf5,278426480,0.2784,0.2593,annex_symlink
highdata,hf5,UTS02,cocoonoflove,derivatives/preprocessed_data/UTS02/cocoonoflove.hf5,323471480,0.3235,0.3013,annex_symlink
highdata,hf5,UTS03,cocoonoflove,derivatives/preprocessed_data/UTS03/cocoonoflove.hf5,327950240,0.3280,0.3054,annex_symlink
highdata,wav,,comingofageondeathrow,stimuli/comingofageondeathrow.wav,126708108,0.1267,0.1180,annex_symlink
highdata,textgrid,,comingofageondeathrow,derivatives/TextGrids/comingofageondeathrow.TextGrid,1221813,0.0012,0.0011,annex_symlink
highdata,hf5,UTS01,comingofageondeathrow,derivatives/preprocessed_data/UTS01/comingofageondeathrow.hf5,226505840,0.2265,0.2110,annex_symlink
highdata,hf5,UTS02,comingofageondeathrow,derivatives/preprocessed_data/UTS02/comingofageondeathrow.hf5,263150840,0.2632,0.2451,annex_symlink
highdata,hf5,UTS03,comingofageondeathrow,derivatives/preprocessed_data/UTS03/comingofageondeathrow.hf5,266794400,0.2668,0.2485,annex_symlink
highdata,wav,,exorcism,stimuli/exorcism.wav,168468068,0.1685,0.1569,annex_symlink
highdata,textgrid,,exorcism,derivatives/TextGrids/exorcism.TextGrid,532973,0.0005,0.0005,annex_symlink
highdata,hf5,UTS01,exorcism,derivatives/preprocessed_data/UTS01/exorcism.hf5,303088784,0.3031,0.2823,annex_symlink
highdata,hf5,UTS02,exorcism,derivatives/preprocessed_data/UTS02/exorcism.hf5,352123784,0.3521,0.3279,annex_symlink
highdata,hf5,UTS03,exorcism,derivatives/preprocessed_data/UTS03/exorcism.hf5,356999264,0.3570,0.3325,annex_symlink
highdata,wav,,eyespy,stimuli/eyespy.wav,137492124,0.1375,0.1280,annex_symlink
highdata,textgrid,,eyespy,derivatives/TextGrids/eyespy.TextGrid,1274527,0.0013,0.0012,annex_symlink
highdata,hf5,UTS01,eyespy,derivatives/preprocessed_data/UTS01/eyespy.hf5,245976080,0.2460,0.2291,annex_symlink
highdata,hf5,UTS02,eyespy,derivatives/preprocessed_data/UTS02/eyespy.hf5,285771080,0.2858,0.2661,annex_symlink
highdata,hf5,UTS03,eyespy,derivatives/preprocessed_data/UTS03/eyespy.hf5,289727840,0.2897,0.2698,annex_symlink
highdata,wav,,firetestforlove,stimuli/firetestforlove.wav,116030588,0.1160,0.1081,annex_symlink
highdata,textgrid,,firetestforlove,derivatives/TextGrids/firetestforlove.TextGrid,1213369,0.0012,0.0011,annex_symlink
highdata,hf5,UTS01,firetestforlove,derivatives/preprocessed_data/UTS01/firetestforlove.hf5,206386592,0.2064,0.1922,annex_symlink
highdata,hf5,UTS02,firetestforlove,derivatives/preprocessed_data/UTS02/firetestforlove.hf5,239776592,0.2398,0.2233,annex_symlink
highdata,hf5,UTS03,firetestforlove,derivatives/preprocessed_data/UTS03/firetestforlove.hf5,243096512,0.2431,0.2264,annex_symlink
highdata,wav,,food,stimuli/food.wav,67169674,0.0672,0.0626,annex_symlink
highdata,textgrid,,food,derivatives/TextGrids/food.TextGrid,1141020,0.0011,0.0011,annex_symlink
highdata,hf5,UTS01,food,derivatives/preprocessed_data/UTS01/food.hf5,240135008,0.2401,0.2236,annex_symlink
highdata,hf5,UTS02,food,derivatives/preprocessed_data/UTS02/food.hf5,278985008,0.2790,0.2598,annex_symlink
highdata,hf5,UTS03,food,derivatives/preprocessed_data/UTS03/food.hf5,282847808,0.2828,0.2634,annex_symlink
highdata,wav,,forgettingfear,stimuli/forgettingfear.wav,87176084,0.0872,0.0812,annex_symlink
highdata,textgrid,,forgettingfear,derivatives/TextGrids/forgettingfear.TextGrid,720305,0.0007,0.0007,annex_symlink
highdata,hf5,UTS01,forgettingfear,derivatives/preprocessed_data/UTS01/forgettingfear.hf5,153816944,0.1538,0.1433,annex_symlink
highdata,hf5,UTS02,forgettingfear,derivatives/preprocessed_data/UTS02/forgettingfear.hf5,178701944,0.1787,0.1664,annex_symlink
highdata,hf5,UTS03,forgettingfear,derivatives/preprocessed_data/UTS03/forgettingfear.hf5,181176224,0.1812,0.1687,annex_symlink
highdata,wav,,fromboyhoodtofatherhood,stimuli/fromboyhoodtofatherhood.wav,126461792,0.1265,0.1178,annex_symlink
highdata,textgrid,,fromboyhoodtofatherhood,derivatives/TextGrids/fromboyhoodtofatherhood.TextGrid,1451093,0.0015,0.0014,annex_symlink
highdata,hf5,UTS01,fromboyhoodtofatherhood,derivatives/preprocessed_data/UTS01/fromboyhoodtofatherhood.hf5,225856832,0.2259,0.2103,annex_symlink
highdata,hf5,UTS02,fromboyhoodtofatherhood,derivatives/preprocessed_data/UTS02/fromboyhoodtofatherhood.hf5,262396832,0.2624,0.2444,annex_symlink
highdata,hf5,UTS03,fromboyhoodtofatherhood,derivatives/preprocessed_data/UTS03/fromboyhoodtofatherhood.hf5,266029952,0.2660,0.2478,annex_symlink
highdata,wav,,gangstersandcookies,stimuli/gangstersandcookies.wav,94103524,0.0941,0.0876,annex_symlink
highdata,textgrid,,gangstersandcookies,derivatives/TextGrids/gangstersandcookies.TextGrid,842047,0.0008,0.0008,annex_symlink
highdata,hf5,UTS01,gangstersandcookies,derivatives/preprocessed_data/UTS01/gangstersandcookies.hf5,166148096,0.1661,0.1547,annex_symlink
highdata,hf5,UTS02,gangstersandcookies,derivatives/preprocessed_data/UTS02/gangstersandcookies.hf5,193028096,0.1930,0.1798,annex_symlink
highdata,hf5,UTS03,gangstersandcookies,derivatives/preprocessed_data/UTS03/gangstersandcookies.hf5,195700736,0.1957,0.1823,annex_symlink
highdata,wav,,goingthelibertyway,stimuli/goingthelibertyway.wav,142550300,0.1426,0.1328,annex_symlink
highdata,textgrid,,goingthelibertyway,derivatives/TextGrids/goingthelibertyway.TextGrid,1334859,0.0013,0.0012,annex_symlink
highdata,hf5,UTS01,goingthelibertyway,derivatives/preprocessed_data/UTS01/goingthelibertyway.hf5,255711200,0.2557,0.2381,annex_symlink
highdata,hf5,UTS02,goingthelibertyway,derivatives/preprocessed_data/UTS02/goingthelibertyway.hf5,297081200,0.2971,0.2767,annex_symlink
highdata,hf5,UTS03,goingthelibertyway,derivatives/preprocessed_data/UTS03/goingthelibertyway.hf5,301194560,0.3012,0.2805,annex_symlink
highdata,wav,,goldiethegoldfish,stimuli/goldiethegoldfish.wav,115391564,0.1154,0.1075,annex_symlink
highdata,textgrid,,goldiethegoldfish,derivatives/TextGrids/goldiethegoldfish.TextGrid,920533,0.0009,0.0009,annex_symlink
highdata,hf5,UTS01,goldiethegoldfish,derivatives/preprocessed_data/UTS01/goldiethegoldfish.hf5,205737584,0.2057,0.1916,annex_symlink
highdata,hf5,UTS02,goldiethegoldfish,derivatives/preprocessed_data/UTS02/goldiethegoldfish.hf5,239022584,0.2390,0.2226,annex_symlink
highdata,hf5,UTS03,goldiethegoldfish,derivatives/preprocessed_data/UTS03/goldiethegoldfish.hf5,242332064,0.2423,0.2257,annex_symlink
highdata,wav,,golfclubbing,stimuli/golfclubbing.wav,74661922,0.0747,0.0695,annex_symlink
highdata,textgrid,,golfclubbing,derivatives/TextGrids/golfclubbing.TextGrid,628550,0.0006,0.0006,annex_symlink
highdata,hf5,UTS01,golfclubbing,derivatives/preprocessed_data/UTS01/golfclubbing.hf5,130452656,0.1305,0.1215,annex_symlink
highdata,hf5,UTS02,golfclubbing,derivatives/preprocessed_data/UTS02/golfclubbing.hf5,151557656,0.1516,0.1411,annex_symlink
highdata,hf5,UTS03,golfclubbing,derivatives/preprocessed_data/UTS03/golfclubbing.hf5,153656096,0.1537,0.1431,annex_symlink
highdata,wav,,gpsformylostidentity,stimuli/gpsformylostidentity.wav,118840324,0.1188,0.1107,annex_symlink
highdata,textgrid,,gpsformylostidentity,derivatives/TextGrids/gpsformylostidentity.TextGrid,945698,0.0009,0.0009,annex_symlink
highdata,hf5,UTS01,gpsformylostidentity,derivatives/preprocessed_data/UTS01/gpsformylostidentity.hf5,211578656,0.2116,0.1970,annex_symlink
highdata,hf5,UTS02,gpsformylostidentity,derivatives/preprocessed_data/UTS02/gpsformylostidentity.hf5,245808656,0.2458,0.2289,annex_symlink
highdata,hf5,UTS03,gpsformylostidentity,derivatives/preprocessed_data/UTS03/gpsformylostidentity.hf5,249212096,0.2492,0.2321,annex_symlink
highdata,wav,,hangtime,stimuli/hangtime.wav,117892564,0.1179,0.1098,annex_symlink
highdata,textgrid,,hangtime,derivatives/TextGrids/hangtime.TextGrid,1032382,0.0010,0.0010,annex_symlink
highdata,hf5,UTS01,hangtime,derivatives/preprocessed_data/UTS01/hangtime.hf5,210280640,0.2103,0.1958,annex_symlink
highdata,hf5,UTS02,hangtime,derivatives/preprocessed_data/UTS02/hangtime.hf5,244300640,0.2443,0.2275,annex_symlink
highdata,hf5,UTS03,hangtime,derivatives/preprocessed_data/UTS03/hangtime.hf5,247683200,0.2477,0.2307,annex_symlink
highdata,wav,,haveyoumethimyet,stimuli/haveyoumethimyet.wav,178733272,0.1787,0.1665,annex_symlink
highdata,textgrid,,haveyoumethimyet,derivatives/TextGrids/haveyoumethimyet.TextGrid,1625041,0.0016,0.0015,annex_symlink
highdata,hf5,UTS01,haveyoumethimyet,derivatives/preprocessed_data/UTS01/haveyoumethimyet.hf5,321910016,0.3219,0.2998,annex_symlink
highdata,hf5,UTS02,haveyoumethimyet,derivatives/preprocessed_data/UTS02/haveyoumethimyet.hf5,373990016,0.3740,0.3483,annex_symlink
highdata,hf5,UTS03,haveyoumethimyet,derivatives/preprocessed_data/UTS03/haveyoumethimyet.hf5,379168256,0.3792,0.3531,annex_symlink
highdata,wav,,howtodraw,stimuli/howtodraw.wav,128468252,0.1285,0.1196,annex_symlink
highdata,textgrid,,howtodraw,derivatives/TextGrids/howtodraw.TextGrid,1130521,0.0011,0.0011,annex_symlink
highdata,hf5,UTS01,howtodraw,derivatives/preprocessed_data/UTS01/howtodraw.hf5,229750880,0.2298,0.2140,annex_symlink
highdata,hf5,UTS02,howtodraw,derivatives/preprocessed_data/UTS02/howtodraw.hf5,266920880,0.2669,0.2486,annex_symlink
highdata,hf5,UTS03,howtodraw,derivatives/preprocessed_data/UTS03/howtodraw.hf5,270616640,0.2706,0.2520,annex_symlink
highdata,wav,,ifthishaircouldtalk,stimuli/ifthishaircouldtalk.wav,91497884,0.0915,0.0852,annex_symlink
highdata,textgrid,,ifthishaircouldtalk,derivatives/TextGrids/ifthishaircouldtalk.TextGrid,977223,0.0010,0.0009,annex_symlink
highdata,hf5,UTS01,ifthishaircouldtalk,derivatives/preprocessed_data/UTS01/ifthishaircouldtalk.hf5,161605040,0.1616,0.1505,annex_symlink
highdata,hf5,UTS02,ifthishaircouldtalk,derivatives/preprocessed_data/UTS02/ifthishaircouldtalk.hf5,187750040,0.1878,0.1749,annex_symlink
highdata,hf5,UTS03,ifthishaircouldtalk,derivatives/preprocessed_data/UTS03/ifthishaircouldtalk.hf5,190349600,0.1903,0.1773,annex_symlink
highdata,wav,,inamoment,stimuli/inamoment.wav,75912098,0.0759,0.0707,annex_symlink
highdata,textgrid,,inamoment,derivatives/TextGrids/inamoment.TextGrid,554322,0.0006,0.0005,annex_symlink
highdata,hf5,UTS01,inamoment,derivatives/preprocessed_data/UTS01/inamoment.hf5,133048688,0.1330,0.1239,annex_symlink
highdata,hf5,UTS02,inamoment,derivatives/preprocessed_data/UTS02/inamoment.hf5,154573688,0.1546,0.1440,annex_symlink
highdata,hf5,UTS03,inamoment,derivatives/preprocessed_data/UTS03/inamoment.hf5,156713888,0.1567,0.1460,annex_symlink
highdata,wav,,itsabox,stimuli/itsabox.wav,128901452,0.1289,0.1200,annex_symlink
highdata,textgrid,,itsabox,derivatives/TextGrids/itsabox.TextGrid,911758,0.0009,0.0008,annex_symlink
highdata,hf5,UTS01,itsabox,derivatives/preprocessed_data/UTS01/itsabox.hf5,230399888,0.2304,0.2146,annex_symlink
highdata,hf5,UTS02,itsabox,derivatives/preprocessed_data/UTS02/itsabox.hf5,267674888,0.2677,0.2493,annex_symlink
highdata,hf5,UTS03,itsabox,derivatives/preprocessed_data/UTS03/itsabox.hf5,271381088,0.2714,0.2527,annex_symlink
highdata,wav,,jugglingandjesus,stimuli/jugglingandjesus.wav,35925258,0.0359,0.0335,annex_symlink
highdata,textgrid,,jugglingandjesus,derivatives/TextGrids/jugglingandjesus.TextGrid,495988,0.0005,0.0005,annex_symlink
highdata,hf5,UTS01,jugglingandjesus,derivatives/preprocessed_data/UTS01/jugglingandjesus.hf5,125260592,0.1253,0.1167,annex_symlink
highdata,hf5,UTS02,jugglingandjesus,derivatives/preprocessed_data/UTS02/jugglingandjesus.hf5,145525592,0.1455,0.1355,annex_symlink
highdata,hf5,UTS03,jugglingandjesus,derivatives/preprocessed_data/UTS03/jugglingandjesus.hf5,147540512,0.1475,0.1374,annex_symlink
highdata,wav,,kiksuya,stimuli/kiksuya.wav,120881196,0.1209,0.1126,annex_symlink
highdata,textgrid,,kiksuya,derivatives/TextGrids/kiksuya.TextGrid,939713,0.0009,0.0009,annex_symlink
highdata,hf5,UTS01,kiksuya,derivatives/preprocessed_data/UTS01/kiksuya.hf5,215472704,0.2155,0.2007,annex_symlink
highdata,hf5,UTS02,kiksuya,derivatives/preprocessed_data/UTS02/kiksuya.hf5,250332704,0.2503,0.2331,annex_symlink
highdata,hf5,UTS03,kiksuya,derivatives/preprocessed_data/UTS03/kiksuya.hf5,253798784,0.2538,0.2364,annex_symlink
highdata,wav,,leavingbaghdad,stimuli/leavingbaghdad.wav,119017982,0.1190,0.1108,annex_symlink
highdata,textgrid,,leavingbaghdad,derivatives/TextGrids/leavingbaghdad.TextGrid,1061113,0.0011,0.0010,annex_symlink
highdata,hf5,UTS01,leavingbaghdad,derivatives/preprocessed_data/UTS01/leavingbaghdad.hf5,212227664,0.2122,0.1977,annex_symlink
highdata,hf5,UTS02,leavingbaghdad,derivatives/preprocessed_data/UTS02/leavingbaghdad.hf5,246562664,0.2466,0.2296,annex_symlink
highdata,hf5,UTS03,leavingbaghdad,derivatives/preprocessed_data/UTS03/leavingbaghdad.hf5,249976544,0.2500,0.2328,annex_symlink
highdata,wav,,legacy,stimuli/legacy.wav,144648044,0.1446,0.1347,annex_symlink
highdata,textgrid,,legacy,derivatives/TextGrids/legacy.TextGrid,373948,0.0004,0.0003,annex_symlink
highdata,hf5,UTS01,legacy,derivatives/preprocessed_data/UTS01/legacy.hf5,259605248,0.2596,0.2418,annex_symlink
highdata,hf5,UTS02,legacy,derivatives/preprocessed_data/UTS02/legacy.hf5,301605248,0.3016,0.2809,annex_symlink
highdata,hf5,UTS03,legacy,derivatives/preprocessed_data/UTS03/legacy.hf5,305781248,0.3058,0.2848,annex_symlink
highdata,wav,,life,stimuli/life.wav,155281288,0.1553,0.1446,annex_symlink
highdata,textgrid,,life,derivatives/TextGrids/life.TextGrid,273565,0.0003,0.0003,annex_symlink
highdata,hf5,UTS01,life,derivatives/preprocessed_data/UTS01/life.hf5,279075488,0.2791,0.2599,annex_symlink
highdata,hf5,UTS02,life,derivatives/preprocessed_data/UTS02/life.hf5,324225488,0.3242,0.3020,annex_symlink
highdata,hf5,UTS03,life,derivatives/preprocessed_data/UTS03/life.hf5,328714688,0.3287,0.3061,annex_symlink
highdata,wav,,lifeanddeathontheoregontrail,stimuli/lifeanddeathontheoregontrail.wav,131196186,0.1312,0.1222,annex_symlink
highdata,textgrid,,lifeanddeathontheoregontrail,derivatives/TextGrids/lifeanddeathontheoregontrail.TextGrid,1359659,0.0014,0.0013,annex_symlink
highdata,hf5,UTS01,lifeanddeathontheoregontrail,derivatives/preprocessed_data/UTS01/lifeanddeathontheoregontrail.hf5,234293936,0.2343,0.2182,annex_symlink
highdata,hf5,UTS02,lifeanddeathontheoregontrail,derivatives/preprocessed_data/UTS02/lifeanddeathontheoregontrail.hf5,272198936,0.2722,0.2535,annex_symlink
highdata,hf5,UTS03,lifeanddeathontheoregontrail,derivatives/preprocessed_data/UTS03/lifeanddeathontheoregontrail.hf5,275967776,0.2760,0.2570,annex_symlink
highdata,wav,,lifereimagined,stimuli/lifereimagined.wav,119130790,0.1191,0.1109,annex_symlink
highdata,textgrid,,lifereimagined,derivatives/TextGrids/lifereimagined.TextGrid,978516,0.0010,0.0009,annex_symlink
highdata,hf5,UTS01,lifereimagined,derivatives/preprocessed_data/UTS01/lifereimagined.hf5,212227664,0.2122,0.1977,annex_symlink
highdata,hf5,UTS02,lifereimagined,derivatives/preprocessed_data/UTS02/lifereimagined.hf5,246562664,0.2466,0.2296,annex_symlink
highdata,hf5,UTS03,lifereimagined,derivatives/preprocessed_data/UTS03/lifereimagined.hf5,249976544,0.2500,0.2328,annex_symlink
highdata,wav,,listo,stimuli/listo.wav,65361712,0.0654,0.0609,annex_symlink
highdata,textgrid,,listo,derivatives/TextGrids/listo.TextGrid,1242098,0.0012,0.0012,annex_symlink
highdata,hf5,UTS01,listo,derivatives/preprocessed_data/UTS01/listo.hf5,233644928,0.2336,0.2176,annex_symlink
highdata,hf5,UTS02,listo,derivatives/preprocessed_data/UTS02/listo.hf5,271444928,0.2714,0.2528,annex_symlink
highdata,hf5,UTS03,listo,derivatives/preprocessed_data/UTS03/listo.hf5,275203328,0.2752,0.2563,annex_symlink
highdata,wav,,mayorofthefreaks,stimuli/mayorofthefreaks.wav,85632166,0.0856,0.0798,annex_symlink
highdata,textgrid,,mayorofthefreaks,derivatives/TextGrids/mayorofthefreaks.TextGrid,1730451,0.0017,0.0016,annex_symlink
highdata,hf5,UTS01,mayorofthefreaks,derivatives/preprocessed_data/UTS01/mayorofthefreaks.hf5,308280848,0.3083,0.2871,annex_symlink
highdata,hf5,UTS02,mayorofthefreaks,derivatives/preprocessed_data/UTS02/mayorofthefreaks.hf5,358155848,0.3582,0.3336,annex_symlink
highdata,hf5,UTS03,mayorofthefreaks,derivatives/preprocessed_data/UTS03/mayorofthefreaks.hf5,363114848,0.3631,0.3382,annex_symlink
highdata,wav,,metsmagic,stimuli/metsmagic.wav,41988650,0.0420,0.0391,annex_symlink
highdata,textgrid,,metsmagic,derivatives/TextGrids/metsmagic.TextGrid,794114,0.0008,0.0007,annex_symlink
highdata,hf5,UTS01,metsmagic,derivatives/preprocessed_data/UTS01/metsmagic.hf5,147975872,0.1480,0.1378,annex_symlink
highdata,hf5,UTS02,metsmagic,derivatives/preprocessed_data/UTS02/metsmagic.hf5,171915872,0.1719,0.1601,annex_symlink
highdata,hf5,UTS03,metsmagic,derivatives/preprocessed_data/UTS03/metsmagic.hf5,174296192,0.1743,0.1623,annex_symlink
highdata,wav,,mybackseatviewofagreatromance,stimuli/mybackseatviewofagreatromance.wav,139051404,0.1391,0.1295,annex_symlink
highdata,textgrid,,mybackseatviewofagreatromance,derivatives/TextGrids/mybackseatviewofagreatromance.TextGrid,1059569,0.0011,0.0010,annex_symlink
highdata,hf5,UTS01,mybackseatviewofagreatromance,derivatives/preprocessed_data/UTS01/mybackseatviewofagreatromance.hf5,249221120,0.2492,0.2321,annex_symlink
highdata,hf5,UTS02,mybackseatviewofagreatromance,derivatives/preprocessed_data/UTS02/mybackseatviewofagreatromance.hf5,289541120,0.2895,0.2697,annex_symlink
highdata,hf5,UTS03,mybackseatviewofagreatromance,derivatives/preprocessed_data/UTS03/mybackseatviewofagreatromance.hf5,293550080,0.2936,0.2734,annex_symlink
highdata,wav,,myfathershands,stimuli/myfathershands.wav,63630732,0.0636,0.0593,annex_symlink
highdata,textgrid,,myfathershands,derivatives/TextGrids/myfathershands.TextGrid,513560,0.0005,0.0005,annex_symlink
highdata,hf5,UTS01,myfathershands,derivatives/preprocessed_data/UTS01/myfathershands.hf5,110333408,0.1103,0.1028,annex_symlink
highdata,hf5,UTS02,myfathershands,derivatives/preprocessed_data/UTS02/myfathershands.hf5,128183408,0.1282,0.1194,annex_symlink
highdata,hf5,UTS03,myfathershands,derivatives/preprocessed_data/UTS03/myfathershands.hf5,129958208,0.1300,0.1210,annex_symlink
highdata,wav,,myfirstdaywiththeyankees,stimuli/myfirstdaywiththeyankees.wav,129986852,0.1300,0.1211,annex_symlink
highdata,textgrid,,myfirstdaywiththeyankees,derivatives/TextGrids/myfirstdaywiththeyankees.TextGrid,1437249,0.0014,0.0013,annex_symlink
highdata,hf5,UTS01,myfirstdaywiththeyankees,derivatives/preprocessed_data/UTS01/myfirstdaywiththeyankees.hf5,232346912,0.2323,0.2164,annex_symlink
highdata,hf5,UTS02,myfirstdaywiththeyankees,derivatives/preprocessed_data/UTS02/myfirstdaywiththeyankees.hf5,269936912,0.2699,0.2514,annex_symlink
highdata,hf5,UTS03,myfirstdaywiththeyankees,derivatives/preprocessed_data/UTS03/myfirstdaywiththeyankees.hf5,273674432,0.2737,0.2549,annex_symlink
highdata,wav,,naked,stimuli/naked.wav,152593688,0.1526,0.1421,annex_symlink
highdata,textgrid,,naked,derivatives/TextGrids/naked.TextGrid,1693425,0.0017,0.0016,annex_symlink
highdata,hf5,UTS01,naked,derivatives/preprocessed_data/UTS01/naked.hf5,273883424,0.2739,0.2551,annex_symlink
highdata,hf5,UTS02,naked,derivatives/preprocessed_data/UTS02/naked.hf5,318193424,0.3182,0.2963,annex_symlink
highdata,hf5,UTS03,naked,derivatives/preprocessed_data/UTS03/naked.hf5,322599104,0.3226,0.3004,annex_symlink
highdata,wav,,notontheusualtour,stimuli/notontheusualtour.wav,90130142,0.0901,0.0839,annex_symlink
highdata,textgrid,,notontheusualtour,derivatives/TextGrids/notontheusualtour.TextGrid,787532,0.0008,0.0007,annex_symlink
highdata,hf5,UTS01,notontheusualtour,derivatives/preprocessed_data/UTS01/notontheusualtour.hf5,159009008,0.1590,0.1481,annex_symlink
highdata,hf5,UTS02,notontheusualtour,derivatives/preprocessed_data/UTS02/notontheusualtour.hf5,184734008,0.1847,0.1720,annex_symlink
highdata,hf5,UTS03,notontheusualtour,derivatives/preprocessed_data/UTS03/notontheusualtour.hf5,187291808,0.1873,0.1744,annex_symlink
highdata,wav,,odetostepfather,stimuli/odetostepfather.wav,146078060,0.1461,0.1360,annex_symlink
highdata,textgrid,,odetostepfather,derivatives/TextGrids/odetostepfather.TextGrid,1397379,0.0014,0.0013,annex_symlink
highdata,hf5,UTS01,odetostepfather,derivatives/preprocessed_data/UTS01/odetostepfather.hf5,262201280,0.2622,0.2442,annex_symlink
highdata,hf5,UTS02,odetostepfather,derivatives/preprocessed_data/UTS02/odetostepfather.hf5,304621280,0.3046,0.2837,annex_symlink
highdata,hf5,UTS03,odetostepfather,derivatives/preprocessed_data/UTS03/odetostepfather.hf5,308839040,0.3088,0.2876,annex_symlink
highdata,wav,,onlyonewaytofindout,stimuli/onlyonewaytofindout.wav,138309276,0.1383,0.1288,annex_symlink
highdata,textgrid,,onlyonewaytofindout,derivatives/TextGrids/onlyonewaytofindout.TextGrid,1045336,0.0010,0.0010,annex_symlink
highdata,hf5,UTS01,onlyonewaytofindout,derivatives/preprocessed_data/UTS01/onlyonewaytofindout.hf5,247923104,0.2479,0.2309,annex_symlink
highdata,hf5,UTS02,onlyonewaytofindout,derivatives/preprocessed_data/UTS02/onlyonewaytofindout.hf5,288033104,0.2880,0.2683,annex_symlink
highdata,hf5,UTS03,onlyonewaytofindout,derivatives/preprocessed_data/UTS03/onlyonewaytofindout.hf5,292021184,0.2920,0.2720,annex_symlink
highdata,wav,,penpal,stimuli/penpal.wav,93670716,0.0937,0.0872,annex_symlink
highdata,textgrid,,penpal,derivatives/TextGrids/penpal.TextGrid,879660,0.0009,0.0008,annex_symlink
highdata,hf5,UTS01,penpal,derivatives/preprocessed_data/UTS01/penpal.hf5,165499088,0.1655,0.1541,annex_symlink
highdata,hf5,UTS02,penpal,derivatives/preprocessed_data/UTS02/penpal.hf5,192274088,0.1923,0.1791,annex_symlink
highdata,hf5,UTS03,penpal,derivatives/preprocessed_data/UTS03/penpal.hf5,194936288,0.1949,0.1815,annex_symlink
highdata,wav,,quietfire,stimuli/quietfire.wav,164147508,0.1641,0.1529,annex_symlink
highdata,textgrid,,quietfire,derivatives/TextGrids/quietfire.TextGrid,1090011,0.0011,0.0010,annex_symlink
highdata,hf5,UTS01,quietfire,derivatives/preprocessed_data/UTS01/quietfire.hf5,295300688,0.2953,0.2750,annex_symlink
highdata,hf5,UTS02,quietfire,derivatives/preprocessed_data/UTS02/quietfire.hf5,343075688,0.3431,0.3195,annex_symlink
highdata,hf5,UTS03,quietfire,derivatives/preprocessed_data/UTS03/quietfire.hf5,347825888,0.3478,0.3239,annex_symlink
highdata,wav,,reachingoutbetweenthebars,stimuli/reachingoutbetweenthebars.wav,108191552,0.1082,0.1008,annex_symlink
highdata,textgrid,,reachingoutbetweenthebars,derivatives/TextGrids/reachingoutbetweenthebars.TextGrid,880816,0.0009,0.0008,annex_symlink
highdata,hf5,UTS01,reachingoutbetweenthebars,derivatives/preprocessed_data/UTS01/reachingoutbetweenthebars.hf5,192108416,0.1921,0.1789,annex_symlink
highdata,hf5,UTS02,reachingoutbetweenthebars,derivatives/preprocessed_data/UTS02/reachingoutbetweenthebars.hf5,223188416,0.2232,0.2079,annex_symlink
highdata,hf5,UTS03,reachingoutbetweenthebars,derivatives/preprocessed_data/UTS03/reachingoutbetweenthebars.hf5,226278656,0.2263,0.2107,annex_symlink
highdata,wav,,shoppinginchina,stimuli/shoppinginchina.wav,122536220,0.1225,0.1141,annex_symlink
highdata,textgrid,,shoppinginchina,derivatives/TextGrids/shoppinginchina.TextGrid,981318,0.0010,0.0009,annex_symlink
highdata,hf5,UTS01,shoppinginchina,derivatives/preprocessed_data/UTS01/shoppinginchina.hf5,218717744,0.2187,0.2037,annex_symlink
highdata,hf5,UTS02,shoppinginchina,derivatives/preprocessed_data/UTS02/shoppinginchina.hf5,254102744,0.2541,0.2367,annex_symlink
highdata,hf5,UTS03,shoppinginchina,derivatives/preprocessed_data/UTS03/shoppinginchina.hf5,257621024,0.2576,0.2399,annex_symlink
highdata,wav,,singlewomanseekingmanwich,stimuli/singlewomanseekingmanwich.wav,108470962,0.1085,0.1010,annex_symlink
highdata,textgrid,,singlewomanseekingmanwich,derivatives/TextGrids/singlewomanseekingmanwich.TextGrid,835201,0.0008,0.0008,annex_symlink
highdata,hf5,UTS01,singlewomanseekingmanwich,derivatives/preprocessed_data/UTS01/singlewomanseekingmanwich.hf5,192757424,0.1928,0.1795,annex_symlink
highdata,hf5,UTS02,singlewomanseekingmanwich,derivatives/preprocessed_data/UTS02/singlewomanseekingmanwich.hf5,223942424,0.2239,0.2086,annex_symlink
highdata,hf5,UTS03,singlewomanseekingmanwich,derivatives/preprocessed_data/UTS03/singlewomanseekingmanwich.hf5,227043104,0.2270,0.2115,annex_symlink
highdata,wav,,sloth,stimuli/sloth.wav,157878044,0.1579,0.1470,annex_symlink
highdata,textgrid,,sloth,derivatives/TextGrids/sloth.TextGrid,1384516,0.0014,0.0013,annex_symlink
highdata,hf5,UTS01,sloth,derivatives/preprocessed_data/UTS01/sloth.hf5,283618544,0.2836,0.2641,annex_symlink
highdata,hf5,UTS02,sloth,derivatives/preprocessed_data/UTS02/sloth.hf5,329503544,0.3295,0.3069,annex_symlink
highdata,hf5,UTS03,sloth,derivatives/preprocessed_data/UTS03/sloth.hf5,334065824,0.3341,0.3111,annex_symlink
highdata,wav,,souls,stimuli/souls.wav,128772044,0.1288,0.1199,annex_symlink
highdata,textgrid,,souls,derivatives/TextGrids/souls.TextGrid,1112605,0.0011,0.0010,annex_symlink
highdata,hf5,UTS01,souls,derivatives/preprocessed_data/UTS01/souls.hf5,230399888,0.2304,0.2146,annex_symlink
highdata,hf5,UTS02,souls,derivatives/preprocessed_data/UTS02/souls.hf5,267674888,0.2677,0.2493,annex_symlink
highdata,hf5,UTS03,souls,derivatives/preprocessed_data/UTS03/souls.hf5,271381088,0.2714,0.2527,annex_symlink
highdata,wav,,stagefright,stimuli/stagefright.wav,107076016,0.1071,0.0997,annex_symlink
highdata,textgrid,,stagefright,derivatives/TextGrids/stagefright.TextGrid,1090110,0.0011,0.0010,annex_symlink
highdata,hf5,UTS01,stagefright,derivatives/preprocessed_data/UTS01/stagefright.hf5,190161392,0.1902,0.1771,annex_symlink
highdata,hf5,UTS02,stagefright,derivatives/preprocessed_data/UTS02/stagefright.hf5,220926392,0.2209,0.2058,annex_symlink
highdata,hf5,UTS03,stagefright,derivatives/preprocessed_data/UTS03/stagefright.hf5,223985312,0.2240,0.2086,annex_symlink
highdata,wav,,stumblinginthedark,stimuli/stumblinginthedark.wav,176247178,0.1762,0.1641,annex_symlink
highdata,textgrid,,stumblinginthedark,derivatives/TextGrids/stumblinginthedark.TextGrid,1462308,0.0015,0.0014,annex_symlink
highdata,hf5,UTS01,stumblinginthedark,derivatives/preprocessed_data/UTS01/stumblinginthedark.hf5,317366960,0.3174,0.2956,annex_symlink
highdata,hf5,UTS02,stumblinginthedark,derivatives/preprocessed_data/UTS02/stumblinginthedark.hf5,368711960,0.3687,0.3434,annex_symlink
highdata,hf5,UTS03,stumblinginthedark,derivatives/preprocessed_data/UTS03/stumblinginthedark.hf5,373817120,0.3738,0.3481,annex_symlink
highdata,wav,,superheroesjustforeachother,stimuli/superheroesjustforeachother.wav,118199798,0.1182,0.1101,annex_symlink
highdata,textgrid,,superheroesjustforeachother,derivatives/TextGrids/superheroesjustforeachother.TextGrid,850889,0.0009,0.0008,annex_symlink
highdata,hf5,UTS01,superheroesjustforeachother,derivatives/preprocessed_data/UTS01/superheroesjustforeachother.hf5,210929648,0.2109,0.1964,annex_symlink
highdata,hf5,UTS02,superheroesjustforeachother,derivatives/preprocessed_data/UTS02/superheroesjustforeachother.hf5,245054648,0.2451,0.2282,annex_symlink
highdata,hf5,UTS03,superheroesjustforeachother,derivatives/preprocessed_data/UTS03/superheroesjustforeachother.hf5,248447648,0.2484,0.2314,annex_symlink
highdata,wav,,sweetaspie,stimuli/sweetaspie.wav,59255932,0.0593,0.0552,annex_symlink
highdata,textgrid,,sweetaspie,derivatives/TextGrids/sweetaspie.TextGrid,386762,0.0004,0.0004,annex_symlink
highdata,hf5,UTS01,sweetaspie,derivatives/preprocessed_data/UTS01/sweetaspie.hf5,101896304,0.1019,0.0949,annex_symlink
highdata,hf5,UTS02,sweetaspie,derivatives/preprocessed_data/UTS02/sweetaspie.hf5,118381304,0.1184,0.1103,annex_symlink
highdata,hf5,UTS03,sweetaspie,derivatives/preprocessed_data/UTS03/sweetaspie.hf5,120020384,0.1200,0.1118,annex_symlink
highdata,wav,,swimmingwithastronauts,stimuli/swimmingwithastronauts.wav,139574872,0.1396,0.1300,annex_symlink
highdata,textgrid,,swimmingwithastronauts,derivatives/TextGrids/swimmingwithastronauts.TextGrid,1169848,0.0012,0.0011,annex_symlink
highdata,hf5,UTS01,swimmingwithastronauts,derivatives/preprocessed_data/UTS01/swimmingwithastronauts.hf5,249870128,0.2499,0.2327,annex_symlink
highdata,hf5,UTS02,swimmingwithastronauts,derivatives/preprocessed_data/UTS02/swimmingwithastronauts.hf5,290295128,0.2903,0.2704,annex_symlink
highdata,hf5,UTS03,swimmingwithastronauts,derivatives/preprocessed_data/UTS03/swimmingwithastronauts.hf5,294314528,0.2943,0.2741,annex_symlink
highdata,wav,,thatthingonmyarm,stimuli/thatthingonmyarm.wav,156780840,0.1568,0.1460,annex_symlink
highdata,textgrid,,thatthingonmyarm,derivatives/TextGrids/thatthingonmyarm.TextGrid,1137714,0.0011,0.0011,annex_symlink
highdata,hf5,UTS01,thatthingonmyarm,derivatives/preprocessed_data/UTS01/thatthingonmyarm.hf5,281671520,0.2817,0.2623,annex_symlink
highdata,hf5,UTS02,thatthingonmyarm,derivatives/preprocessed_data/UTS02/thatthingonmyarm.hf5,327241520,0.3272,0.3048,annex_symlink
highdata,hf5,UTS03,thatthingonmyarm,derivatives/preprocessed_data/UTS03/thatthingonmyarm.hf5,331772480,0.3318,0.3090,annex_symlink
highdata,wav,,theadvancedbeginner,stimuli/theadvancedbeginner.wav,115748528,0.1157,0.1078,annex_symlink
highdata,textgrid,,theadvancedbeginner,derivatives/TextGrids/theadvancedbeginner.TextGrid,866518,0.0009,0.0008,annex_symlink
highdata,hf5,UTS01,theadvancedbeginner,derivatives/preprocessed_data/UTS01/theadvancedbeginner.hf5,206386592,0.2064,0.1922,annex_symlink
highdata,hf5,UTS02,theadvancedbeginner,derivatives/preprocessed_data/UTS02/theadvancedbeginner.hf5,239776592,0.2398,0.2233,annex_symlink
highdata,hf5,UTS03,theadvancedbeginner,derivatives/preprocessed_data/UTS03/theadvancedbeginner.hf5,243096512,0.2431,0.2264,annex_symlink
highdata,wav,,theclosetthatateeverything,stimuli/theclosetthatateeverything.wav,114544822,0.1145,0.1067,annex_symlink
highdata,textgrid,,theclosetthatateeverything,derivatives/TextGrids/theclosetthatateeverything.TextGrid,1042425,0.0010,0.0010,annex_symlink
highdata,hf5,UTS01,theclosetthatateeverything,derivatives/preprocessed_data/UTS01/theclosetthatateeverything.hf5,203790560,0.2038,0.1898,annex_symlink
highdata,hf5,UTS02,theclosetthatateeverything,derivatives/preprocessed_data/UTS02/theclosetthatateeverything.hf5,236760560,0.2368,0.2205,annex_symlink
highdata,hf5,UTS03,theclosetthatateeverything,derivatives/preprocessed_data/UTS03/theclosetthatateeverything.hf5,240038720,0.2400,0.2236,annex_symlink
highdata,wav,,thecurse,stimuli/thecurse.wav,147393264,0.1474,0.1373,annex_symlink
highdata,textgrid,,thecurse,derivatives/TextGrids/thecurse.TextGrid,1128756,0.0011,0.0011,annex_symlink
highdata,hf5,UTS01,thecurse,derivatives/preprocessed_data/UTS01/thecurse.hf5,264148304,0.2641,0.2460,annex_symlink
highdata,hf5,UTS02,thecurse,derivatives/preprocessed_data/UTS02/thecurse.hf5,306883304,0.3069,0.2858,annex_symlink
highdata,hf5,UTS03,thecurse,derivatives/preprocessed_data/UTS03/thecurse.hf5,311132384,0.3111,0.2898,annex_symlink
highdata,wav,,thefreedomridersandme,stimuli/thefreedomridersandme.wav,121435654,0.1214,0.1131,annex_symlink
highdata,textgrid,,thefreedomridersandme,derivatives/TextGrids/thefreedomridersandme.TextGrid,871170,0.0009,0.0008,annex_symlink
highdata,hf5,UTS01,thefreedomridersandme,derivatives/preprocessed_data/UTS01/thefreedomridersandme.hf5,216770720,0.2168,0.2019,annex_symlink
highdata,hf5,UTS02,thefreedomridersandme,derivatives/preprocessed_data/UTS02/thefreedomridersandme.hf5,251840720,0.2518,0.2345,annex_symlink
highdata,hf5,UTS03,thefreedomridersandme,derivatives/preprocessed_data/UTS03/thefreedomridersandme.hf5,255327680,0.2553,0.2378,annex_symlink
highdata,wav,,theinterview,stimuli/theinterview.wav,40782276,0.0408,0.0380,annex_symlink
highdata,textgrid,,theinterview,derivatives/TextGrids/theinterview.TextGrid,578419,0.0006,0.0005,annex_symlink
highdata,hf5,UTS01,theinterview,derivatives/preprocessed_data/UTS01/theinterview.hf5,143432816,0.1434,0.1336,annex_symlink
highdata,hf5,UTS02,theinterview,derivatives/preprocessed_data/UTS02/theinterview.hf5,166637816,0.1666,0.1552,annex_symlink
highdata,hf5,UTS03,theinterview,derivatives/preprocessed_data/UTS03/theinterview.hf5,168945056,0.1689,0.1573,annex_symlink
highdata,wav,,thepostmanalwayscalls,stimuli/thepostmanalwayscalls.wav,163947974,0.1639,0.1527,annex_symlink
highdata,textgrid,,thepostmanalwayscalls,derivatives/TextGrids/thepostmanalwayscalls.TextGrid,1213306,0.0012,0.0011,annex_symlink
highdata,hf5,UTS01,thepostmanalwayscalls,derivatives/preprocessed_data/UTS01/thepostmanalwayscalls.hf5,294651680,0.2947,0.2744,annex_symlink
highdata,hf5,UTS02,thepostmanalwayscalls,derivatives/preprocessed_data/UTS02/thepostmanalwayscalls.hf5,342321680,0.3423,0.3188,annex_symlink
highdata,hf5,UTS03,thepostmanalwayscalls,derivatives/preprocessed_data/UTS03/thepostmanalwayscalls.hf5,347061440,0.3471,0.3232,annex_symlink
highdata,wav,,theshower,stimuli/theshower.wav,71055730,0.0711,0.0662,annex_symlink
highdata,textgrid,,theshower,derivatives/TextGrids/theshower.TextGrid,810036,0.0008,0.0008,annex_symlink
highdata,hf5,UTS01,theshower,derivatives/preprocessed_data/UTS01/theshower.hf5,254413184,0.2544,0.2369,annex_symlink
highdata,hf5,UTS02,theshower,derivatives/preprocessed_data/UTS02/theshower.hf5,295573184,0.2956,0.2753,annex_symlink
highdata,hf5,UTS03,theshower,derivatives/preprocessed_data/UTS03/theshower.hf5,299665664,0.2997,0.2791,annex_symlink
highdata,wav,,thetiniestbouquet,stimuli/thetiniestbouquet.wav,64050236,0.0641,0.0597,annex_symlink
highdata,textgrid,,thetiniestbouquet,derivatives/TextGrids/thetiniestbouquet.TextGrid,518171,0.0005,0.0005,annex_symlink
highdata,hf5,UTS01,thetiniestbouquet,derivatives/preprocessed_data/UTS01/thetiniestbouquet.hf5,110982416,0.1110,0.1034,annex_symlink
highdata,hf5,UTS02,thetiniestbouquet,derivatives/preprocessed_data/UTS02/thetiniestbouquet.hf5,128937416,0.1289,0.1201,annex_symlink
highdata,hf5,UTS03,thetiniestbouquet,derivatives/preprocessed_data/UTS03/thetiniestbouquet.hf5,130722656,0.1307,0.1217,annex_symlink
highdata,wav,,thetriangleshirtwaistconnection,stimuli/thetriangleshirtwaistconnection.wav,75080954,0.0751,0.0699,annex_symlink
highdata,textgrid,,thetriangleshirtwaistconnection,derivatives/TextGrids/thetriangleshirtwaistconnection.TextGrid,777577,0.0008,0.0007,annex_symlink
highdata,hf5,UTS01,thetriangleshirtwaistconnection,derivatives/preprocessed_data/UTS01/thetriangleshirtwaistconnection.hf5,131101664,0.1311,0.1221,annex_symlink
highdata,hf5,UTS02,thetriangleshirtwaistconnection,derivatives/preprocessed_data/UTS02/thetriangleshirtwaistconnection.hf5,152311664,0.1523,0.1419,annex_symlink
highdata,hf5,UTS03,thetriangleshirtwaistconnection,derivatives/preprocessed_data/UTS03/thetriangleshirtwaistconnection.hf5,154420544,0.1544,0.1438,annex_symlink
highdata,wav,,threemonths,stimuli/threemonths.wav,64093316,0.0641,0.0597,annex_symlink
highdata,textgrid,,threemonths,derivatives/TextGrids/threemonths.TextGrid,1078237,0.0011,0.0010,annex_symlink
highdata,hf5,UTS01,threemonths,derivatives/preprocessed_data/UTS01/threemonths.hf5,229101872,0.2291,0.2134,annex_symlink
highdata,hf5,UTS02,threemonths,derivatives/preprocessed_data/UTS02/threemonths.hf5,266166872,0.2662,0.2479,annex_symlink
highdata,hf5,UTS03,threemonths,derivatives/preprocessed_data/UTS03/threemonths.hf5,269852192,0.2699,0.2513,annex_symlink
highdata,wav,,thumbsup,stimuli/thumbsup.wav,149824424,0.1498,0.1395,annex_symlink
highdata,textgrid,,thumbsup,derivatives/TextGrids/thumbsup.TextGrid,1661681,0.0017,0.0015,annex_symlink
highdata,hf5,UTS01,thumbsup,derivatives/preprocessed_data/UTS01/thumbsup.hf5,268691360,0.2687,0.2502,annex_symlink
highdata,hf5,UTS02,thumbsup,derivatives/preprocessed_data/UTS02/thumbsup.hf5,312161360,0.3122,0.2907,annex_symlink
highdata,hf5,UTS03,thumbsup,derivatives/preprocessed_data/UTS03/thumbsup.hf5,316483520,0.3165,0.2947,annex_symlink
highdata,wav,,tildeath,stimuli/tildeath.wav,117734404,0.1177,0.1096,annex_symlink
highdata,textgrid,,tildeath,derivatives/TextGrids/tildeath.TextGrid,1248864,0.0012,0.0012,annex_symlink
highdata,hf5,UTS01,tildeath,derivatives/preprocessed_data/UTS01/tildeath.hf5,209631632,0.2096,0.1952,annex_symlink
highdata,hf5,UTS02,tildeath,derivatives/preprocessed_data/UTS02/tildeath.hf5,243546632,0.2435,0.2268,annex_symlink
highdata,hf5,UTS03,tildeath,derivatives/preprocessed_data/UTS03/tildeath.hf5,246918752,0.2469,0.2300,annex_symlink
highdata,wav,,treasureisland,stimuli/treasureisland.wav,142814026,0.1428,0.1330,annex_symlink
highdata,textgrid,,treasureisland,derivatives/TextGrids/treasureisland.TextGrid,972739,0.0010,0.0009,annex_symlink
highdata,hf5,UTS01,treasureisland,derivatives/preprocessed_data/UTS01/treasureisland.hf5,255711200,0.2557,0.2381,annex_symlink
highdata,hf5,UTS02,treasureisland,derivatives/preprocessed_data/UTS02/treasureisland.hf5,297081200,0.2971,0.2767,annex_symlink
highdata,hf5,UTS03,treasureisland,derivatives/preprocessed_data/UTS03/treasureisland.hf5,301194560,0.3012,0.2805,annex_symlink
highdata,wav,,undertheinfluence,stimuli/undertheinfluence.wav,110734852,0.1107,0.1031,annex_symlink
highdata,textgrid,,undertheinfluence,derivatives/TextGrids/undertheinfluence.TextGrid,956309,0.0010,0.0009,annex_symlink
highdata,hf5,UTS01,undertheinfluence,derivatives/preprocessed_data/UTS01/undertheinfluence.hf5,197300480,0.1973,0.1838,annex_symlink
highdata,hf5,UTS02,undertheinfluence,derivatives/preprocessed_data/UTS02/undertheinfluence.hf5,229220480,0.2292,0.2135,annex_symlink
highdata,hf5,UTS03,undertheinfluence,derivatives/preprocessed_data/UTS03/undertheinfluence.hf5,232394240,0.2324,0.2164,annex_symlink
highdata,wav,,vixenandtheussr,stimuli/vixenandtheussr.wav,141782052,0.1418,0.1320,annex_symlink
highdata,textgrid,,vixenandtheussr,derivatives/TextGrids/vixenandtheussr.TextGrid,1168364,0.0012,0.0011,annex_symlink
highdata,hf5,UTS01,vixenandtheussr,derivatives/preprocessed_data/UTS01/vixenandtheussr.hf5,253764176,0.2538,0.2363,annex_symlink
highdata,hf5,UTS02,vixenandtheussr,derivatives/preprocessed_data/UTS02/vixenandtheussr.hf5,294819176,0.2948,0.2746,annex_symlink
highdata,hf5,UTS03,vixenandtheussr,derivatives/preprocessed_data/UTS03/vixenandtheussr.hf5,298901216,0.2989,0.2784,annex_symlink
highdata,wav,,waitingtogo,stimuli/waitingtogo.wav,126900018,0.1269,0.1182,annex_symlink
highdata,textgrid,,waitingtogo,derivatives/TextGrids/waitingtogo.TextGrid,924973,0.0009,0.0009,annex_symlink
highdata,hf5,UTS01,waitingtogo,derivatives/preprocessed_data/UTS01/waitingtogo.hf5,226505840,0.2265,0.2110,annex_symlink
highdata,hf5,UTS02,waitingtogo,derivatives/preprocessed_data/UTS02/waitingtogo.hf5,263150840,0.2632,0.2451,annex_symlink
highdata,hf5,UTS03,waitingtogo,derivatives/preprocessed_data/UTS03/waitingtogo.hf5,266794400,0.2668,0.2485,annex_symlink
highdata,wav,,whenmothersbullyback,stimuli/whenmothersbullyback.wav,112107386,0.1121,0.1044,annex_symlink
highdata,textgrid,,whenmothersbullyback,derivatives/TextGrids/whenmothersbullyback.TextGrid,905666,0.0009,0.0008,annex_symlink
highdata,hf5,UTS01,whenmothersbullyback,derivatives/preprocessed_data/UTS01/whenmothersbullyback.hf5,199247504,0.1992,0.1856,annex_symlink
highdata,hf5,UTS02,whenmothersbullyback,derivatives/preprocessed_data/UTS02/whenmothersbullyback.hf5,231482504,0.2315,0.2156,annex_symlink
highdata,hf5,UTS03,whenmothersbullyback,derivatives/preprocessed_data/UTS03/whenmothersbullyback.hf5,234687584,0.2347,0.2186,annex_symlink
highdata,wav,,wheretheressmoke,stimuli/wheretheressmoke.wav,106181968,0.1062,0.0989,annex_symlink
highdata,textgrid,,wheretheressmoke,derivatives/TextGrids/wheretheressmoke.TextGrid,998492,0.0010,0.0009,annex_symlink
highdata,hf5,UTS01,wheretheressmoke,derivatives/preprocessed_data/UTS01/wheretheressmoke.hf5,2077476776,2.0775,1.9348,annex_symlink
highdata,hf5,UTS02,wheretheressmoke,derivatives/preprocessed_data/UTS02/wheretheressmoke.hf5,2413581776,2.4136,2.2478,annex_symlink
highdata,hf5,UTS03,wheretheressmoke,derivatives/preprocessed_data/UTS03/wheretheressmoke.hf5,2447000216,2.4470,2.2789,annex_symlink
highdata,wav,,wildwomenanddancingqueens,stimuli/wildwomenanddancingqueens.wav,70550884,0.0706,0.0657,annex_symlink
highdata,textgrid,,wildwomenanddancingqueens,derivatives/TextGrids/wildwomenanddancingqueens.TextGrid,652159,0.0007,0.0006,annex_symlink
highdata,hf5,UTS01,wildwomenanddancingqueens,derivatives/preprocessed_data/UTS01/wildwomenanddancingqueens.hf5,122664560,0.1227,0.1142,annex_symlink
highdata,hf5,UTS02,wildwomenanddancingqueens,derivatives/preprocessed_data/UTS02/wildwomenanddancingqueens.hf5,142509560,0.1425,0.1327,annex_symlink
highdata,hf5,UTS03,wildwomenanddancingqueens,derivatives/preprocessed_data/UTS03/wildwomenanddancingqueens.hf5,144482720,0.1445,0.1346,annex_symlink
