available in different sizes,accordion
available in different sizes,acorn
available in different sizes,airplane
available in different sizes,aloe
available in different sizes,ant
available in different sizes,anteater
available in different sizes,anvil
available in different sizes,apple
available in different sizes,artichoke
available in different sizes,bagel
available in different sizes,banana
available in different sizes,banjo
available in different sizes,barrel
available in different sizes,bat
available in different sizes,beaver
available in different sizes,bed
available in different sizes,beet
available in different sizes,beetle
available in different sizes,bell
available in different sizes,belt
available in different sizes,bird
available in different sizes,blender
available in different sizes,blowtorch
available in different sizes,blueberry
available in different sizes,boa
available in different sizes,boar
available in different sizes,bread
available in different sizes,brussels sprouts
available in different sizes,bucket
available in different sizes,burrito
available in different sizes,cactus
available in different sizes,candle
available in different sizes,candy
available in different sizes,cannon
available in different sizes,car
available in different sizes,carrot
available in different sizes,cart
available in different sizes,cat
available in different sizes,caterpillar
available in different sizes,celery
available in different sizes,chili
available in different sizes,chinchilla
available in different sizes,chisel
available in different sizes,clarinet
available in different sizes,coat
available in different sizes,coconut
available in different sizes,crow
available in different sizes,crowbar
available in different sizes,dragonfly
available in different sizes,dress
available in different sizes,eagle
available in different sizes,eggbeater
available in different sizes,fig
available in different sizes,file
available in different sizes,flute
available in different sizes,fly
available in different sizes,grenade
available in different sizes,jeans
available in different sizes,missile
available in different sizes,motorcycle
available in various sizes,accordion
available in various sizes,acorn
available in various sizes,airplane
available in various sizes,aloe
available in various sizes,ant
available in various sizes,anteater
available in various sizes,anvil
available in various sizes,apple
available in various sizes,artichoke
available in various sizes,bagel
available in various sizes,banana
available in various sizes,banjo
available in various sizes,barrel
available in various sizes,bat
available in various sizes,beaver
available in various sizes,bed
available in various sizes,beet
available in various sizes,beetle
available in various sizes,bell
available in various sizes,belt
available in various sizes,bird
available in various sizes,blender
available in various sizes,blowtorch
available in various sizes,blueberry
available in various sizes,boa
available in various sizes,boar
available in various sizes,bread
available in various sizes,brussels sprouts
available in various sizes,bucket
available in various sizes,burrito
available in various sizes,cactus
available in various sizes,candle
available in various sizes,candy
available in various sizes,cannon
available in various sizes,car
available in various sizes,carrot
available in various sizes,cart
available in various sizes,cat
available in various sizes,caterpillar
available in various sizes,celery
available in various sizes,chili
available in various sizes,chinchilla
available in various sizes,chisel
available in various sizes,clarinet
available in various sizes,coat
available in various sizes,coconut
available in various sizes,crow
available in various sizes,crowbar
available in various sizes,dragonfly
available in various sizes,dress
available in various sizes,eagle
available in various sizes,eggbeater
available in various sizes,fig
available in various sizes,file
available in various sizes,flute
available in various sizes,fly
available in various sizes,grenade
available in various sizes,jeans
available in various sizes,missile
available in various sizes,motorcycle
can vary in size,accordion
can vary in size,acorn
can vary in size,airplane
can vary in size,aloe
can vary in size,ant
can vary in size,anteater
can vary in size,anvil
can vary in size,apple
can vary in size,artichoke
can vary in size,bagel
can vary in size,banana
can vary in size,banjo
can vary in size,barrel
can vary in size,bat
can vary in size,beaver
can vary in size,bed
can vary in size,beet
can vary in size,beetle
can vary in size,bell
can vary in size,belt
can vary in size,bird
can vary in size,blender
can vary in size,blowtorch
can vary in size,blueberry
can vary in size,boa
can vary in size,boar
can vary in size,bread
can vary in size,brussels sprouts
can vary in size,bucket
can vary in size,burrito
can vary in size,cactus
can vary in size,candle
can vary in size,candy
can vary in size,cannon
can vary in size,car
can vary in size,carrot
can vary in size,cart
can vary in size,cat
can vary in size,caterpillar
can vary in size,celery
can vary in size,chili
can vary in size,chinchilla
can vary in size,chisel
can vary in size,clarinet
can vary in size,coat
can vary in size,coconut
can vary in size,crow
can vary in size,crowbar
can vary in size,dragonfly
can vary in size,dress
can vary in size,eagle
can vary in size,eggbeater
can vary in size,fig
can vary in size,file
can vary in size,flute
can vary in size,fly
can vary in size,grenade
can vary in size,jeans
can vary in size,missile
can vary in size,motorcycle
color,accordion
color,acorn
color,airplane
color,aloe
color,ant
color,anteater
color,anvil
color,apple
color,artichoke
color,bagel
color,banana
color,banjo
color,barrel
color,bat
color,beaver
color,bed
color,beet
color,beetle
color,bell
color,belt
color,bird
color,blender
color,blowtorch
color,blueberry
color,boa
color,boar
color,bread
color,brussels sprouts
color,bucket
color,burrito
color,cactus
color,candle
color,candy
color,cannon
color,car
color,carrot
color,cart
color,cat
color,caterpillar
color,celery
color,chili
color,chinchilla
color,chisel
color,clarinet
color,coat
color,coconut
color,crow
color,crowbar
color,dragonfly
color,dress
color,eagle
color,eggbeater
color,fig
color,file
color,flute
color,fly
color,grenade
color,jeans
color,missile
color,motorcycle
compound eyes,accordion
compound eyes,acorn
compound eyes,airplane
compound eyes,aloe
compound eyes,ant
compound eyes,anteater
compound eyes,anvil
compound eyes,apple
compound eyes,artichoke
compound eyes,bagel
compound eyes,banana
compound eyes,banjo
compound eyes,barrel
compound eyes,bat
compound eyes,beaver
compound eyes,bed
compound eyes,beet
compound eyes,beetle
compound eyes,bell
compound eyes,belt
compound eyes,bird
compound eyes,blender
compound eyes,blowtorch
compound eyes,blueberry
compound eyes,boa
compound eyes,boar
compound eyes,bread
compound eyes,brussels sprouts
compound eyes,bucket
compound eyes,burrito
compound eyes,cactus
compound eyes,candle
compound eyes,candy
compound eyes,cannon
compound eyes,car
compound eyes,carrot
compound eyes,cart
compound eyes,cat
compound eyes,caterpillar
compound eyes,celery
compound eyes,chili
compound eyes,chinchilla
compound eyes,chisel
compound eyes,clarinet
compound eyes,coat
compound eyes,coconut
compound eyes,crow
compound eyes,crowbar
compound eyes,dragonfly
compound eyes,dress
compound eyes,eagle
compound eyes,eggbeater
compound eyes,fig
compound eyes,file
compound eyes,flute
compound eyes,fly
compound eyes,grenade
compound eyes,jeans
compound eyes,missile
compound eyes,motorcycle
contains antioxidants,accordion
contains antioxidants,acorn
contains antioxidants,airplane
contains antioxidants,aloe
contains antioxidants,ant
contains antioxidants,anteater
contains antioxidants,anvil
contains antioxidants,apple
contains antioxidants,artichoke
contains antioxidants,bagel
contains antioxidants,banana
contains antioxidants,banjo
contains antioxidants,barrel
contains antioxidants,bat
contains antioxidants,beaver
contains antioxidants,bed
contains antioxidants,beet
contains antioxidants,beetle
contains antioxidants,bell
contains antioxidants,belt
contains antioxidants,bird
contains antioxidants,blender
contains antioxidants,blowtorch
contains antioxidants,blueberry
contains antioxidants,boa
contains antioxidants,boar
contains antioxidants,bread
contains antioxidants,brussels sprouts
contains antioxidants,bucket
contains antioxidants,burrito
contains antioxidants,cactus
contains antioxidants,candle
contains antioxidants,candy
contains antioxidants,cannon
contains antioxidants,car
contains antioxidants,carrot
contains antioxidants,cart
contains antioxidants,cat
contains antioxidants,caterpillar
contains antioxidants,celery
contains antioxidants,chili
contains antioxidants,chinchilla
contains antioxidants,chisel
contains antioxidants,clarinet
contains antioxidants,coat
contains antioxidants,coconut
contains antioxidants,crow
contains antioxidants,crowbar
contains antioxidants,dragonfly
contains antioxidants,dress
contains antioxidants,eagle
contains antioxidants,eggbeater
contains antioxidants,fig
contains antioxidants,file
contains antioxidants,flute
contains antioxidants,fly
contains antioxidants,grenade
contains antioxidants,jeans
contains antioxidants,missile
contains antioxidants,motorcycle
contains vitamin c,accordion
contains vitamin c,acorn
contains vitamin c,airplane
contains vitamin c,aloe
contains vitamin c,ant
contains vitamin c,anteater
contains vitamin c,anvil
contains vitamin c,apple
contains vitamin c,artichoke
contains vitamin c,bagel
contains vitamin c,banana
contains vitamin c,banjo
contains vitamin c,barrel
contains vitamin c,bat
contains vitamin c,beaver
contains vitamin c,bed
contains vitamin c,beet
contains vitamin c,beetle
contains vitamin c,bell
contains vitamin c,belt
contains vitamin c,bird
contains vitamin c,blender
contains vitamin c,blowtorch
contains vitamin c,blueberry
contains vitamin c,boa
contains vitamin c,boar
contains vitamin c,bread
contains vitamin c,brussels sprouts
contains vitamin c,bucket
contains vitamin c,burrito
contains vitamin c,cactus
contains vitamin c,candle
contains vitamin c,candy
contains vitamin c,cannon
contains vitamin c,car
contains vitamin c,carrot
contains vitamin c,cart
contains vitamin c,cat
contains vitamin c,caterpillar
contains vitamin c,celery
contains vitamin c,chili
contains vitamin c,chinchilla
contains vitamin c,chisel
contains vitamin c,clarinet
contains vitamin c,coat
contains vitamin c,coconut
contains vitamin c,crow
contains vitamin c,crowbar
contains vitamin c,dragonfly
contains vitamin c,dress
contains vitamin c,eagle
contains vitamin c,eggbeater
contains vitamin c,fig
contains vitamin c,file
contains vitamin c,flute
contains vitamin c,fly
contains vitamin c,grenade
contains vitamin c,jeans
contains vitamin c,missile
contains vitamin c,motorcycle
crunchy texture,accordion
crunchy texture,acorn
crunchy texture,airplane
crunchy texture,aloe
crunchy texture,ant
crunchy texture,anteater
crunchy texture,anvil
crunchy texture,apple
crunchy texture,artichoke
crunchy texture,bagel
crunchy texture,banana
crunchy texture,banjo
crunchy texture,barrel
crunchy texture,bat
crunchy texture,beaver
crunchy texture,bed
crunchy texture,beet
crunchy texture,beetle
crunchy texture,bell
crunchy texture,belt
crunchy texture,bird
crunchy texture,blender
crunchy texture,blowtorch
crunchy texture,blueberry
crunchy texture,boa
crunchy texture,boar
crunchy texture,bread
crunchy texture,brussels sprouts
crunchy texture,bucket
crunchy texture,burrito
crunchy texture,cactus
crunchy texture,candle
crunchy texture,candy
crunchy texture,cannon
crunchy texture,car
crunchy texture,carrot
crunchy texture,cart
crunchy texture,cat
crunchy texture,caterpillar
crunchy texture,celery
crunchy texture,chili
crunchy texture,chinchilla
crunchy texture,chisel
crunchy texture,clarinet
crunchy texture,coat
crunchy texture,coconut
crunchy texture,crow
crunchy texture,crowbar
crunchy texture,dragonfly
crunchy texture,dress
crunchy texture,eagle
crunchy texture,eggbeater
crunchy texture,fig
crunchy texture,file
crunchy texture,flute
crunchy texture,fly
crunchy texture,grenade
crunchy texture,jeans
crunchy texture,missile
crunchy texture,motorcycle
durability,accordion
durability,acorn
durability,airplane
durability,aloe
durability,ant
durability,anteater
durability,anvil
durability,apple
durability,artichoke
durability,bagel
durability,banana
durability,banjo
durability,barrel
durability,bat
durability,beaver
durability,bed
durability,beet
durability,beetle
durability,bell
durability,belt
durability,bird
durability,blender
durability,blowtorch
durability,blueberry
durability,boa
durability,boar
durability,bread
durability,brussels sprouts
durability,bucket
durability,burrito
durability,cactus
durability,candle
durability,candy
durability,cannon
durability,car
durability,carrot
durability,cart
durability,cat
durability,caterpillar
durability,celery
durability,chili
durability,chinchilla
durability,chisel
durability,clarinet
durability,coat
durability,coconut
durability,crow
durability,crowbar
durability,dragonfly
durability,dress
durability,eagle
durability,eggbeater
durability,fig
durability,file
durability,flute
durability,fly
durability,grenade
durability,jeans
durability,missile
durability,motorcycle
durable construction,accordion
durable construction,acorn
durable construction,airplane
durable construction,aloe
durable construction,ant
durable construction,anteater
durable construction,anvil
durable construction,apple
durable construction,artichoke
durable construction,bagel
durable construction,banana
durable construction,banjo
durable construction,barrel
durable construction,bat
durable construction,beaver
durable construction,bed
durable construction,beet
durable construction,beetle
durable construction,bell
durable construction,belt
durable construction,bird
durable construction,blender
durable construction,blowtorch
durable construction,blueberry
durable construction,boa
durable construction,boar
durable construction,bread
durable construction,brussels sprouts
durable construction,bucket
durable construction,burrito
durable construction,cactus
durable construction,candle
durable construction,candy
durable construction,cannon
durable construction,car
durable construction,carrot
durable construction,cart
durable construction,cat
durable construction,caterpillar
durable construction,celery
durable construction,chili
durable construction,chinchilla
durable construction,chisel
durable construction,clarinet
durable construction,coat
durable construction,coconut
durable construction,crow
durable construction,crowbar
durable construction,dragonfly
durable construction,dress
durable construction,eagle
durable construction,eggbeater
durable construction,fig
durable construction,file
durable construction,flute
durable construction,fly
durable construction,grenade
durable construction,jeans
durable construction,missile
durable construction,motorcycle
easy to clean,accordion
easy to clean,acorn
easy to clean,airplane
easy to clean,aloe
easy to clean,ant
easy to clean,anteater
easy to clean,anvil
easy to clean,apple
easy to clean,artichoke
easy to clean,bagel
easy to clean,banana
easy to clean,banjo
easy to clean,barrel
easy to clean,bat
easy to clean,beaver
easy to clean,bed
easy to clean,beet
easy to clean,beetle
easy to clean,bell
easy to clean,belt
easy to clean,bird
easy to clean,blender
easy to clean,blowtorch
easy to clean,blueberry
easy to clean,boa
easy to clean,boar
easy to clean,bread
easy to clean,brussels sprouts
easy to clean,bucket
easy to clean,burrito
easy to clean,cactus
easy to clean,candle
easy to clean,candy
easy to clean,cannon
easy to clean,car
easy to clean,carrot
easy to clean,cart
easy to clean,cat
easy to clean,caterpillar
easy to clean,celery
easy to clean,chili
easy to clean,chinchilla
easy to clean,chisel
easy to clean,clarinet
easy to clean,coat
easy to clean,coconut
easy to clean,crow
easy to clean,crowbar
easy to clean,dragonfly
easy to clean,dress
easy to clean,eagle
easy to clean,eggbeater
easy to clean,fig
easy to clean,file
easy to clean,flute
easy to clean,fly
easy to clean,grenade
easy to clean,jeans
easy to clean,missile
easy to clean,motorcycle
good eyesight,accordion
good eyesight,acorn
good eyesight,airplane
good eyesight,aloe
good eyesight,ant
good eyesight,anteater
good eyesight,anvil
good eyesight,apple
good eyesight,artichoke
good eyesight,bagel
good eyesight,banana
good eyesight,banjo
good eyesight,barrel
good eyesight,bat
good eyesight,beaver
good eyesight,bed
good eyesight,beet
good eyesight,beetle
good eyesight,bell
good eyesight,belt
good eyesight,bird
good eyesight,blender
good eyesight,blowtorch
good eyesight,blueberry
good eyesight,boa
good eyesight,boar
good eyesight,bread
good eyesight,brussels sprouts
good eyesight,bucket
good eyesight,burrito
good eyesight,cactus
good eyesight,candle
good eyesight,candy
good eyesight,cannon
good eyesight,car
good eyesight,carrot
good eyesight,cart
good eyesight,cat
good eyesight,caterpillar
good eyesight,celery
good eyesight,chili
good eyesight,chinchilla
good eyesight,chisel
good eyesight,clarinet
good eyesight,coat
good eyesight,coconut
good eyesight,crow
good eyesight,crowbar
good eyesight,dragonfly
good eyesight,dress
good eyesight,eagle
good eyesight,eggbeater
good eyesight,fig
good eyesight,file
good eyesight,flute
good eyesight,fly
good eyesight,grenade
good eyesight,jeans
good eyesight,missile
good eyesight,motorcycle
good source of potassium,accordion
good source of potassium,acorn
good source of potassium,airplane
good source of potassium,aloe
good source of potassium,ant
good source of potassium,anteater
good source of potassium,anvil
good source of potassium,apple
good source of potassium,artichoke
good source of potassium,bagel
good source of potassium,banana
good source of potassium,banjo
good source of potassium,barrel
good source of potassium,bat
good source of potassium,beaver
good source of potassium,bed
good source of potassium,beet
good source of potassium,beetle
good source of potassium,bell
good source of potassium,belt
good source of potassium,bird
good source of potassium,blender
good source of potassium,blowtorch
good source of potassium,blueberry
good source of potassium,boa
good source of potassium,boar
good source of potassium,bread
good source of potassium,brussels sprouts
good source of potassium,bucket
good source of potassium,burrito
good source of potassium,cactus
good source of potassium,candle
good source of potassium,candy
good source of potassium,cannon
good source of potassium,car
good source of potassium,carrot
good source of potassium,cart
good source of potassium,cat
good source of potassium,caterpillar
good source of potassium,celery
good source of potassium,chili
good source of potassium,chinchilla
good source of potassium,chisel
good source of potassium,clarinet
good source of potassium,coat
good source of potassium,coconut
good source of potassium,crow
good source of potassium,crowbar
good source of potassium,dragonfly
good source of potassium,dress
good source of potassium,eagle
good source of potassium,eggbeater
good source of potassium,fig
good source of potassium,file
good source of potassium,flute
good source of potassium,fly
good source of potassium,grenade
good source of potassium,jeans
good source of potassium,missile
good source of potassium,motorcycle
has a handle,accordion
has a handle,acorn
has a handle,airplane
has a handle,aloe
has a handle,ant
has a handle,anteater
has a handle,anvil
has a handle,apple
has a handle,artichoke
has a handle,bagel
has a handle,banana
has a handle,banjo
has a handle,barrel
has a handle,bat
has a handle,beaver
has a handle,bed
has a handle,beet
has a handle,beetle
has a handle,bell
has a handle,belt
has a handle,bird
has a handle,blender
has a handle,blowtorch
has a handle,blueberry
has a handle,boa
has a handle,boar
has a handle,bread
has a handle,brussels sprouts
has a handle,bucket
has a handle,burrito
has a handle,cactus
has a handle,candle
has a handle,candy
has a handle,cannon
has a handle,car
has a handle,carrot
has a handle,cart
has a handle,cat
has a handle,caterpillar
has a handle,celery
has a handle,chili
has a handle,chinchilla
has a handle,chisel
has a handle,clarinet
has a handle,coat
has a handle,coconut
has a handle,crow
has a handle,crowbar
has a handle,dragonfly
has a handle,dress
has a handle,eagle
has a handle,eggbeater
has a handle,fig
has a handle,file
has a handle,flute
has a handle,fly
has a handle,grenade
has a handle,jeans
has a handle,missile
has a handle,motorcycle
high in fiber,accordion
high in fiber,acorn
high in fiber,airplane
high in fiber,aloe
high in fiber,ant
high in fiber,anteater
high in fiber,anvil
high in fiber,apple
high in fiber,artichoke
high in fiber,bagel
high in fiber,banana
high in fiber,banjo
high in fiber,barrel
high in fiber,bat
high in fiber,beaver
high in fiber,bed
high in fiber,beet
high in fiber,beetle
high in fiber,bell
high in fiber,belt
high in fiber,bird
high in fiber,blender
high in fiber,blowtorch
high in fiber,blueberry
high in fiber,boa
high in fiber,boar
high in fiber,bread
high in fiber,brussels sprouts
high in fiber,bucket
high in fiber,burrito
high in fiber,cactus
high in fiber,candle
high in fiber,candy
high in fiber,cannon
high in fiber,car
high in fiber,carrot
high in fiber,cart
high in fiber,cat
high in fiber,caterpillar
high in fiber,celery
high in fiber,chili
high in fiber,chinchilla
high in fiber,chisel
high in fiber,clarinet
high in fiber,coat
high in fiber,coconut
high in fiber,crow
high in fiber,crowbar
high in fiber,dragonfly
high in fiber,dress
high in fiber,eagle
high in fiber,eggbeater
high in fiber,fig
high in fiber,file
high in fiber,flute
high in fiber,fly
high in fiber,grenade
high in fiber,jeans
high in fiber,missile
high in fiber,motorcycle
length,accordion
length,acorn
length,airplane
length,aloe
length,ant
length,anteater
length,anvil
length,apple
length,artichoke
length,bagel
length,banana
length,banjo
length,barrel
length,bat
length,beaver
length,bed
length,beet
length,beetle
length,bell
length,belt
length,bird
length,blender
length,blowtorch
length,blueberry
length,boa
length,boar
length,bread
length,brussels sprouts
length,bucket
length,burrito
length,cactus
length,candle
length,candy
length,cannon
length,car
length,carrot
length,cart
length,cat
length,caterpillar
length,celery
length,chili
length,chinchilla
length,chisel
length,clarinet
length,coat
length,coconut
length,crow
length,crowbar
length,dragonfly
length,dress
length,eagle
length,eggbeater
length,fig
length,file
length,flute
length,fly
length,grenade
length,jeans
length,missile
length,motorcycle
low in calories,accordion
low in calories,acorn
low in calories,airplane
low in calories,aloe
low in calories,ant
low in calories,anteater
low in calories,anvil
low in calories,apple
low in calories,artichoke
low in calories,bagel
low in calories,banana
low in calories,banjo
low in calories,barrel
low in calories,bat
low in calories,beaver
low in calories,bed
low in calories,beet
low in calories,beetle
low in calories,bell
low in calories,belt
low in calories,bird
low in calories,blender
low in calories,blowtorch
low in calories,blueberry
low in calories,boa
low in calories,boar
low in calories,bread
low in calories,brussels sprouts
low in calories,bucket
low in calories,burrito
low in calories,cactus
low in calories,candle
low in calories,candy
low in calories,cannon
low in calories,car
low in calories,carrot
low in calories,cart
low in calories,cat
low in calories,caterpillar
low in calories,celery
low in calories,chili
low in calories,chinchilla
low in calories,chisel
low in calories,clarinet
low in calories,coat
low in calories,coconut
low in calories,crow
low in calories,crowbar
low in calories,dragonfly
low in calories,dress
low in calories,eagle
low in calories,eggbeater
low in calories,fig
low in calories,file
low in calories,flute
low in calories,fly
low in calories,grenade
low in calories,jeans
low in calories,missile
low in calories,motorcycle
low in fat,accordion
low in fat,acorn
low in fat,airplane
low in fat,aloe
low in fat,ant
low in fat,anteater
low in fat,anvil
low in fat,apple
low in fat,artichoke
low in fat,bagel
low in fat,banana
low in fat,banjo
low in fat,barrel
low in fat,bat
low in fat,beaver
low in fat,bed
low in fat,beet
low in fat,beetle
low in fat,bell
low in fat,belt
low in fat,bird
low in fat,blender
low in fat,blowtorch
low in fat,blueberry
low in fat,boa
low in fat,boar
low in fat,bread
low in fat,brussels sprouts
low in fat,bucket
low in fat,burrito
low in fat,cactus
low in fat,candle
low in fat,candy
low in fat,cannon
low in fat,car
low in fat,carrot
low in fat,cart
low in fat,cat
low in fat,caterpillar
low in fat,celery
low in fat,chili
low in fat,chinchilla
low in fat,chisel
low in fat,clarinet
low in fat,coat
low in fat,coconut
low in fat,crow
low in fat,crowbar
low in fat,dragonfly
low in fat,dress
low in fat,eagle
low in fat,eggbeater
low in fat,fig
low in fat,file
low in fat,flute
low in fat,fly
low in fat,grenade
low in fat,jeans
low in fat,missile
low in fat,motorcycle
made of metal,accordion
made of metal,acorn
made of metal,airplane
made of metal,aloe
made of metal,ant
made of metal,anteater
made of metal,anvil
made of metal,apple
made of metal,artichoke
made of metal,bagel
made of metal,banana
made of metal,banjo
made of metal,barrel
made of metal,bat
made of metal,beaver
made of metal,bed
made of metal,beet
made of metal,beetle
made of metal,bell
made of metal,belt
made of metal,bird
made of metal,blender
made of metal,blowtorch
made of metal,blueberry
made of metal,boa
made of metal,boar
made of metal,bread
made of metal,brussels sprouts
made of metal,bucket
made of metal,burrito
made of metal,cactus
made of metal,candle
made of metal,candy
made of metal,cannon
made of metal,car
made of metal,carrot
made of metal,cart
made of metal,cat
made of metal,caterpillar
made of metal,celery
made of metal,chili
made of metal,chinchilla
made of metal,chisel
made of metal,clarinet
made of metal,coat
made of metal,coconut
made of metal,crow
made of metal,crowbar
made of metal,dragonfly
made of metal,dress
made of metal,eagle
made of metal,eggbeater
made of metal,fig
made of metal,file
made of metal,flute
made of metal,fly
made of metal,grenade
made of metal,jeans
made of metal,missile
made of metal,motorcycle
maintenance requirements,accordion
maintenance requirements,acorn
maintenance requirements,airplane
maintenance requirements,aloe
maintenance requirements,ant
maintenance requirements,anteater
maintenance requirements,anvil
maintenance requirements,apple
maintenance requirements,artichoke
maintenance requirements,bagel
maintenance requirements,banana
maintenance requirements,banjo
maintenance requirements,barrel
maintenance requirements,bat
maintenance requirements,beaver
maintenance requirements,bed
maintenance requirements,beet
maintenance requirements,beetle
maintenance requirements,bell
maintenance requirements,belt
maintenance requirements,bird
maintenance requirements,blender
maintenance requirements,blowtorch
maintenance requirements,blueberry
maintenance requirements,boa
maintenance requirements,boar
maintenance requirements,bread
maintenance requirements,brussels sprouts
maintenance requirements,bucket
maintenance requirements,burrito
maintenance requirements,cactus
maintenance requirements,candle
maintenance requirements,candy
maintenance requirements,cannon
maintenance requirements,car
maintenance requirements,carrot
maintenance requirements,cart
maintenance requirements,cat
maintenance requirements,caterpillar
maintenance requirements,celery
maintenance requirements,chili
maintenance requirements,chinchilla
maintenance requirements,chisel
maintenance requirements,clarinet
maintenance requirements,coat
maintenance requirements,coconut
maintenance requirements,crow
maintenance requirements,crowbar
maintenance requirements,dragonfly
maintenance requirements,dress
maintenance requirements,eagle
maintenance requirements,eggbeater
maintenance requirements,fig
maintenance requirements,file
maintenance requirements,flute
maintenance requirements,fly
maintenance requirements,grenade
maintenance requirements,jeans
maintenance requirements,missile
maintenance requirements,motorcycle
material,accordion
material,acorn
material,airplane
material,aloe
material,ant
material,anteater
material,anvil
material,apple
material,artichoke
material,bagel
material,banana
material,banjo
material,barrel
material,bat
material,beaver
material,bed
material,beet
material,beetle
material,bell
material,belt
material,bird
material,blender
material,blowtorch
material,blueberry
material,boa
material,boar
material,bread
material,brussels sprouts
material,bucket
material,burrito
material,cactus
material,candle
material,candy
material,cannon
material,car
material,carrot
material,cart
material,cat
material,caterpillar
material,celery
material,chili
material,chinchilla
material,chisel
material,clarinet
material,coat
material,coconut
material,crow
material,crowbar
material,dragonfly
material,dress
material,eagle
material,eggbeater
material,fig
material,file
material,flute
material,fly
material,grenade
material,jeans
material,missile
material,motorcycle
nocturnal,accordion
nocturnal,acorn
nocturnal,airplane
nocturnal,aloe
nocturnal,ant
nocturnal,anteater
nocturnal,anvil
nocturnal,apple
nocturnal,artichoke
nocturnal,bagel
nocturnal,banana
nocturnal,banjo
nocturnal,barrel
nocturnal,bat
nocturnal,beaver
nocturnal,bed
nocturnal,beet
nocturnal,beetle
nocturnal,bell
nocturnal,belt
nocturnal,bird
nocturnal,blender
nocturnal,blowtorch
nocturnal,blueberry
nocturnal,boa
nocturnal,boar
nocturnal,bread
nocturnal,brussels sprouts
nocturnal,bucket
nocturnal,burrito
nocturnal,cactus
nocturnal,candle
nocturnal,candy
nocturnal,cannon
nocturnal,car
nocturnal,carrot
nocturnal,cart
nocturnal,cat
nocturnal,caterpillar
nocturnal,celery
nocturnal,chili
nocturnal,chinchilla
nocturnal,chisel
nocturnal,clarinet
nocturnal,coat
nocturnal,coconut
nocturnal,crow
nocturnal,crowbar
nocturnal,dragonfly
nocturnal,dress
nocturnal,eagle
nocturnal,eggbeater
nocturnal,fig
nocturnal,file
nocturnal,flute
nocturnal,fly
nocturnal,grenade
nocturnal,jeans
nocturnal,missile
nocturnal,motorcycle
nutritious,accordion
nutritious,acorn
nutritious,airplane
nutritious,aloe
nutritious,ant
nutritious,anteater
nutritious,anvil
nutritious,apple
nutritious,artichoke
nutritious,bagel
nutritious,banana
nutritious,banjo
nutritious,barrel
nutritious,bat
nutritious,beaver
nutritious,bed
nutritious,beet
nutritious,beetle
nutritious,bell
nutritious,belt
nutritious,bird
nutritious,blender
nutritious,blowtorch
nutritious,blueberry
nutritious,boa
nutritious,boar
nutritious,bread
nutritious,brussels sprouts
nutritious,bucket
nutritious,burrito
nutritious,cactus
nutritious,candle
nutritious,candy
nutritious,cannon
nutritious,car
nutritious,carrot
nutritious,cart
nutritious,cat
nutritious,caterpillar
nutritious,celery
nutritious,chili
nutritious,chinchilla
nutritious,chisel
nutritious,clarinet
nutritious,coat
nutritious,coconut
nutritious,crow
nutritious,crowbar
nutritious,dragonfly
nutritious,dress
nutritious,eagle
nutritious,eggbeater
nutritious,fig
nutritious,file
nutritious,flute
nutritious,fly
nutritious,grenade
nutritious,jeans
nutritious,missile
nutritious,motorcycle
pattern,accordion
pattern,acorn
pattern,airplane
pattern,aloe
pattern,ant
pattern,anteater
pattern,anvil
pattern,apple
pattern,artichoke
pattern,bagel
pattern,banana
pattern,banjo
pattern,barrel
pattern,bat
pattern,beaver
pattern,bed
pattern,beet
pattern,beetle
pattern,bell
pattern,belt
pattern,bird
pattern,blender
pattern,blowtorch
pattern,blueberry
pattern,boa
pattern,boar
pattern,bread
pattern,brussels sprouts
pattern,bucket
pattern,burrito
pattern,cactus
pattern,candle
pattern,candy
pattern,cannon
pattern,car
pattern,carrot
pattern,cart
pattern,cat
pattern,caterpillar
pattern,celery
pattern,chili
pattern,chinchilla
pattern,chisel
pattern,clarinet
pattern,coat
pattern,coconut
pattern,crow
pattern,crowbar
pattern,dragonfly
pattern,dress
pattern,eagle
pattern,eggbeater
pattern,fig
pattern,file
pattern,flute
pattern,fly
pattern,grenade
pattern,jeans
pattern,missile
pattern,motorcycle
round shape,accordion
round shape,acorn
round shape,airplane
round shape,aloe
round shape,ant
round shape,anteater
round shape,anvil
round shape,apple
round shape,artichoke
round shape,bagel
round shape,banana
round shape,banjo
round shape,barrel
round shape,bat
round shape,beaver
round shape,bed
round shape,beet
round shape,beetle
round shape,bell
round shape,belt
round shape,bird
round shape,blender
round shape,blowtorch
round shape,blueberry
round shape,boa
round shape,boar
round shape,bread
round shape,brussels sprouts
round shape,bucket
round shape,burrito
round shape,cactus
round shape,candle
round shape,candy
round shape,cannon
round shape,car
round shape,carrot
round shape,cart
round shape,cat
round shape,caterpillar
round shape,celery
round shape,chili
round shape,chinchilla
round shape,chisel
round shape,clarinet
round shape,coat
round shape,coconut
round shape,crow
round shape,crowbar
round shape,dragonfly
round shape,dress
round shape,eagle
round shape,eggbeater
round shape,fig
round shape,file
round shape,flute
round shape,fly
round shape,grenade
round shape,jeans
round shape,missile
round shape,motorcycle
shape,accordion
shape,acorn
shape,airplane
shape,aloe
shape,ant
shape,anteater
shape,anvil
shape,apple
shape,artichoke
shape,bagel
shape,banana
shape,banjo
shape,barrel
shape,bat
shape,beaver
shape,bed
shape,beet
shape,beetle
shape,bell
shape,belt
shape,bird
shape,blender
shape,blowtorch
shape,blueberry
shape,boa
shape,boar
shape,bread
shape,brussels sprouts
shape,bucket
shape,burrito
shape,cactus
shape,candle
shape,candy
shape,cannon
shape,car
shape,carrot
shape,cart
shape,cat
shape,caterpillar
shape,celery
shape,chili
shape,chinchilla
shape,chisel
shape,clarinet
shape,coat
shape,coconut
shape,crow
shape,crowbar
shape,dragonfly
shape,dress
shape,eagle
shape,eggbeater
shape,fig
shape,file
shape,flute
shape,fly
shape,grenade
shape,jeans
shape,missile
shape,motorcycle
six legs,accordion
six legs,acorn
six legs,airplane
six legs,aloe
six legs,ant
six legs,anteater
six legs,anvil
six legs,apple
six legs,artichoke
six legs,bagel
six legs,banana
six legs,banjo
six legs,barrel
six legs,bat
six legs,beaver
six legs,bed
six legs,beet
six legs,beetle
six legs,bell
six legs,belt
six legs,bird
six legs,blender
six legs,blowtorch
six legs,blueberry
six legs,boa
six legs,boar
six legs,bread
six legs,brussels sprouts
six legs,bucket
six legs,burrito
six legs,cactus
six legs,candle
six legs,candy
six legs,cannon
six legs,car
six legs,carrot
six legs,cart
six legs,cat
six legs,caterpillar
six legs,celery
six legs,chili
six legs,chinchilla
six legs,chisel
six legs,clarinet
six legs,coat
six legs,coconut
six legs,crow
six legs,crowbar
six legs,dragonfly
six legs,dress
six legs,eagle
six legs,eggbeater
six legs,fig
six legs,file
six legs,flute
six legs,fly
six legs,grenade
six legs,jeans
six legs,missile
six legs,motorcycle
size,accordion
size,acorn
size,airplane
size,aloe
size,ant
size,anteater
size,anvil
size,apple
size,artichoke
size,bagel
size,banana
size,banjo
size,barrel
size,bat
size,beaver
size,bed
size,beet
size,beetle
size,bell
size,belt
size,bird
size,blender
size,blowtorch
size,blueberry
size,boa
size,boar
size,bread
size,brussels sprouts
size,bucket
size,burrito
size,cactus
size,candle
size,candy
size,cannon
size,car
size,carrot
size,cart
size,cat
size,caterpillar
size,celery
size,chili
size,chinchilla
size,chisel
size,clarinet
size,coat
size,coconut
size,crow
size,crowbar
size,dragonfly
size,dress
size,eagle
size,eggbeater
size,fig
size,file
size,flute
size,fly
size,grenade
size,jeans
size,missile
size,motorcycle
small size,accordion
small size,acorn
small size,airplane
small size,aloe
small size,ant
small size,anteater
small size,anvil
small size,apple
small size,artichoke
small size,bagel
small size,banana
small size,banjo
small size,barrel
small size,bat
small size,beaver
small size,bed
small size,beet
small size,beetle
small size,bell
small size,belt
small size,bird
small size,blender
small size,blowtorch
small size,blueberry
small size,boa
small size,boar
small size,bread
small size,brussels sprouts
small size,bucket
small size,burrito
small size,cactus
small size,candle
small size,candy
small size,cannon
small size,car
small size,carrot
small size,cart
small size,cat
small size,caterpillar
small size,celery
small size,chili
small size,chinchilla
small size,chisel
small size,clarinet
small size,coat
small size,coconut
small size,crow
small size,crowbar
small size,dragonfly
small size,dress
small size,eagle
small size,eggbeater
small size,fig
small size,file
small size,flute
small size,fly
small size,grenade
small size,jeans
small size,missile
small size,motorcycle
social animals,accordion
social animals,acorn
social animals,airplane
social animals,aloe
social animals,ant
social animals,anteater
social animals,anvil
social animals,apple
social animals,artichoke
social animals,bagel
social animals,banana
social animals,banjo
social animals,barrel
social animals,bat
social animals,beaver
social animals,bed
social animals,beet
social animals,beetle
social animals,bell
social animals,belt
social animals,bird
social animals,blender
social animals,blowtorch
social animals,blueberry
social animals,boa
social animals,boar
social animals,bread
social animals,brussels sprouts
social animals,bucket
social animals,burrito
social animals,cactus
social animals,candle
social animals,candy
social animals,cannon
social animals,car
social animals,carrot
social animals,cart
social animals,cat
social animals,caterpillar
social animals,celery
social animals,chili
social animals,chinchilla
social animals,chisel
social animals,clarinet
social animals,coat
social animals,coconut
social animals,crow
social animals,crowbar
social animals,dragonfly
social animals,dress
social animals,eagle
social animals,eggbeater
social animals,fig
social animals,file
social animals,flute
social animals,fly
social animals,grenade
social animals,jeans
social animals,missile
social animals,motorcycle
sweet taste,accordion
sweet taste,acorn
sweet taste,airplane
sweet taste,aloe
sweet taste,ant
sweet taste,anteater
sweet taste,anvil
sweet taste,apple
sweet taste,artichoke
sweet taste,bagel
sweet taste,banana
sweet taste,banjo
sweet taste,barrel
sweet taste,bat
sweet taste,beaver
sweet taste,bed
sweet taste,beet
sweet taste,beetle
sweet taste,bell
sweet taste,belt
sweet taste,bird
sweet taste,blender
sweet taste,blowtorch
sweet taste,blueberry
sweet taste,boa
sweet taste,boar
sweet taste,bread
sweet taste,brussels sprouts
sweet taste,bucket
sweet taste,burrito
sweet taste,cactus
sweet taste,candle
sweet taste,candy
sweet taste,cannon
sweet taste,car
sweet taste,carrot
sweet taste,cart
sweet taste,cat
sweet taste,caterpillar
sweet taste,celery
sweet taste,chili
sweet taste,chinchilla
sweet taste,chisel
sweet taste,clarinet
sweet taste,coat
sweet taste,coconut
sweet taste,crow
sweet taste,crowbar
sweet taste,dragonfly
sweet taste,dress
sweet taste,eagle
sweet taste,eggbeater
sweet taste,fig
sweet taste,file
sweet taste,flute
sweet taste,fly
sweet taste,grenade
sweet taste,jeans
sweet taste,missile
sweet taste,motorcycle
texture,accordion
texture,acorn
texture,airplane
texture,aloe
texture,ant
texture,anteater
texture,anvil
texture,apple
texture,artichoke
texture,bagel
texture,banana
texture,banjo
texture,barrel
texture,bat
texture,beaver
texture,bed
texture,beet
texture,beetle
texture,bell
texture,belt
texture,bird
texture,blender
texture,blowtorch
texture,blueberry
texture,boa
texture,boar
texture,bread
texture,brussels sprouts
texture,bucket
texture,burrito
texture,cactus
texture,candle
texture,candy
texture,cannon
texture,car
texture,carrot
texture,cart
texture,cat
texture,caterpillar
texture,celery
texture,chili
texture,chinchilla
texture,chisel
texture,clarinet
texture,coat
texture,coconut
texture,crow
texture,crowbar
texture,dragonfly
texture,dress
texture,eagle
texture,eggbeater
texture,fig
texture,file
texture,flute
texture,fly
texture,grenade
texture,jeans
texture,missile
texture,motorcycle
variable size,accordion
variable size,acorn
variable size,airplane
variable size,aloe
variable size,ant
variable size,anteater
variable size,anvil
variable size,apple
variable size,artichoke
variable size,bagel
variable size,banana
variable size,banjo
variable size,barrel
variable size,bat
variable size,beaver
variable size,bed
variable size,beet
variable size,beetle
variable size,bell
variable size,belt
variable size,bird
variable size,blender
variable size,blowtorch
variable size,blueberry
variable size,boa
variable size,boar
variable size,bread
variable size,brussels sprouts
variable size,bucket
variable size,burrito
variable size,cactus
variable size,candle
variable size,candy
variable size,cannon
variable size,car
variable size,carrot
variable size,cart
variable size,cat
variable size,caterpillar
variable size,celery
variable size,chili
variable size,chinchilla
variable size,chisel
variable size,clarinet
variable size,coat
variable size,coconut
variable size,crow
variable size,crowbar
variable size,dragonfly
variable size,dress
variable size,eagle
variable size,eggbeater
variable size,fig
variable size,file
variable size,flute
variable size,fly
variable size,grenade
variable size,jeans
variable size,missile
variable size,motorcycle
versatile in cooking,accordion
versatile in cooking,acorn
versatile in cooking,airplane
versatile in cooking,aloe
versatile in cooking,ant
versatile in cooking,anteater
versatile in cooking,anvil
versatile in cooking,apple
versatile in cooking,artichoke
versatile in cooking,bagel
versatile in cooking,banana
versatile in cooking,banjo
versatile in cooking,barrel
versatile in cooking,bat
versatile in cooking,beaver
versatile in cooking,bed
versatile in cooking,beet
versatile in cooking,beetle
versatile in cooking,bell
versatile in cooking,belt
versatile in cooking,bird
versatile in cooking,blender
versatile in cooking,blowtorch
versatile in cooking,blueberry
versatile in cooking,boa
versatile in cooking,boar
versatile in cooking,bread
versatile in cooking,brussels sprouts
versatile in cooking,bucket
versatile in cooking,burrito
versatile in cooking,cactus
versatile in cooking,candle
versatile in cooking,candy
versatile in cooking,cannon
versatile in cooking,car
versatile in cooking,carrot
versatile in cooking,cart
versatile in cooking,cat
versatile in cooking,caterpillar
versatile in cooking,celery
versatile in cooking,chili
versatile in cooking,chinchilla
versatile in cooking,chisel
versatile in cooking,clarinet
versatile in cooking,coat
versatile in cooking,coconut
versatile in cooking,crow
versatile in cooking,crowbar
versatile in cooking,dragonfly
versatile in cooking,dress
versatile in cooking,eagle
versatile in cooking,eggbeater
versatile in cooking,fig
versatile in cooking,file
versatile in cooking,flute
versatile in cooking,fly
versatile in cooking,grenade
versatile in cooking,jeans
versatile in cooking,missile
versatile in cooking,motorcycle
versatility,accordion
versatility,acorn
versatility,airplane
versatility,aloe
versatility,ant
versatility,anteater
versatility,anvil
versatility,apple
versatility,artichoke
versatility,bagel
versatility,banana
versatility,banjo
versatility,barrel
versatility,bat
versatility,beaver
versatility,bed
versatility,beet
versatility,beetle
versatility,bell
versatility,belt
versatility,bird
versatility,blender
versatility,blowtorch
versatility,blueberry
versatility,boa
versatility,boar
versatility,bread
versatility,brussels sprouts
versatility,bucket
versatility,burrito
versatility,cactus
versatility,candle
versatility,candy
versatility,cannon
versatility,car
versatility,carrot
versatility,cart
versatility,cat
versatility,caterpillar
versatility,celery
versatility,chili
versatility,chinchilla
versatility,chisel
versatility,clarinet
versatility,coat
versatility,coconut
versatility,crow
versatility,crowbar
versatility,dragonfly
versatility,dress
versatility,eagle
versatility,eggbeater
versatility,fig
versatility,file
versatility,flute
versatility,fly
versatility,grenade
versatility,jeans
versatility,missile
versatility,motorcycle
weight,accordion
weight,acorn
weight,airplane
weight,aloe
weight,ant
weight,anteater
weight,anvil
weight,apple
weight,artichoke
weight,bagel
weight,banana
weight,banjo
weight,barrel
weight,bat
weight,beaver
weight,bed
weight,beet
weight,beetle
weight,bell
weight,belt
weight,bird
weight,blender
weight,blowtorch
weight,blueberry
weight,boa
weight,boar
weight,bread
weight,brussels sprouts
weight,bucket
weight,burrito
weight,cactus
weight,candle
weight,candy
weight,cannon
weight,car
weight,carrot
weight,cart
weight,cat
weight,caterpillar
weight,celery
weight,chili
weight,chinchilla
weight,chisel
weight,clarinet
weight,coat
weight,coconut
weight,crow
weight,crowbar
weight,dragonfly
weight,dress
weight,eagle
weight,eggbeater
weight,fig
weight,file
weight,flute
weight,fly
weight,grenade
weight,jeans
weight,missile
weight,motorcycle
wings,accordion
wings,acorn
wings,airplane
wings,aloe
wings,ant
wings,anteater
wings,anvil
wings,apple
wings,artichoke
wings,bagel
wings,banana
wings,banjo
wings,barrel
wings,bat
wings,beaver
wings,bed
wings,beet
wings,beetle
wings,bell
wings,belt
wings,bird
wings,blender
wings,blowtorch
wings,blueberry
wings,boa
wings,boar
wings,bread
wings,brussels sprouts
wings,bucket
wings,burrito
wings,cactus
wings,candle
wings,candy
wings,cannon
wings,car
wings,carrot
wings,cart
wings,cat
wings,caterpillar
wings,celery
wings,chili
wings,chinchilla
wings,chisel
wings,clarinet
wings,coat
wings,coconut
wings,crow
wings,crowbar
wings,dragonfly
wings,dress
wings,eagle
wings,eggbeater
wings,fig
wings,file
wings,flute
wings,fly
wings,grenade
wings,jeans
wings,missile
wings,motorcycle
