region,arm,layer_name,n_subjects,mean_rsa_spearman,se_rsa_spearman
ATL (Semantic),base,layer_30,3,0.04810456449683003,0.02070203518253522
ATL (Semantic),lowLR,layer_31,3,0.05306873096649108,0.024089143256906736
ATL (Semantic),lowrank,layer_30,3,0.05385722372040647,0.02694021466675478
ATL (Semantic),scrambled,layer_29,3,0.03775845845213703,0.012150576718780661
ATL (Semantic),taskvec_a0p25,layer_31,3,0.05124868269365008,0.023559840583757482
ATL (Semantic),taskvec_a0p5,layer_30,3,0.05429697051029098,0.02386597241833788
ATL (Semantic),taskvec_a1p0,layer_30,3,0.051815723355043586,0.021564256723515498
Dorsal Visual,base,layer_26,3,0.06321778032302135,0.019150067923369117
Dorsal Visual,lowLR,layer_30,3,0.0602702883680294,0.01994526452828807
Dorsal Visual,lowrank,layer_30,3,0.06248904682041493,0.02211534703740048
Dorsal Visual,scrambled,layer_29,3,0.043891016422668384,0.008007101320794824
Dorsal Visual,taskvec_a0p25,layer_26,3,0.05864251181163454,0.020966729271812014
Dorsal Visual,taskvec_a0p5,layer_25,3,0.055706046642675415,0.020202784789259926
Dorsal Visual,taskvec_a1p0,layer_6,3,0.055211779805226714,0.015531360740413802
EC,base,layer_30,3,0.008549934747716726,0.005541093809886168
EC,lowLR,layer_17,3,0.005080729693249116,0.00783209421457941
EC,lowrank,layer_30,3,0.006358192422354607,0.0091308271011584
EC,scrambled,layer_2,3,0.014630040718436215,0.00387898177919042
EC,taskvec_a0p25,layer_30,3,0.00689988849322882,0.007525940503830768
EC,taskvec_a0p5,layer_30,3,0.004114662041816254,0.009198358604050914
EC,taskvec_a1p0,layer_2,3,0.00696439566785733,0.003948050172189944
Early Visual,base,layer_30,3,0.06788600525523232,0.007194073589564256
Early Visual,lowLR,layer_30,3,0.06817290492900673,0.00946157596180698
Early Visual,lowrank,layer_7,3,0.06674776355311733,0.010968876673650409
Early Visual,scrambled,layer_6,3,0.03738854222454665,0.014269466588612724
Early Visual,taskvec_a0p25,layer_30,3,0.06374731567784685,0.009506162379623428
Early Visual,taskvec_a0p5,layer_7,3,0.06181400933430192,0.011785567664478826
Early Visual,taskvec_a1p0,layer_9,3,0.058270895529614196,0.01626203705881271
Language,base,layer_26,3,0.028347781221279966,0.013613910502555789
Language,lowLR,layer_32,3,0.03287288483314669,0.01903898713771406
Language,lowrank,layer_32,3,0.03448279789778778,0.019807591978000506
Language,scrambled,layer_29,3,0.022500702009528657,0.009805843219879184
Language,taskvec_a0p25,layer_29,3,0.029063300214438675,0.016264855795799876
Language,taskvec_a0p5,layer_30,3,0.03187600244206346,0.015179111888264192
Language,taskvec_a1p0,layer_30,3,0.03156471689066056,0.015056962729241733
PeEc,base,layer_31,3,0.041065146572054755,0.013640472489715645
PeEc,lowLR,layer_31,3,0.037538478519703315,0.01247968953964427
PeEc,lowrank,layer_12,3,0.03858697835653751,0.014157568819735494
PeEc,scrambled,layer_1,3,0.03391473258358324,0.0029423973993198066
PeEc,taskvec_a0p25,layer_31,3,0.03723770443914946,0.013901522475281333
PeEc,taskvec_a0p5,layer_3,3,0.037838035856177184,0.011514458371322919
PeEc,taskvec_a1p0,layer_3,3,0.03935911390067235,0.007420972518912233
Prefrontal,base,layer_4,3,0.011862528817994496,0.006993538131660119
Prefrontal,lowLR,layer_31,3,0.013501148973221763,0.009277207301277526
Prefrontal,lowrank,layer_31,3,0.013122076249856491,0.01182783674250334
Prefrontal,scrambled,layer_31,3,0.012860268241241724,0.006899523114395005
Prefrontal,taskvec_a0p25,layer_29,3,0.014623647099091237,0.0071071950482768445
Prefrontal,taskvec_a0p5,layer_31,3,0.01828480886523037,0.00981379497677747
Prefrontal,taskvec_a1p0,layer_31,3,0.019574479881771755,0.009900309479150566
TE1a,base,layer_8,3,0.024112152426983554,0.009715386608750673
TE1a,lowLR,layer_16,3,0.021339261784212336,0.014485602168798828
TE1a,lowrank,layer_16,3,0.021312100576911228,0.014955591687344366
TE1a,scrambled,layer_32,3,0.01869882227435785,0.01733142990420422
TE1a,taskvec_a0p25,layer_15,3,0.020632652463557794,0.011312966138173378
TE1a,taskvec_a0p5,layer_31,3,0.025878497211385524,0.012960157798929301
TE1a,taskvec_a1p0,layer_32,3,0.03311781340524742,0.016362064269150017
TE1m,base,layer_3,3,0.01705410625681904,0.00560782901003963
TE1m,lowLR,layer_31,3,0.016691832708818466,0.0053702009499503375
TE1m,lowrank,layer_4,3,0.019695393521171712,0.004880969909263543
TE1m,scrambled,layer_3,3,0.014669437236709923,0.011515912031368827
TE1m,taskvec_a0p25,layer_4,3,0.018101805101081468,0.004436605194911679
TE1m,taskvec_a0p5,layer_4,3,0.019743319576715556,0.0029649071468952817
TE1m,taskvec_a1p0,layer_4,3,0.01683461685761607,0.0027083156923947867
TE1p,base,layer_4,3,0.025778445555521515,0.004197666143521362
TE1p,lowLR,layer_3,3,0.026572071473819976,0.0033655912504759475
TE1p,lowrank,layer_4,3,0.023961187992107908,0.004774398332681071
TE1p,scrambled,layer_3,3,0.026758337489431863,0.0033129695149076155
TE1p,taskvec_a0p25,layer_4,3,0.02499040441845336,0.0037093846212290543
TE1p,taskvec_a0p5,layer_4,3,0.02568488490336056,0.0029432164052368604
TE1p,taskvec_a1p0,layer_31,3,0.024128242701506403,0.006432189724085674
TE2a,base,layer_25,3,0.013745806625027121,0.008047350096874201
TE2a,lowLR,layer_22,3,0.014876251102810142,0.011964425685826539
TE2a,lowrank,layer_22,3,0.015055526054757545,0.011551701941841947
TE2a,scrambled,layer_17,3,0.0014017145224828078,0.010092910228859235
TE2a,taskvec_a0p25,layer_25,3,0.015209752865628604,0.009154526235652305
TE2a,taskvec_a0p5,layer_25,3,0.017098725727355813,0.010423166199345841
TE2a,taskvec_a1p0,layer_24,3,0.014576117181198325,0.013121454162776661
TE2p,base,layer_30,3,0.09474030413295674,0.037889563892891366
TE2p,lowLR,layer_30,3,0.09336830777983655,0.03984298832336521
TE2p,lowrank,layer_30,3,0.092684998912175,0.044839241012653984
TE2p,scrambled,layer_28,3,0.062425959439988965,0.01179537714544418
TE2p,taskvec_a0p25,layer_6,3,0.08978944650605698,0.028972977038457033
TE2p,taskvec_a0p5,layer_6,3,0.09305390648937127,0.02760905630903384
TE2p,taskvec_a1p0,layer_6,3,0.09025100322031332,0.02339472804939319
TF,base,layer_30,3,0.06676303241175034,0.021743689745018512
TF,lowLR,layer_30,3,0.0728733391772541,0.024695240267263593
TF,lowrank,layer_30,3,0.07409863701605864,0.025075626032122333
TF,scrambled,layer_6,3,0.05834423759502435,0.016634985438571247
TF,taskvec_a0p25,layer_30,3,0.06815986395549635,0.021318998891131934
TF,taskvec_a0p5,layer_6,3,0.07106955147703015,0.024716649131268198
TF,taskvec_a1p0,layer_6,3,0.06762341206966405,0.023496052677224228
TGd,base,layer_24,3,0.014412142220990748,0.015929141225865768
TGd,lowLR,layer_29,3,0.018072313456203914,0.021146412414988332
TGd,lowrank,layer_29,3,0.020150058112776956,0.025114258053127465
TGd,scrambled,layer_29,3,0.018467262133784825,0.02592131882354622
TGd,taskvec_a0p25,layer_29,3,0.018291461574290145,0.02168959758152313
TGd,taskvec_a0p5,layer_29,3,0.02244563040784439,0.026217539073952443
TGd,taskvec_a1p0,layer_29,3,0.02692566965707816,0.02921514172328062
TGv,base,layer_31,3,0.023410862633489366,0.01337810910105519
TGv,lowLR,layer_31,3,0.025355924402298665,0.011379897229850737
TGv,lowrank,layer_31,3,0.026322080035891343,0.01215080633219047
TGv,scrambled,layer_15,3,0.028893654358827386,0.008462672322084839
TGv,taskvec_a0p25,layer_31,3,0.02331235356080112,0.013501997049931765
TGv,taskvec_a0p5,layer_32,3,0.025437664436469606,0.011602796377518777
TGv,taskvec_a1p0,layer_31,3,0.030637037044841078,0.011285858858998242
Ventral Visual,base,layer_31,3,0.1990089330864685,0.027451169694965315
Ventral Visual,lowLR,layer_6,3,0.2009579233552263,0.022415290408411746
Ventral Visual,lowrank,layer_6,3,0.20133127076251714,0.023271392256959438
Ventral Visual,scrambled,layer_7,3,0.129325698693557,0.014256521032381073
Ventral Visual,taskvec_a0p25,layer_6,3,0.19677110467217443,0.0226705243375849
Ventral Visual,taskvec_a0p5,layer_6,3,0.19729053260161092,0.024648395429492185
Ventral Visual,taskvec_a1p0,layer_7,3,0.18556837156746284,0.024449068001840477
