region,arm,layer,layer_name,model,mean_test_pearson_r,mean_test_spearman_r,mean_test_r2_vs_train_mean,n_subjects,n_test_pairs
ATL (Semantic),base,0,embedding,all_single_formats,0.027887176985594796,0.01764909320908387,0.0,3,765
ATL (Semantic),base,0,embedding,mean_rdm,0.027887176985594796,0.01764909320908387,0.0,3,765
ATL (Semantic),base,0,embedding,mean_repr,0.027887176985594796,0.01764909320908387,0.0,3,765
ATL (Semantic),base,26,layer_26,mean_repr_plus_single_formats,0.02990246463909174,0.018741398746239524,-2.980971822167759e-05,3,765
ATL (Semantic),base,0,embedding,single_feature_listing,0.027887176985594796,0.01764909320908387,0.0,3,765
ATL (Semantic),base,0,embedding,single_pairwise,0.027887176985594796,0.01764909320908387,0.0,3,765
ATL (Semantic),base,16,layer_16,single_triplet,0.02895873552104856,0.018792254643303332,0.00029490252551489515,3,765
ATL (Semantic),lowLR,6,layer_6,all_single_formats,0.04816667802439656,0.030397575714039754,0.00021860566057363418,3,765
ATL (Semantic),lowLR,11,layer_11,mean_rdm,0.029127911671123875,0.020036901796565865,0.00042532162490160896,3,765
ATL (Semantic),lowLR,23,layer_23,mean_repr,0.032173292586752326,0.01849630405750898,0.0012166597219859614,3,765
ATL (Semantic),lowLR,6,layer_6,mean_repr_plus_single_formats,0.054378492868945257,0.038403743108387116,0.0010078175562737712,3,765
ATL (Semantic),lowLR,6,layer_6,single_feature_listing,0.04529974840024666,0.025840067138361362,-0.00015612335237461897,3,765
ATL (Semantic),lowLR,11,layer_11,single_pairwise,0.03376479100156281,0.02669671024352309,0.0008890994993489368,3,765
ATL (Semantic),lowLR,19,layer_19,single_triplet,0.031572009113118464,0.019249171469698793,0.00032863240996646353,3,765
ATL (Semantic),lowrank,19,layer_19,all_single_formats,0.04689171330924635,0.02735476339365368,0.0016007999882695263,3,765
ATL (Semantic),lowrank,8,layer_8,mean_rdm,0.03512626266941677,0.027005347999702296,0.0009564124585512331,3,765
ATL (Semantic),lowrank,21,layer_21,mean_repr,0.03687831383844842,0.026430949762468476,0.0007595158000761234,3,765
ATL (Semantic),lowrank,22,layer_22,mean_repr_plus_single_formats,0.054603541480998996,0.03606952712324934,0.0035734276576599258,3,765
ATL (Semantic),lowrank,6,layer_6,single_feature_listing,0.042066608679649876,0.03385716158156837,2.0026598775091387e-05,3,765
ATL (Semantic),lowrank,8,layer_8,single_pairwise,0.03717405339265229,0.02503322564427372,0.0012219859229878338,3,765
ATL (Semantic),lowrank,19,layer_19,single_triplet,0.041722327067548505,0.029037493179529087,0.0013024799584855733,3,765
ATL (Semantic),scrambled,0,embedding,all_single_formats,0.027887176985594796,0.01764909320908387,0.0,3,765
ATL (Semantic),scrambled,0,embedding,mean_rdm,0.027887176985594796,0.01764909320908387,0.0,3,765
ATL (Semantic),scrambled,0,embedding,mean_repr,0.027887176985594796,0.01764909320908387,0.0,3,765
ATL (Semantic),scrambled,0,embedding,mean_repr_plus_single_formats,0.027887176985594796,0.01764909320908387,0.0,3,765
ATL (Semantic),scrambled,0,embedding,single_feature_listing,0.027887176985594796,0.01764909320908387,0.0,3,765
ATL (Semantic),scrambled,0,embedding,single_pairwise,0.027887176985594796,0.01764909320908387,0.0,3,765
ATL (Semantic),scrambled,0,embedding,single_triplet,0.027887176985594796,0.01764909320908387,0.0,3,765
ATL (Semantic),taskvec_a0p25,21,layer_21,all_single_formats,0.046227025259939665,0.03615752426488345,0.0022853102257784177,3,765
ATL (Semantic),taskvec_a0p25,23,layer_23,mean_rdm,0.041406850026274644,0.028776423377666057,0.0026094544200502647,3,765
ATL (Semantic),taskvec_a0p25,23,layer_23,mean_repr,0.042563452167928666,0.03236244315231868,0.0029737353423833954,3,765
ATL (Semantic),taskvec_a0p25,21,layer_21,mean_repr_plus_single_formats,0.04635283296699092,0.03830230828769749,0.0021748394661172212,3,765
ATL (Semantic),taskvec_a0p25,18,layer_18,single_feature_listing,0.030563080619901924,0.0188332288428702,0.001354723435722997,3,765
ATL (Semantic),taskvec_a0p25,23,layer_23,single_pairwise,0.04915576597420923,0.04295168269851468,0.0036674689349725322,3,765
ATL (Semantic),taskvec_a0p25,23,layer_23,single_triplet,0.04288988067728649,0.035002437812985565,0.0024144915480255693,3,765
ATL (Semantic),taskvec_a0p5,19,layer_19,all_single_formats,0.0470942736745355,0.02800609770425652,0.00204057138936616,3,765
ATL (Semantic),taskvec_a0p5,23,layer_23,mean_rdm,0.04962515214065904,0.041735858652056056,0.003116993420770209,3,765
ATL (Semantic),taskvec_a0p5,23,layer_23,mean_repr,0.04976152377159332,0.042180284869861355,0.0033187499409377264,3,765
ATL (Semantic),taskvec_a0p5,28,layer_28,mean_repr_plus_single_formats,0.05465131578415643,0.05369328443948037,0.003098508298354304,3,765
ATL (Semantic),taskvec_a0p5,10,layer_10,single_feature_listing,0.031030845636595982,0.01516553764252182,0.0007332834885957299,3,765
ATL (Semantic),taskvec_a0p5,23,layer_23,single_pairwise,0.05646553621510245,0.05279082456690065,0.004138616268487845,3,765
ATL (Semantic),taskvec_a0p5,20,layer_20,single_triplet,0.04434283439295008,0.03128344398422181,0.0016369267698840284,3,765
ATL (Semantic),taskvec_a1p0,23,layer_23,all_single_formats,0.04556024935858504,0.029705562046562092,0.001137184178084875,3,765
ATL (Semantic),taskvec_a1p0,25,layer_25,mean_rdm,0.03170140971789386,0.011412342061481137,2.262917974967434e-05,3,765
ATL (Semantic),taskvec_a1p0,31,layer_31,mean_repr,0.04031012138516495,0.03520134047996281,0.000982287610997797,3,765
ATL (Semantic),taskvec_a1p0,22,layer_22,mean_repr_plus_single_formats,0.04946944470391745,0.03389169391504546,0.0013767777731150677,3,765
ATL (Semantic),taskvec_a1p0,12,layer_12,single_feature_listing,0.03968620169515976,0.03014782608462575,0.0007957548737536809,3,765
ATL (Semantic),taskvec_a1p0,25,layer_25,single_pairwise,0.032072581854133426,0.013819518210958873,-0.00014130088899585078,3,765
ATL (Semantic),taskvec_a1p0,29,layer_29,single_triplet,0.04258458302341028,0.03072058928511279,0.0011442239081472423,3,765
Language,base,32,layer_32,all_single_formats,0.04951032115469817,0.05582337100082743,0.0020047837537175983,3,765
Language,base,0,embedding,mean_rdm,0.03188105778396057,0.02097800517721621,0.0,3,765
Language,base,0,embedding,mean_repr,0.03188105778396057,0.02097800517721621,0.0,3,765
Language,base,26,layer_26,mean_repr_plus_single_formats,0.04218140161329067,0.049934522585799,0.001282859950241022,3,765
Language,base,32,layer_32,single_feature_listing,0.04008518336411645,0.04840285053914666,0.0013448011015606183,3,765
Language,base,28,layer_28,single_pairwise,0.03901394280935488,0.03340905429742605,0.0001222077094406767,3,765
Language,base,23,layer_23,single_triplet,0.036495854363381305,0.03701798245578767,0.0009549522224904239,3,765
Language,lowLR,27,layer_27,all_single_formats,0.06540224458017545,0.06781750917072454,0.0033210461155939917,3,765
Language,lowLR,23,layer_23,mean_rdm,0.06261298108985579,0.05273022099174538,0.002707845932542585,3,765
Language,lowLR,18,layer_18,mean_repr,0.06119482441983162,0.05946786790940181,0.0024905763772777867,3,765
Language,lowLR,23,layer_23,mean_repr_plus_single_formats,0.06882906041160379,0.065268683444288,0.003574575623251993,3,765
Language,lowLR,30,layer_30,single_feature_listing,0.05257440318848483,0.055506942249876685,0.002045402307789194,3,765
Language,lowLR,31,layer_31,single_pairwise,0.05830170192828963,0.04606236244583271,0.000923134303191279,3,765
Language,lowLR,23,layer_23,single_triplet,0.04798569411320954,0.05013286237127324,0.002013098122388368,3,765
Language,lowrank,23,layer_23,all_single_formats,0.06840392736716151,0.06478034353462243,0.003918310962879164,3,765
Language,lowrank,18,layer_18,mean_rdm,0.058501635166554045,0.06733121529064923,0.0024878854604245917,3,765
Language,lowrank,18,layer_18,mean_repr,0.058222609090941575,0.059995377223973856,0.00263165128079094,3,765
Language,lowrank,23,layer_23,mean_repr_plus_single_formats,0.07057707881805624,0.06458379067455451,0.004152578425039429,3,765
Language,lowrank,18,layer_18,single_feature_listing,0.054918127599188266,0.062279577166988793,0.002442422093246447,3,765
Language,lowrank,32,layer_32,single_pairwise,0.0555640971692093,0.04445013580186357,0.0006671067652793683,3,765
Language,lowrank,18,layer_18,single_triplet,0.05479987367810424,0.05827849035895668,0.002770367537647367,3,765
Language,scrambled,0,embedding,all_single_formats,0.03188105778396057,0.02097800517721621,0.0,3,765
Language,scrambled,0,embedding,mean_rdm,0.03188105778396057,0.02097800517721621,0.0,3,765
Language,scrambled,0,embedding,mean_repr,0.03188105778396057,0.02097800517721621,0.0,3,765
Language,scrambled,0,embedding,mean_repr_plus_single_formats,0.03188105778396057,0.02097800517721621,0.0,3,765
Language,scrambled,19,layer_19,single_feature_listing,0.037982252139407875,0.017146264043781816,0.00035729325020213604,3,765
Language,scrambled,0,embedding,single_pairwise,0.03188105778396057,0.02097800517721621,0.0,3,765
Language,scrambled,0,embedding,single_triplet,0.03188105778396057,0.02097800517721621,0.0,3,765
Language,taskvec_a0p25,22,layer_22,all_single_formats,0.05364123573914865,0.0570591460694476,0.003581527018837072,3,765
Language,taskvec_a0p25,23,layer_23,mean_rdm,0.05990600927536838,0.06617992605523977,0.0034078656214358016,3,765
Language,taskvec_a0p25,23,layer_23,mean_repr,0.06138539735319299,0.06690051265996444,0.0034555124408132873,3,765
Language,taskvec_a0p25,19,layer_19,mean_repr_plus_single_formats,0.050246644412001044,0.05091559824162966,0.0025697898578815512,3,765
Language,taskvec_a0p25,18,layer_18,single_feature_listing,0.05719085707954386,0.07032526241669688,0.002670950685644491,3,765
Language,taskvec_a0p25,25,layer_25,single_pairwise,0.0634535851359278,0.06287154981559376,0.0035489669399643895,3,765
Language,taskvec_a0p25,23,layer_23,single_triplet,0.05778949638835675,0.05719719499171269,0.002848195601673672,3,765
Language,taskvec_a0p5,19,layer_19,all_single_formats,0.06694781783727027,0.06389552061580309,0.0038538779978737705,3,765
Language,taskvec_a0p5,23,layer_23,mean_rdm,0.06418442139012097,0.0703282108436173,0.0036493121047440624,3,765
Language,taskvec_a0p5,23,layer_23,mean_repr,0.06487592278515732,0.06937942492987882,0.0034801081580858964,3,765
Language,taskvec_a0p5,18,layer_18,mean_repr_plus_single_formats,0.06792758030762062,0.07500842758694755,0.0039653690459362885,3,765
Language,taskvec_a0p5,18,layer_18,single_feature_listing,0.05830688041019442,0.06047911580071814,0.002403190086327648,3,765
Language,taskvec_a0p5,23,layer_23,single_pairwise,0.06719749371604765,0.07173331496374016,0.003804087608965112,3,765
Language,taskvec_a0p5,20,layer_20,single_triplet,0.05553435214305175,0.05328554380026676,0.0024945928201456358,3,765
Language,taskvec_a1p0,18,layer_18,all_single_formats,0.06337023049410923,0.06833920204309903,0.0023930759287449366,3,765
Language,taskvec_a1p0,27,layer_27,mean_rdm,0.054046004033502654,0.05143288634287757,0.002024787827550926,3,765
Language,taskvec_a1p0,30,layer_30,mean_repr,0.0624182666832425,0.06858536888707338,0.002547670717104785,3,765
Language,taskvec_a1p0,18,layer_18,mean_repr_plus_single_formats,0.076466658550213,0.07291654549078755,0.0034801692444288803,3,765
Language,taskvec_a1p0,10,layer_10,single_feature_listing,0.03875603214468418,0.034728126893861726,0.0004584969104406052,3,765
Language,taskvec_a1p0,30,layer_30,single_pairwise,0.039065435753986306,0.029147943038893592,0.0009845504205171496,3,765
Language,taskvec_a1p0,25,layer_25,single_triplet,0.05122693937896395,0.05377327615529418,0.001964831899807784,3,765
Ventral Visual,base,30,layer_30,all_single_formats,0.15053353699178026,0.16004059537138074,0.022403046135357336,3,765
Ventral Visual,base,32,layer_32,mean_rdm,0.14394943398627857,0.14936548512478412,0.019254050532451883,3,765
Ventral Visual,base,32,layer_32,mean_repr,0.15416236577356912,0.15172239506258214,0.022886406991609005,3,765
Ventral Visual,base,30,layer_30,mean_repr_plus_single_formats,0.15275608043508973,0.1589057547843364,0.022548674821697017,3,765
Ventral Visual,base,30,layer_30,single_feature_listing,0.16266332317609847,0.17076031621074605,0.02700426753340616,3,765
Ventral Visual,base,9,layer_9,single_pairwise,0.0783617323964274,0.10305329263789413,0.005484609371040006,3,765
Ventral Visual,base,23,layer_23,single_triplet,0.10754818799119335,0.11762239031829519,0.012013258270578345,3,765
Ventral Visual,lowLR,25,layer_25,all_single_formats,0.1897884503705025,0.19325113119079187,0.03633817012630033,3,765
Ventral Visual,lowLR,25,layer_25,mean_rdm,0.16600441010347486,0.1692580033485195,0.027335089087987652,3,765
Ventral Visual,lowLR,22,layer_22,mean_repr,0.18223760266834232,0.181815380406488,0.033396431616204016,3,765
Ventral Visual,lowLR,22,layer_22,mean_repr_plus_single_formats,0.19275170348740991,0.1897092663429294,0.03698802129678421,3,765
Ventral Visual,lowLR,18,layer_18,single_feature_listing,0.19442915094750612,0.1942133994567211,0.038262589817950644,3,765
Ventral Visual,lowLR,7,layer_7,single_pairwise,0.17226293858777694,0.17925272387740657,0.029419417439796074,3,765
Ventral Visual,lowLR,7,layer_7,single_triplet,0.1587981444097901,0.1563908806406199,0.02535004004781949,3,765
Ventral Visual,lowrank,18,layer_18,all_single_formats,0.1958085439941277,0.19922443863514994,0.037886438901124454,3,765
Ventral Visual,lowrank,8,layer_8,mean_rdm,0.18068342518180322,0.18619391946809663,0.033059579524686,3,765
Ventral Visual,lowrank,18,layer_18,mean_repr,0.1892809265757287,0.197520640998734,0.03692150327068444,3,765
Ventral Visual,lowrank,18,layer_18,mean_repr_plus_single_formats,0.19589623110777757,0.2008907555111683,0.037707394900881486,3,765
Ventral Visual,lowrank,18,layer_18,single_feature_listing,0.2010487974133699,0.19886145154273757,0.040810066696573756,3,765
Ventral Visual,lowrank,7,layer_7,single_pairwise,0.17490338024430763,0.18372386141357056,0.02997357410653545,3,765
Ventral Visual,lowrank,8,layer_8,single_triplet,0.1830005975144354,0.18737298645894732,0.03440404023441398,3,765
Ventral Visual,scrambled,22,layer_22,all_single_formats,0.09804576003968439,0.0917544292743412,0.008555463932162258,3,765
Ventral Visual,scrambled,23,layer_23,mean_rdm,0.09536035221122656,0.09452814849778989,0.007656597536633096,3,765
Ventral Visual,scrambled,23,layer_23,mean_repr,0.08540875345992328,0.08235770333267842,0.006549583674695529,3,765
Ventral Visual,scrambled,22,layer_22,mean_repr_plus_single_formats,0.08828735155791823,0.08622200100085692,0.0060496690542862774,3,765
Ventral Visual,scrambled,8,layer_8,single_feature_listing,0.07258074193704109,0.06872633943237778,0.004672927958181121,3,765
Ventral Visual,scrambled,8,layer_8,single_pairwise,0.08951672358164885,0.10355455201824737,0.0055648558802611214,3,765
Ventral Visual,scrambled,4,layer_4,single_triplet,0.07169632939696959,0.08024257333698225,0.0036606885658529986,3,765
Ventral Visual,taskvec_a0p25,18,layer_18,all_single_formats,0.20207362161959017,0.2099558727705537,0.041545527561879715,3,765
Ventral Visual,taskvec_a0p25,18,layer_18,mean_rdm,0.19271127173055294,0.1938975067833922,0.03761948988335614,3,765
Ventral Visual,taskvec_a0p25,18,layer_18,mean_repr,0.19758392684671847,0.19832251484019214,0.039988500586550825,3,765
Ventral Visual,taskvec_a0p25,18,layer_18,mean_repr_plus_single_formats,0.20256102386906746,0.21019600874128172,0.04194296873956057,3,765
Ventral Visual,taskvec_a0p25,18,layer_18,single_feature_listing,0.20342465305458593,0.20697375337159318,0.04253425892375003,3,765
Ventral Visual,taskvec_a0p25,7,layer_7,single_pairwise,0.1762297344453616,0.18665927951703695,0.030269678345600865,3,765
Ventral Visual,taskvec_a0p25,18,layer_18,single_triplet,0.17315798837921448,0.17803261120997274,0.030064637574839792,3,765
Ventral Visual,taskvec_a0p5,19,layer_19,all_single_formats,0.1937876695281234,0.20098014645461937,0.03883179139542259,3,765
Ventral Visual,taskvec_a0p5,18,layer_18,mean_rdm,0.18640896490483297,0.19044167345921684,0.03599242748942363,3,765
Ventral Visual,taskvec_a0p5,18,layer_18,mean_repr,0.19334293036087372,0.19318310294057336,0.03902455288852066,3,765
Ventral Visual,taskvec_a0p5,19,layer_19,mean_repr_plus_single_formats,0.1946424007352258,0.20008898888523463,0.039069132200542644,3,765
Ventral Visual,taskvec_a0p5,18,layer_18,single_feature_listing,0.18600911638878348,0.1909050321517021,0.03596537569106121,3,765
Ventral Visual,taskvec_a0p5,8,layer_8,single_pairwise,0.18169202682243601,0.18775312803526034,0.033137771898420376,3,765
Ventral Visual,taskvec_a0p5,18,layer_18,single_triplet,0.1767290981621715,0.18014442645904025,0.03187685751782702,3,765
Ventral Visual,taskvec_a1p0,11,layer_11,all_single_formats,0.17036465877696264,0.17338722164281165,0.02806979951340786,3,765
Ventral Visual,taskvec_a1p0,9,layer_9,mean_rdm,0.17286578830905466,0.17506301815811054,0.029535045379150415,3,765
Ventral Visual,taskvec_a1p0,11,layer_11,mean_repr,0.17588853951087705,0.1791449812100326,0.030985942002670425,3,765
Ventral Visual,taskvec_a1p0,11,layer_11,mean_repr_plus_single_formats,0.16821162921195923,0.17115276076848154,0.026716591584243665,3,765
Ventral Visual,taskvec_a1p0,8,layer_8,single_feature_listing,0.11702820368683335,0.12704872561394065,0.014435675937092643,3,765
Ventral Visual,taskvec_a1p0,11,layer_11,single_pairwise,0.17325320394216379,0.1771945074559016,0.029892604541064755,3,765
Ventral Visual,taskvec_a1p0,9,layer_9,single_triplet,0.1674683190511221,0.1682721029940918,0.027527960677653545,3,765
