aquatic and semi-aquatic lifestyle,Alligator
aquatic and semi-aquatic lifestyle,Anvil
aquatic and semi-aquatic lifestyle,Axe
aquatic and semi-aquatic lifestyle,Blindworm
aquatic and semi-aquatic lifestyle,Boa python
aquatic and semi-aquatic lifestyle,Caiman
aquatic and semi-aquatic lifestyle,Chameleon
aquatic and semi-aquatic lifestyle,Chisel
aquatic and semi-aquatic lifestyle,Cobra
aquatic and semi-aquatic lifestyle,Crocodile
aquatic and semi-aquatic lifestyle,Dinosaur
aquatic and semi-aquatic lifestyle,Gecko
aquatic and semi-aquatic lifestyle,Grinding disk
aquatic and semi-aquatic lifestyle,Hammer
aquatic and semi-aquatic lifestyle,Knife
aquatic and semi-aquatic lifestyle,Lawn Mower
aquatic and semi-aquatic lifestyle,Lizard
aquatic and semi-aquatic lifestyle,Nail
aquatic and semi-aquatic lifestyle,Oil can
aquatic and semi-aquatic lifestyle,Paint brush
aquatic and semi-aquatic lifestyle,Salamander
aquatic and semi-aquatic lifestyle,Saw
aquatic and semi-aquatic lifestyle,Screwdriver
aquatic and semi-aquatic lifestyle,Shovel
aquatic and semi-aquatic lifestyle,Snake
aquatic and semi-aquatic lifestyle,Spanner
aquatic and semi-aquatic lifestyle,Toad
aquatic and semi-aquatic lifestyle,Tortoise
aquatic and semi-aquatic lifestyle,Turtle
aquatic and semi-aquatic lifestyle,Vacuum
balance point,Alligator
balance point,Anvil
balance point,Axe
balance point,Blindworm
balance point,Boa python
balance point,Caiman
balance point,Chameleon
balance point,Chisel
balance point,Cobra
balance point,Crocodile
balance point,Dinosaur
balance point,Gecko
balance point,Grinding disk
balance point,Hammer
balance point,Knife
balance point,Lawn Mower
balance point,Lizard
balance point,Nail
balance point,Oil can
balance point,Paint brush
balance point,Salamander
balance point,Saw
balance point,Screwdriver
balance point,Shovel
balance point,Snake
balance point,Spanner
balance point,Toad
balance point,Tortoise
balance point,Turtle
balance point,Vacuum
can regenerate lost tails,Alligator
can regenerate lost tails,Anvil
can regenerate lost tails,Axe
can regenerate lost tails,Blindworm
can regenerate lost tails,Boa python
can regenerate lost tails,Caiman
can regenerate lost tails,Chameleon
can regenerate lost tails,Chisel
can regenerate lost tails,Cobra
can regenerate lost tails,Crocodile
can regenerate lost tails,Dinosaur
can regenerate lost tails,Gecko
can regenerate lost tails,Grinding disk
can regenerate lost tails,Hammer
can regenerate lost tails,Knife
can regenerate lost tails,Lawn Mower
can regenerate lost tails,Lizard
can regenerate lost tails,Nail
can regenerate lost tails,Oil can
can regenerate lost tails,Paint brush
can regenerate lost tails,Salamander
can regenerate lost tails,Saw
can regenerate lost tails,Screwdriver
can regenerate lost tails,Shovel
can regenerate lost tails,Snake
can regenerate lost tails,Spanner
can regenerate lost tails,Toad
can regenerate lost tails,Tortoise
can regenerate lost tails,Turtle
can regenerate lost tails,Vacuum
can remain submerged for long periods,Alligator
can remain submerged for long periods,Anvil
can remain submerged for long periods,Axe
can remain submerged for long periods,Blindworm
can remain submerged for long periods,Boa python
can remain submerged for long periods,Caiman
can remain submerged for long periods,Chameleon
can remain submerged for long periods,Chisel
can remain submerged for long periods,Cobra
can remain submerged for long periods,Crocodile
can remain submerged for long periods,Dinosaur
can remain submerged for long periods,Gecko
can remain submerged for long periods,Grinding disk
can remain submerged for long periods,Hammer
can remain submerged for long periods,Knife
can remain submerged for long periods,Lawn Mower
can remain submerged for long periods,Lizard
can remain submerged for long periods,Nail
can remain submerged for long periods,Oil can
can remain submerged for long periods,Paint brush
can remain submerged for long periods,Salamander
can remain submerged for long periods,Saw
can remain submerged for long periods,Screwdriver
can remain submerged for long periods,Shovel
can remain submerged for long periods,Snake
can remain submerged for long periods,Spanner
can remain submerged for long periods,Toad
can remain submerged for long periods,Tortoise
can remain submerged for long periods,Turtle
can remain submerged for long periods,Vacuum
can retract head and limbs into shell,Alligator
can retract head and limbs into shell,Anvil
can retract head and limbs into shell,Axe
can retract head and limbs into shell,Blindworm
can retract head and limbs into shell,Boa python
can retract head and limbs into shell,Caiman
can retract head and limbs into shell,Chameleon
can retract head and limbs into shell,Chisel
can retract head and limbs into shell,Cobra
can retract head and limbs into shell,Crocodile
can retract head and limbs into shell,Dinosaur
can retract head and limbs into shell,Gecko
can retract head and limbs into shell,Grinding disk
can retract head and limbs into shell,Hammer
can retract head and limbs into shell,Knife
can retract head and limbs into shell,Lawn Mower
can retract head and limbs into shell,Lizard
can retract head and limbs into shell,Nail
can retract head and limbs into shell,Oil can
can retract head and limbs into shell,Paint brush
can retract head and limbs into shell,Salamander
can retract head and limbs into shell,Saw
can retract head and limbs into shell,Screwdriver
can retract head and limbs into shell,Shovel
can retract head and limbs into shell,Snake
can retract head and limbs into shell,Spanner
can retract head and limbs into shell,Toad
can retract head and limbs into shell,Tortoise
can retract head and limbs into shell,Turtle
can retract head and limbs into shell,Vacuum
carnivorous,Alligator
carnivorous,Anvil
carnivorous,Axe
carnivorous,Blindworm
carnivorous,Boa python
carnivorous,Caiman
carnivorous,Chameleon
carnivorous,Chisel
carnivorous,Cobra
carnivorous,Crocodile
carnivorous,Dinosaur
carnivorous,Gecko
carnivorous,Grinding disk
carnivorous,Hammer
carnivorous,Knife
carnivorous,Lawn Mower
carnivorous,Lizard
carnivorous,Nail
carnivorous,Oil can
carnivorous,Paint brush
carnivorous,Salamander
carnivorous,Saw
carnivorous,Screwdriver
carnivorous,Shovel
carnivorous,Snake
carnivorous,Spanner
carnivorous,Toad
carnivorous,Tortoise
carnivorous,Turtle
carnivorous,Vacuum
carnivorous diet,Alligator
carnivorous diet,Anvil
carnivorous diet,Axe
carnivorous diet,Blindworm
carnivorous diet,Boa python
carnivorous diet,Caiman
carnivorous diet,Chameleon
carnivorous diet,Chisel
carnivorous diet,Cobra
carnivorous diet,Crocodile
carnivorous diet,Dinosaur
carnivorous diet,Gecko
carnivorous diet,Grinding disk
carnivorous diet,Hammer
carnivorous diet,Knife
carnivorous diet,Lawn Mower
carnivorous diet,Lizard
carnivorous diet,Nail
carnivorous diet,Oil can
carnivorous diet,Paint brush
carnivorous diet,Salamander
carnivorous diet,Saw
carnivorous diet,Screwdriver
carnivorous diet,Shovel
carnivorous diet,Snake
carnivorous diet,Spanner
carnivorous diet,Toad
carnivorous diet,Tortoise
carnivorous diet,Turtle
carnivorous diet,Vacuum
cold-blooded,Alligator
cold-blooded,Anvil
cold-blooded,Axe
cold-blooded,Blindworm
cold-blooded,Boa python
cold-blooded,Caiman
cold-blooded,Chameleon
cold-blooded,Chisel
cold-blooded,Cobra
cold-blooded,Crocodile
cold-blooded,Dinosaur
cold-blooded,Gecko
cold-blooded,Grinding disk
cold-blooded,Hammer
cold-blooded,Knife
cold-blooded,Lawn Mower
cold-blooded,Lizard
cold-blooded,Nail
cold-blooded,Oil can
cold-blooded,Paint brush
cold-blooded,Salamander
cold-blooded,Saw
cold-blooded,Screwdriver
cold-blooded,Shovel
cold-blooded,Snake
cold-blooded,Spanner
cold-blooded,Toad
cold-blooded,Tortoise
cold-blooded,Turtle
cold-blooded,Vacuum
cold-blooded (ectothermic),Alligator
cold-blooded (ectothermic),Anvil
cold-blooded (ectothermic),Axe
cold-blooded (ectothermic),Blindworm
cold-blooded (ectothermic),Boa python
cold-blooded (ectothermic),Caiman
cold-blooded (ectothermic),Chameleon
cold-blooded (ectothermic),Chisel
cold-blooded (ectothermic),Cobra
cold-blooded (ectothermic),Crocodile
cold-blooded (ectothermic),Dinosaur
cold-blooded (ectothermic),Gecko
cold-blooded (ectothermic),Grinding disk
cold-blooded (ectothermic),Hammer
cold-blooded (ectothermic),Knife
cold-blooded (ectothermic),Lawn Mower
cold-blooded (ectothermic),Lizard
cold-blooded (ectothermic),Nail
cold-blooded (ectothermic),Oil can
cold-blooded (ectothermic),Paint brush
cold-blooded (ectothermic),Salamander
cold-blooded (ectothermic),Saw
cold-blooded (ectothermic),Screwdriver
cold-blooded (ectothermic),Shovel
cold-blooded (ectothermic),Snake
cold-blooded (ectothermic),Spanner
cold-blooded (ectothermic),Toad
cold-blooded (ectothermic),Tortoise
cold-blooded (ectothermic),Turtle
cold-blooded (ectothermic),Vacuum
comes in various sizes and shapes,Alligator
comes in various sizes and shapes,Anvil
comes in various sizes and shapes,Axe
comes in various sizes and shapes,Blindworm
comes in various sizes and shapes,Boa python
comes in various sizes and shapes,Caiman
comes in various sizes and shapes,Chameleon
comes in various sizes and shapes,Chisel
comes in various sizes and shapes,Cobra
comes in various sizes and shapes,Crocodile
comes in various sizes and shapes,Dinosaur
comes in various sizes and shapes,Gecko
comes in various sizes and shapes,Grinding disk
comes in various sizes and shapes,Hammer
comes in various sizes and shapes,Knife
comes in various sizes and shapes,Lawn Mower
comes in various sizes and shapes,Lizard
comes in various sizes and shapes,Nail
comes in various sizes and shapes,Oil can
comes in various sizes and shapes,Paint brush
comes in various sizes and shapes,Salamander
comes in various sizes and shapes,Saw
comes in various sizes and shapes,Screwdriver
comes in various sizes and shapes,Shovel
comes in various sizes and shapes,Snake
comes in various sizes and shapes,Spanner
comes in various sizes and shapes,Toad
comes in various sizes and shapes,Tortoise
comes in various sizes and shapes,Turtle
comes in various sizes and shapes,Vacuum
covered in scales,Alligator
covered in scales,Anvil
covered in scales,Axe
covered in scales,Blindworm
covered in scales,Boa python
covered in scales,Caiman
covered in scales,Chameleon
covered in scales,Chisel
covered in scales,Cobra
covered in scales,Crocodile
covered in scales,Dinosaur
covered in scales,Gecko
covered in scales,Grinding disk
covered in scales,Hammer
covered in scales,Knife
covered in scales,Lawn Mower
covered in scales,Lizard
covered in scales,Nail
covered in scales,Oil can
covered in scales,Paint brush
covered in scales,Salamander
covered in scales,Saw
covered in scales,Screwdriver
covered in scales,Shovel
covered in scales,Snake
covered in scales,Spanner
covered in scales,Toad
covered in scales,Tortoise
covered in scales,Turtle
covered in scales,Vacuum
egg-laying reproduction,Alligator
egg-laying reproduction,Anvil
egg-laying reproduction,Axe
egg-laying reproduction,Blindworm
egg-laying reproduction,Boa python
egg-laying reproduction,Caiman
egg-laying reproduction,Chameleon
egg-laying reproduction,Chisel
egg-laying reproduction,Cobra
egg-laying reproduction,Crocodile
egg-laying reproduction,Dinosaur
egg-laying reproduction,Gecko
egg-laying reproduction,Grinding disk
egg-laying reproduction,Hammer
egg-laying reproduction,Knife
egg-laying reproduction,Lawn Mower
egg-laying reproduction,Lizard
egg-laying reproduction,Nail
egg-laying reproduction,Oil can
egg-laying reproduction,Paint brush
egg-laying reproduction,Salamander
egg-laying reproduction,Saw
egg-laying reproduction,Screwdriver
egg-laying reproduction,Shovel
egg-laying reproduction,Snake
egg-laying reproduction,Spanner
egg-laying reproduction,Toad
egg-laying reproduction,Tortoise
egg-laying reproduction,Turtle
egg-laying reproduction,Vacuum
elongated body,Alligator
elongated body,Anvil
elongated body,Axe
elongated body,Blindworm
elongated body,Boa python
elongated body,Caiman
elongated body,Chameleon
elongated body,Chisel
elongated body,Cobra
elongated body,Crocodile
elongated body,Dinosaur
elongated body,Gecko
elongated body,Grinding disk
elongated body,Hammer
elongated body,Knife
elongated body,Lawn Mower
elongated body,Lizard
elongated body,Nail
elongated body,Oil can
elongated body,Paint brush
elongated body,Salamander
elongated body,Saw
elongated body,Screwdriver
elongated body,Shovel
elongated body,Snake
elongated body,Spanner
elongated body,Toad
elongated body,Tortoise
elongated body,Turtle
elongated body,Vacuum
excellent ambush predators,Alligator
excellent ambush predators,Anvil
excellent ambush predators,Axe
excellent ambush predators,Blindworm
excellent ambush predators,Boa python
excellent ambush predators,Caiman
excellent ambush predators,Chameleon
excellent ambush predators,Chisel
excellent ambush predators,Cobra
excellent ambush predators,Crocodile
excellent ambush predators,Dinosaur
excellent ambush predators,Gecko
excellent ambush predators,Grinding disk
excellent ambush predators,Hammer
excellent ambush predators,Knife
excellent ambush predators,Lawn Mower
excellent ambush predators,Lizard
excellent ambush predators,Nail
excellent ambush predators,Oil can
excellent ambush predators,Paint brush
excellent ambush predators,Salamander
excellent ambush predators,Saw
excellent ambush predators,Screwdriver
excellent ambush predators,Shovel
excellent ambush predators,Snake
excellent ambush predators,Spanner
excellent ambush predators,Toad
excellent ambush predators,Tortoise
excellent ambush predators,Turtle
excellent ambush predators,Vacuum
excellent at camouflage,Alligator
excellent at camouflage,Anvil
excellent at camouflage,Axe
excellent at camouflage,Blindworm
excellent at camouflage,Boa python
excellent at camouflage,Caiman
excellent at camouflage,Chameleon
excellent at camouflage,Chisel
excellent at camouflage,Cobra
excellent at camouflage,Crocodile
excellent at camouflage,Dinosaur
excellent at camouflage,Gecko
excellent at camouflage,Grinding disk
excellent at camouflage,Hammer
excellent at camouflage,Knife
excellent at camouflage,Lawn Mower
excellent at camouflage,Lizard
excellent at camouflage,Nail
excellent at camouflage,Oil can
excellent at camouflage,Paint brush
excellent at camouflage,Salamander
excellent at camouflage,Saw
excellent at camouflage,Screwdriver
excellent at camouflage,Shovel
excellent at camouflage,Snake
excellent at camouflage,Spanner
excellent at camouflage,Toad
excellent at camouflage,Tortoise
excellent at camouflage,Turtle
excellent at camouflage,Vacuum
excellent camouflage capabilities,Alligator
excellent camouflage capabilities,Anvil
excellent camouflage capabilities,Axe
excellent camouflage capabilities,Blindworm
excellent camouflage capabilities,Boa python
excellent camouflage capabilities,Caiman
excellent camouflage capabilities,Chameleon
excellent camouflage capabilities,Chisel
excellent camouflage capabilities,Cobra
excellent camouflage capabilities,Crocodile
excellent camouflage capabilities,Dinosaur
excellent camouflage capabilities,Gecko
excellent camouflage capabilities,Grinding disk
excellent camouflage capabilities,Hammer
excellent camouflage capabilities,Knife
excellent camouflage capabilities,Lawn Mower
excellent camouflage capabilities,Lizard
excellent camouflage capabilities,Nail
excellent camouflage capabilities,Oil can
excellent camouflage capabilities,Paint brush
excellent camouflage capabilities,Salamander
excellent camouflage capabilities,Saw
excellent camouflage capabilities,Screwdriver
excellent camouflage capabilities,Shovel
excellent camouflage capabilities,Snake
excellent camouflage capabilities,Spanner
excellent camouflage capabilities,Toad
excellent camouflage capabilities,Tortoise
excellent camouflage capabilities,Turtle
excellent camouflage capabilities,Vacuum
excellent climbers,Alligator
excellent climbers,Anvil
excellent climbers,Axe
excellent climbers,Blindworm
excellent climbers,Boa python
excellent climbers,Caiman
excellent climbers,Chameleon
excellent climbers,Chisel
excellent climbers,Cobra
excellent climbers,Crocodile
excellent climbers,Dinosaur
excellent climbers,Gecko
excellent climbers,Grinding disk
excellent climbers,Hammer
excellent climbers,Knife
excellent climbers,Lawn Mower
excellent climbers,Lizard
excellent climbers,Nail
excellent climbers,Oil can
excellent climbers,Paint brush
excellent climbers,Salamander
excellent climbers,Saw
excellent climbers,Screwdriver
excellent climbers,Shovel
excellent climbers,Snake
excellent climbers,Spanner
excellent climbers,Toad
excellent climbers,Tortoise
excellent climbers,Turtle
excellent climbers,Vacuum
excellent sense of smell,Alligator
excellent sense of smell,Anvil
excellent sense of smell,Axe
excellent sense of smell,Blindworm
excellent sense of smell,Boa python
excellent sense of smell,Caiman
excellent sense of smell,Chameleon
excellent sense of smell,Chisel
excellent sense of smell,Cobra
excellent sense of smell,Crocodile
excellent sense of smell,Dinosaur
excellent sense of smell,Gecko
excellent sense of smell,Grinding disk
excellent sense of smell,Hammer
excellent sense of smell,Knife
excellent sense of smell,Lawn Mower
excellent sense of smell,Lizard
excellent sense of smell,Nail
excellent sense of smell,Oil can
excellent sense of smell,Paint brush
excellent sense of smell,Salamander
excellent sense of smell,Saw
excellent sense of smell,Screwdriver
excellent sense of smell,Shovel
excellent sense of smell,Snake
excellent sense of smell,Spanner
excellent sense of smell,Toad
excellent sense of smell,Tortoise
excellent sense of smell,Turtle
excellent sense of smell,Vacuum
excellent sense of smell and hearing,Alligator
excellent sense of smell and hearing,Anvil
excellent sense of smell and hearing,Axe
excellent sense of smell and hearing,Blindworm
excellent sense of smell and hearing,Boa python
excellent sense of smell and hearing,Caiman
excellent sense of smell and hearing,Chameleon
excellent sense of smell and hearing,Chisel
excellent sense of smell and hearing,Cobra
excellent sense of smell and hearing,Crocodile
excellent sense of smell and hearing,Dinosaur
excellent sense of smell and hearing,Gecko
excellent sense of smell and hearing,Grinding disk
excellent sense of smell and hearing,Hammer
excellent sense of smell and hearing,Knife
excellent sense of smell and hearing,Lawn Mower
excellent sense of smell and hearing,Lizard
excellent sense of smell and hearing,Nail
excellent sense of smell and hearing,Oil can
excellent sense of smell and hearing,Paint brush
excellent sense of smell and hearing,Salamander
excellent sense of smell and hearing,Saw
excellent sense of smell and hearing,Screwdriver
excellent sense of smell and hearing,Shovel
excellent sense of smell and hearing,Snake
excellent sense of smell and hearing,Spanner
excellent sense of smell and hearing,Toad
excellent sense of smell and hearing,Tortoise
excellent sense of smell and hearing,Turtle
excellent sense of smell and hearing,Vacuum
excellent swimmers,Alligator
excellent swimmers,Anvil
excellent swimmers,Axe
excellent swimmers,Blindworm
excellent swimmers,Boa python
excellent swimmers,Caiman
excellent swimmers,Chameleon
excellent swimmers,Chisel
excellent swimmers,Cobra
excellent swimmers,Crocodile
excellent swimmers,Dinosaur
excellent swimmers,Gecko
excellent swimmers,Grinding disk
excellent swimmers,Hammer
excellent swimmers,Knife
excellent swimmers,Lawn Mower
excellent swimmers,Lizard
excellent swimmers,Nail
excellent swimmers,Oil can
excellent swimmers,Paint brush
excellent swimmers,Salamander
excellent swimmers,Saw
excellent swimmers,Screwdriver
excellent swimmers,Shovel
excellent swimmers,Snake
excellent swimmers,Spanner
excellent swimmers,Toad
excellent swimmers,Tortoise
excellent swimmers,Turtle
excellent swimmers,Vacuum
external ear openings,Alligator
external ear openings,Anvil
external ear openings,Axe
external ear openings,Blindworm
external ear openings,Boa python
external ear openings,Caiman
external ear openings,Chameleon
external ear openings,Chisel
external ear openings,Cobra
external ear openings,Crocodile
external ear openings,Dinosaur
external ear openings,Gecko
external ear openings,Grinding disk
external ear openings,Hammer
external ear openings,Knife
external ear openings,Lawn Mower
external ear openings,Lizard
external ear openings,Nail
external ear openings,Oil can
external ear openings,Paint brush
external ear openings,Salamander
external ear openings,Saw
external ear openings,Screwdriver
external ear openings,Shovel
external ear openings,Snake
external ear openings,Spanner
external ear openings,Toad
external ear openings,Tortoise
external ear openings,Turtle
external ear openings,Vacuum
found on every continent except antarctica,Alligator
found on every continent except antarctica,Anvil
found on every continent except antarctica,Axe
found on every continent except antarctica,Blindworm
found on every continent except antarctica,Boa python
found on every continent except antarctica,Caiman
found on every continent except antarctica,Chameleon
found on every continent except antarctica,Chisel
found on every continent except antarctica,Cobra
found on every continent except antarctica,Crocodile
found on every continent except antarctica,Dinosaur
found on every continent except antarctica,Gecko
found on every continent except antarctica,Grinding disk
found on every continent except antarctica,Hammer
found on every continent except antarctica,Knife
found on every continent except antarctica,Lawn Mower
found on every continent except antarctica,Lizard
found on every continent except antarctica,Nail
found on every continent except antarctica,Oil can
found on every continent except antarctica,Paint brush
found on every continent except antarctica,Salamander
found on every continent except antarctica,Saw
found on every continent except antarctica,Screwdriver
found on every continent except antarctica,Shovel
found on every continent except antarctica,Snake
found on every continent except antarctica,Spanner
found on every continent except antarctica,Toad
found on every continent except antarctica,Tortoise
found on every continent except antarctica,Turtle
found on every continent except antarctica,Vacuum
good climbers,Alligator
good climbers,Anvil
good climbers,Axe
good climbers,Blindworm
good climbers,Boa python
good climbers,Caiman
good climbers,Chameleon
good climbers,Chisel
good climbers,Cobra
good climbers,Crocodile
good climbers,Dinosaur
good climbers,Gecko
good climbers,Grinding disk
good climbers,Hammer
good climbers,Knife
good climbers,Lawn Mower
good climbers,Lizard
good climbers,Nail
good climbers,Oil can
good climbers,Paint brush
good climbers,Salamander
good climbers,Saw
good climbers,Screwdriver
good climbers,Shovel
good climbers,Snake
good climbers,Spanner
good climbers,Toad
good climbers,Tortoise
good climbers,Turtle
good climbers,Vacuum
good eyesight,Alligator
good eyesight,Anvil
good eyesight,Axe
good eyesight,Blindworm
good eyesight,Boa python
good eyesight,Caiman
good eyesight,Chameleon
good eyesight,Chisel
good eyesight,Cobra
good eyesight,Crocodile
good eyesight,Dinosaur
good eyesight,Gecko
good eyesight,Grinding disk
good eyesight,Hammer
good eyesight,Knife
good eyesight,Lawn Mower
good eyesight,Lizard
good eyesight,Nail
good eyesight,Oil can
good eyesight,Paint brush
good eyesight,Salamander
good eyesight,Saw
good eyesight,Screwdriver
good eyesight,Shovel
good eyesight,Snake
good eyesight,Spanner
good eyesight,Toad
good eyesight,Tortoise
good eyesight,Turtle
good eyesight,Vacuum
good swimmers,Alligator
good swimmers,Anvil
good swimmers,Axe
good swimmers,Blindworm
good swimmers,Boa python
good swimmers,Caiman
good swimmers,Chameleon
good swimmers,Chisel
good swimmers,Cobra
good swimmers,Crocodile
good swimmers,Dinosaur
good swimmers,Gecko
good swimmers,Grinding disk
good swimmers,Hammer
good swimmers,Knife
good swimmers,Lawn Mower
good swimmers,Lizard
good swimmers,Nail
good swimmers,Oil can
good swimmers,Paint brush
good swimmers,Salamander
good swimmers,Saw
good swimmers,Screwdriver
good swimmers,Shovel
good swimmers,Snake
good swimmers,Spanner
good swimmers,Toad
good swimmers,Tortoise
good swimmers,Turtle
good swimmers,Vacuum
handle,Alligator
handle,Anvil
handle,Axe
handle,Blindworm
handle,Boa python
handle,Caiman
handle,Chameleon
handle,Chisel
handle,Cobra
handle,Crocodile
handle,Dinosaur
handle,Gecko
handle,Grinding disk
handle,Hammer
handle,Knife
handle,Lawn Mower
handle,Lizard
handle,Nail
handle,Oil can
handle,Paint brush
handle,Salamander
handle,Saw
handle,Screwdriver
handle,Shovel
handle,Snake
handle,Spanner
handle,Toad
handle,Tortoise
handle,Turtle
handle,Vacuum
have movable eyelids,Alligator
have movable eyelids,Anvil
have movable eyelids,Axe
have movable eyelids,Blindworm
have movable eyelids,Boa python
have movable eyelids,Caiman
have movable eyelids,Chameleon
have movable eyelids,Chisel
have movable eyelids,Cobra
have movable eyelids,Crocodile
have movable eyelids,Dinosaur
have movable eyelids,Gecko
have movable eyelids,Grinding disk
have movable eyelids,Hammer
have movable eyelids,Knife
have movable eyelids,Lawn Mower
have movable eyelids,Lizard
have movable eyelids,Nail
have movable eyelids,Oil can
have movable eyelids,Paint brush
have movable eyelids,Salamander
have movable eyelids,Saw
have movable eyelids,Screwdriver
have movable eyelids,Shovel
have movable eyelids,Snake
have movable eyelids,Spanner
have movable eyelids,Toad
have movable eyelids,Tortoise
have movable eyelids,Turtle
have movable eyelids,Vacuum
herbivorous diet,Alligator
herbivorous diet,Anvil
herbivorous diet,Axe
herbivorous diet,Blindworm
herbivorous diet,Boa python
herbivorous diet,Caiman
herbivorous diet,Chameleon
herbivorous diet,Chisel
herbivorous diet,Cobra
herbivorous diet,Crocodile
herbivorous diet,Dinosaur
herbivorous diet,Gecko
herbivorous diet,Grinding disk
herbivorous diet,Hammer
herbivorous diet,Knife
herbivorous diet,Lawn Mower
herbivorous diet,Lizard
herbivorous diet,Nail
herbivorous diet,Oil can
herbivorous diet,Paint brush
herbivorous diet,Salamander
herbivorous diet,Saw
herbivorous diet,Screwdriver
herbivorous diet,Shovel
herbivorous diet,Snake
herbivorous diet,Spanner
herbivorous diet,Toad
herbivorous diet,Tortoise
herbivorous diet,Turtle
herbivorous diet,Vacuum
"large, semiaquatic reptiles",Alligator
"large, semiaquatic reptiles",Anvil
"large, semiaquatic reptiles",Axe
"large, semiaquatic reptiles",Blindworm
"large, semiaquatic reptiles",Boa python
"large, semiaquatic reptiles",Caiman
"large, semiaquatic reptiles",Chameleon
"large, semiaquatic reptiles",Chisel
"large, semiaquatic reptiles",Cobra
"large, semiaquatic reptiles",Crocodile
"large, semiaquatic reptiles",Dinosaur
"large, semiaquatic reptiles",Gecko
"large, semiaquatic reptiles",Grinding disk
"large, semiaquatic reptiles",Hammer
"large, semiaquatic reptiles",Knife
"large, semiaquatic reptiles",Lawn Mower
"large, semiaquatic reptiles",Lizard
"large, semiaquatic reptiles",Nail
"large, semiaquatic reptiles",Oil can
"large, semiaquatic reptiles",Paint brush
"large, semiaquatic reptiles",Salamander
"large, semiaquatic reptiles",Saw
"large, semiaquatic reptiles",Screwdriver
"large, semiaquatic reptiles",Shovel
"large, semiaquatic reptiles",Snake
"large, semiaquatic reptiles",Spanner
"large, semiaquatic reptiles",Toad
"large, semiaquatic reptiles",Tortoise
"large, semiaquatic reptiles",Turtle
"large, semiaquatic reptiles",Vacuum
lay eggs,Alligator
lay eggs,Anvil
lay eggs,Axe
lay eggs,Blindworm
lay eggs,Boa python
lay eggs,Caiman
lay eggs,Chameleon
lay eggs,Chisel
lay eggs,Cobra
lay eggs,Crocodile
lay eggs,Dinosaur
lay eggs,Gecko
lay eggs,Grinding disk
lay eggs,Hammer
lay eggs,Knife
lay eggs,Lawn Mower
lay eggs,Lizard
lay eggs,Nail
lay eggs,Oil can
lay eggs,Paint brush
lay eggs,Salamander
lay eggs,Saw
lay eggs,Screwdriver
lay eggs,Shovel
lay eggs,Snake
lay eggs,Spanner
lay eggs,Toad
lay eggs,Tortoise
lay eggs,Turtle
lay eggs,Vacuum
lay eggs (oviparous),Alligator
lay eggs (oviparous),Anvil
lay eggs (oviparous),Axe
lay eggs (oviparous),Blindworm
lay eggs (oviparous),Boa python
lay eggs (oviparous),Caiman
lay eggs (oviparous),Chameleon
lay eggs (oviparous),Chisel
lay eggs (oviparous),Cobra
lay eggs (oviparous),Crocodile
lay eggs (oviparous),Dinosaur
lay eggs (oviparous),Gecko
lay eggs (oviparous),Grinding disk
lay eggs (oviparous),Hammer
lay eggs (oviparous),Knife
lay eggs (oviparous),Lawn Mower
lay eggs (oviparous),Lizard
lay eggs (oviparous),Nail
lay eggs (oviparous),Oil can
lay eggs (oviparous),Paint brush
lay eggs (oviparous),Salamander
lay eggs (oviparous),Saw
lay eggs (oviparous),Screwdriver
lay eggs (oviparous),Shovel
lay eggs (oviparous),Snake
lay eggs (oviparous),Spanner
lay eggs (oviparous),Toad
lay eggs (oviparous),Tortoise
lay eggs (oviparous),Turtle
lay eggs (oviparous),Vacuum
lay eggs in water,Alligator
lay eggs in water,Anvil
lay eggs in water,Axe
lay eggs in water,Blindworm
lay eggs in water,Boa python
lay eggs in water,Caiman
lay eggs in water,Chameleon
lay eggs in water,Chisel
lay eggs in water,Cobra
lay eggs in water,Crocodile
lay eggs in water,Dinosaur
lay eggs in water,Gecko
lay eggs in water,Grinding disk
lay eggs in water,Hammer
lay eggs in water,Knife
lay eggs in water,Lawn Mower
lay eggs in water,Lizard
lay eggs in water,Nail
lay eggs in water,Oil can
lay eggs in water,Paint brush
lay eggs in water,Salamander
lay eggs in water,Saw
lay eggs in water,Screwdriver
lay eggs in water,Shovel
lay eggs in water,Snake
lay eggs in water,Spanner
lay eggs in water,Toad
lay eggs in water,Tortoise
lay eggs in water,Turtle
lay eggs in water,Vacuum
lay hard-shelled eggs,Alligator
lay hard-shelled eggs,Anvil
lay hard-shelled eggs,Axe
lay hard-shelled eggs,Blindworm
lay hard-shelled eggs,Boa python
lay hard-shelled eggs,Caiman
lay hard-shelled eggs,Chameleon
lay hard-shelled eggs,Chisel
lay hard-shelled eggs,Cobra
lay hard-shelled eggs,Crocodile
lay hard-shelled eggs,Dinosaur
lay hard-shelled eggs,Gecko
lay hard-shelled eggs,Grinding disk
lay hard-shelled eggs,Hammer
lay hard-shelled eggs,Knife
lay hard-shelled eggs,Lawn Mower
lay hard-shelled eggs,Lizard
lay hard-shelled eggs,Nail
lay hard-shelled eggs,Oil can
lay hard-shelled eggs,Paint brush
lay hard-shelled eggs,Salamander
lay hard-shelled eggs,Saw
lay hard-shelled eggs,Screwdriver
lay hard-shelled eggs,Shovel
lay hard-shelled eggs,Snake
lay hard-shelled eggs,Spanner
lay hard-shelled eggs,Toad
lay hard-shelled eggs,Tortoise
lay hard-shelled eggs,Turtle
lay hard-shelled eggs,Vacuum
length,Alligator
length,Anvil
length,Axe
length,Blindworm
length,Boa python
length,Caiman
length,Chameleon
length,Chisel
length,Cobra
length,Crocodile
length,Dinosaur
length,Gecko
length,Grinding disk
length,Hammer
length,Knife
length,Lawn Mower
length,Lizard
length,Nail
length,Oil can
length,Paint brush
length,Salamander
length,Saw
length,Screwdriver
length,Shovel
length,Snake
length,Spanner
length,Toad
length,Tortoise
length,Turtle
length,Vacuum
live in a variety of habitats,Alligator
live in a variety of habitats,Anvil
live in a variety of habitats,Axe
live in a variety of habitats,Blindworm
live in a variety of habitats,Boa python
live in a variety of habitats,Caiman
live in a variety of habitats,Chameleon
live in a variety of habitats,Chisel
live in a variety of habitats,Cobra
live in a variety of habitats,Crocodile
live in a variety of habitats,Dinosaur
live in a variety of habitats,Gecko
live in a variety of habitats,Grinding disk
live in a variety of habitats,Hammer
live in a variety of habitats,Knife
live in a variety of habitats,Lawn Mower
live in a variety of habitats,Lizard
live in a variety of habitats,Nail
live in a variety of habitats,Oil can
live in a variety of habitats,Paint brush
live in a variety of habitats,Salamander
live in a variety of habitats,Saw
live in a variety of habitats,Screwdriver
live in a variety of habitats,Shovel
live in a variety of habitats,Snake
live in a variety of habitats,Spanner
live in a variety of habitats,Toad
live in a variety of habitats,Tortoise
live in a variety of habitats,Turtle
live in a variety of habitats,Vacuum
long lifespan,Alligator
long lifespan,Anvil
long lifespan,Axe
long lifespan,Blindworm
long lifespan,Boa python
long lifespan,Caiman
long lifespan,Chameleon
long lifespan,Chisel
long lifespan,Cobra
long lifespan,Crocodile
long lifespan,Dinosaur
long lifespan,Gecko
long lifespan,Grinding disk
long lifespan,Hammer
long lifespan,Knife
long lifespan,Lawn Mower
long lifespan,Lizard
long lifespan,Nail
long lifespan,Oil can
long lifespan,Paint brush
long lifespan,Salamander
long lifespan,Saw
long lifespan,Screwdriver
long lifespan,Shovel
long lifespan,Snake
long lifespan,Spanner
long lifespan,Toad
long lifespan,Tortoise
long lifespan,Turtle
long lifespan,Vacuum
needs regular sharpening and maintenance,Alligator
needs regular sharpening and maintenance,Anvil
needs regular sharpening and maintenance,Axe
needs regular sharpening and maintenance,Blindworm
needs regular sharpening and maintenance,Boa python
needs regular sharpening and maintenance,Caiman
needs regular sharpening and maintenance,Chameleon
needs regular sharpening and maintenance,Chisel
needs regular sharpening and maintenance,Cobra
needs regular sharpening and maintenance,Crocodile
needs regular sharpening and maintenance,Dinosaur
needs regular sharpening and maintenance,Gecko
needs regular sharpening and maintenance,Grinding disk
needs regular sharpening and maintenance,Hammer
needs regular sharpening and maintenance,Knife
needs regular sharpening and maintenance,Lawn Mower
needs regular sharpening and maintenance,Lizard
needs regular sharpening and maintenance,Nail
needs regular sharpening and maintenance,Oil can
needs regular sharpening and maintenance,Paint brush
needs regular sharpening and maintenance,Salamander
needs regular sharpening and maintenance,Saw
needs regular sharpening and maintenance,Screwdriver
needs regular sharpening and maintenance,Shovel
needs regular sharpening and maintenance,Snake
needs regular sharpening and maintenance,Spanner
needs regular sharpening and maintenance,Toad
needs regular sharpening and maintenance,Tortoise
needs regular sharpening and maintenance,Turtle
needs regular sharpening and maintenance,Vacuum
no external ears,Alligator
no external ears,Anvil
no external ears,Axe
no external ears,Blindworm
no external ears,Boa python
no external ears,Caiman
no external ears,Chameleon
no external ears,Chisel
no external ears,Cobra
no external ears,Crocodile
no external ears,Dinosaur
no external ears,Gecko
no external ears,Grinding disk
no external ears,Hammer
no external ears,Knife
no external ears,Lawn Mower
no external ears,Lizard
no external ears,Nail
no external ears,Oil can
no external ears,Paint brush
no external ears,Salamander
no external ears,Saw
no external ears,Screwdriver
no external ears,Shovel
no external ears,Snake
no external ears,Spanner
no external ears,Toad
no external ears,Tortoise
no external ears,Turtle
no external ears,Vacuum
nocturnal,Alligator
nocturnal,Anvil
nocturnal,Axe
nocturnal,Blindworm
nocturnal,Boa python
nocturnal,Caiman
nocturnal,Chameleon
nocturnal,Chisel
nocturnal,Cobra
nocturnal,Crocodile
nocturnal,Dinosaur
nocturnal,Gecko
nocturnal,Grinding disk
nocturnal,Hammer
nocturnal,Knife
nocturnal,Lawn Mower
nocturnal,Lizard
nocturnal,Nail
nocturnal,Oil can
nocturnal,Paint brush
nocturnal,Salamander
nocturnal,Saw
nocturnal,Screwdriver
nocturnal,Shovel
nocturnal,Snake
nocturnal,Spanner
nocturnal,Toad
nocturnal,Tortoise
nocturnal,Turtle
nocturnal,Vacuum
nocturnal activity,Alligator
nocturnal activity,Anvil
nocturnal activity,Axe
nocturnal activity,Blindworm
nocturnal activity,Boa python
nocturnal activity,Caiman
nocturnal activity,Chameleon
nocturnal activity,Chisel
nocturnal activity,Cobra
nocturnal activity,Crocodile
nocturnal activity,Dinosaur
nocturnal activity,Gecko
nocturnal activity,Grinding disk
nocturnal activity,Hammer
nocturnal activity,Knife
nocturnal activity,Lawn Mower
nocturnal activity,Lizard
nocturnal activity,Nail
nocturnal activity,Oil can
nocturnal activity,Paint brush
nocturnal activity,Salamander
nocturnal activity,Saw
nocturnal activity,Screwdriver
nocturnal activity,Shovel
nocturnal activity,Snake
nocturnal activity,Spanner
nocturnal activity,Toad
nocturnal activity,Tortoise
nocturnal activity,Turtle
nocturnal activity,Vacuum
"nocturnal, primarily active at night",Alligator
"nocturnal, primarily active at night",Anvil
"nocturnal, primarily active at night",Axe
"nocturnal, primarily active at night",Blindworm
"nocturnal, primarily active at night",Boa python
"nocturnal, primarily active at night",Caiman
"nocturnal, primarily active at night",Chameleon
"nocturnal, primarily active at night",Chisel
"nocturnal, primarily active at night",Cobra
"nocturnal, primarily active at night",Crocodile
"nocturnal, primarily active at night",Dinosaur
"nocturnal, primarily active at night",Gecko
"nocturnal, primarily active at night",Grinding disk
"nocturnal, primarily active at night",Hammer
"nocturnal, primarily active at night",Knife
"nocturnal, primarily active at night",Lawn Mower
"nocturnal, primarily active at night",Lizard
"nocturnal, primarily active at night",Nail
"nocturnal, primarily active at night",Oil can
"nocturnal, primarily active at night",Paint brush
"nocturnal, primarily active at night",Salamander
"nocturnal, primarily active at night",Saw
"nocturnal, primarily active at night",Screwdriver
"nocturnal, primarily active at night",Shovel
"nocturnal, primarily active at night",Snake
"nocturnal, primarily active at night",Spanner
"nocturnal, primarily active at night",Toad
"nocturnal, primarily active at night",Tortoise
"nocturnal, primarily active at night",Turtle
"nocturnal, primarily active at night",Vacuum
non-venomous,Alligator
non-venomous,Anvil
non-venomous,Axe
non-venomous,Blindworm
non-venomous,Boa python
non-venomous,Caiman
non-venomous,Chameleon
non-venomous,Chisel
non-venomous,Cobra
non-venomous,Crocodile
non-venomous,Dinosaur
non-venomous,Gecko
non-venomous,Grinding disk
non-venomous,Hammer
non-venomous,Knife
non-venomous,Lawn Mower
non-venomous,Lizard
non-venomous,Nail
non-venomous,Oil can
non-venomous,Paint brush
non-venomous,Salamander
non-venomous,Saw
non-venomous,Screwdriver
non-venomous,Shovel
non-venomous,Snake
non-venomous,Spanner
non-venomous,Toad
non-venomous,Tortoise
non-venomous,Turtle
non-venomous,Vacuum
oviparous (lays eggs),Alligator
oviparous (lays eggs),Anvil
oviparous (lays eggs),Axe
oviparous (lays eggs),Blindworm
oviparous (lays eggs),Boa python
oviparous (lays eggs),Caiman
oviparous (lays eggs),Chameleon
oviparous (lays eggs),Chisel
oviparous (lays eggs),Cobra
oviparous (lays eggs),Crocodile
oviparous (lays eggs),Dinosaur
oviparous (lays eggs),Gecko
oviparous (lays eggs),Grinding disk
oviparous (lays eggs),Hammer
oviparous (lays eggs),Knife
oviparous (lays eggs),Lawn Mower
oviparous (lays eggs),Lizard
oviparous (lays eggs),Nail
oviparous (lays eggs),Oil can
oviparous (lays eggs),Paint brush
oviparous (lays eggs),Salamander
oviparous (lays eggs),Saw
oviparous (lays eggs),Screwdriver
oviparous (lays eggs),Shovel
oviparous (lays eggs),Snake
oviparous (lays eggs),Spanner
oviparous (lays eggs),Toad
oviparous (lays eggs),Tortoise
oviparous (lays eggs),Turtle
oviparous (lays eggs),Vacuum
powerful jaws with sharp teeth,Alligator
powerful jaws with sharp teeth,Anvil
powerful jaws with sharp teeth,Axe
powerful jaws with sharp teeth,Blindworm
powerful jaws with sharp teeth,Boa python
powerful jaws with sharp teeth,Caiman
powerful jaws with sharp teeth,Chameleon
powerful jaws with sharp teeth,Chisel
powerful jaws with sharp teeth,Cobra
powerful jaws with sharp teeth,Crocodile
powerful jaws with sharp teeth,Dinosaur
powerful jaws with sharp teeth,Gecko
powerful jaws with sharp teeth,Grinding disk
powerful jaws with sharp teeth,Hammer
powerful jaws with sharp teeth,Knife
powerful jaws with sharp teeth,Lawn Mower
powerful jaws with sharp teeth,Lizard
powerful jaws with sharp teeth,Nail
powerful jaws with sharp teeth,Oil can
powerful jaws with sharp teeth,Paint brush
powerful jaws with sharp teeth,Salamander
powerful jaws with sharp teeth,Saw
powerful jaws with sharp teeth,Screwdriver
powerful jaws with sharp teeth,Shovel
powerful jaws with sharp teeth,Snake
powerful jaws with sharp teeth,Spanner
powerful jaws with sharp teeth,Toad
powerful jaws with sharp teeth,Tortoise
powerful jaws with sharp teeth,Turtle
powerful jaws with sharp teeth,Vacuum
protected by a shell,Alligator
protected by a shell,Anvil
protected by a shell,Axe
protected by a shell,Blindworm
protected by a shell,Boa python
protected by a shell,Caiman
protected by a shell,Chameleon
protected by a shell,Chisel
protected by a shell,Cobra
protected by a shell,Crocodile
protected by a shell,Dinosaur
protected by a shell,Gecko
protected by a shell,Grinding disk
protected by a shell,Hammer
protected by a shell,Knife
protected by a shell,Lawn Mower
protected by a shell,Lizard
protected by a shell,Nail
protected by a shell,Oil can
protected by a shell,Paint brush
protected by a shell,Salamander
protected by a shell,Saw
protected by a shell,Screwdriver
protected by a shell,Shovel
protected by a shell,Snake
protected by a shell,Spanner
protected by a shell,Toad
protected by a shell,Tortoise
protected by a shell,Turtle
protected by a shell,Vacuum
protective shell,Alligator
protective shell,Anvil
protective shell,Axe
protective shell,Blindworm
protective shell,Boa python
protective shell,Caiman
protective shell,Chameleon
protective shell,Chisel
protective shell,Cobra
protective shell,Crocodile
protective shell,Dinosaur
protective shell,Gecko
protective shell,Grinding disk
protective shell,Hammer
protective shell,Knife
protective shell,Lawn Mower
protective shell,Lizard
protective shell,Nail
protective shell,Oil can
protective shell,Paint brush
protective shell,Salamander
protective shell,Saw
protective shell,Screwdriver
protective shell,Shovel
protective shell,Snake
protective shell,Spanner
protective shell,Toad
protective shell,Tortoise
protective shell,Turtle
protective shell,Vacuum
regenerative abilities,Alligator
regenerative abilities,Anvil
regenerative abilities,Axe
regenerative abilities,Blindworm
regenerative abilities,Boa python
regenerative abilities,Caiman
regenerative abilities,Chameleon
regenerative abilities,Chisel
regenerative abilities,Cobra
regenerative abilities,Crocodile
regenerative abilities,Dinosaur
regenerative abilities,Gecko
regenerative abilities,Grinding disk
regenerative abilities,Hammer
regenerative abilities,Knife
regenerative abilities,Lawn Mower
regenerative abilities,Lizard
regenerative abilities,Nail
regenerative abilities,Oil can
regenerative abilities,Paint brush
regenerative abilities,Salamander
regenerative abilities,Saw
regenerative abilities,Screwdriver
regenerative abilities,Shovel
regenerative abilities,Snake
regenerative abilities,Spanner
regenerative abilities,Toad
regenerative abilities,Tortoise
regenerative abilities,Turtle
regenerative abilities,Vacuum
reptile,Alligator
reptile,Anvil
reptile,Axe
reptile,Blindworm
reptile,Boa python
reptile,Caiman
reptile,Chameleon
reptile,Chisel
reptile,Cobra
reptile,Crocodile
reptile,Dinosaur
reptile,Gecko
reptile,Grinding disk
reptile,Hammer
reptile,Knife
reptile,Lawn Mower
reptile,Lizard
reptile,Nail
reptile,Oil can
reptile,Paint brush
reptile,Salamander
reptile,Saw
reptile,Screwdriver
reptile,Shovel
reptile,Snake
reptile,Spanner
reptile,Toad
reptile,Tortoise
reptile,Turtle
reptile,Vacuum
reptilian,Alligator
reptilian,Anvil
reptilian,Axe
reptilian,Blindworm
reptilian,Boa python
reptilian,Caiman
reptilian,Chameleon
reptilian,Chisel
reptilian,Cobra
reptilian,Crocodile
reptilian,Dinosaur
reptilian,Gecko
reptilian,Grinding disk
reptilian,Hammer
reptilian,Knife
reptilian,Lawn Mower
reptilian,Lizard
reptilian,Nail
reptilian,Oil can
reptilian,Paint brush
reptilian,Salamander
reptilian,Saw
reptilian,Screwdriver
reptilian,Shovel
reptilian,Snake
reptilian,Spanner
reptilian,Toad
reptilian,Tortoise
reptilian,Turtle
reptilian,Vacuum
scaly skin,Alligator
scaly skin,Anvil
scaly skin,Axe
scaly skin,Blindworm
scaly skin,Boa python
scaly skin,Caiman
scaly skin,Chameleon
scaly skin,Chisel
scaly skin,Cobra
scaly skin,Crocodile
scaly skin,Dinosaur
scaly skin,Gecko
scaly skin,Grinding disk
scaly skin,Hammer
scaly skin,Knife
scaly skin,Lawn Mower
scaly skin,Lizard
scaly skin,Nail
scaly skin,Oil can
scaly skin,Paint brush
scaly skin,Salamander
scaly skin,Saw
scaly skin,Screwdriver
scaly skin,Shovel
scaly skin,Snake
scaly skin,Spanner
scaly skin,Toad
scaly skin,Tortoise
scaly skin,Turtle
scaly skin,Vacuum
sharp blade for cutting,Alligator
sharp blade for cutting,Anvil
sharp blade for cutting,Axe
sharp blade for cutting,Blindworm
sharp blade for cutting,Boa python
sharp blade for cutting,Caiman
sharp blade for cutting,Chameleon
sharp blade for cutting,Chisel
sharp blade for cutting,Cobra
sharp blade for cutting,Crocodile
sharp blade for cutting,Dinosaur
sharp blade for cutting,Gecko
sharp blade for cutting,Grinding disk
sharp blade for cutting,Hammer
sharp blade for cutting,Knife
sharp blade for cutting,Lawn Mower
sharp blade for cutting,Lizard
sharp blade for cutting,Nail
sharp blade for cutting,Oil can
sharp blade for cutting,Paint brush
sharp blade for cutting,Salamander
sharp blade for cutting,Saw
sharp blade for cutting,Screwdriver
sharp blade for cutting,Shovel
sharp blade for cutting,Snake
sharp blade for cutting,Spanner
sharp blade for cutting,Toad
sharp blade for cutting,Tortoise
sharp blade for cutting,Turtle
sharp blade for cutting,Vacuum
sharp teeth,Alligator
sharp teeth,Anvil
sharp teeth,Axe
sharp teeth,Blindworm
sharp teeth,Boa python
sharp teeth,Caiman
sharp teeth,Chameleon
sharp teeth,Chisel
sharp teeth,Cobra
sharp teeth,Crocodile
sharp teeth,Dinosaur
sharp teeth,Gecko
sharp teeth,Grinding disk
sharp teeth,Hammer
sharp teeth,Knife
sharp teeth,Lawn Mower
sharp teeth,Lizard
sharp teeth,Nail
sharp teeth,Oil can
sharp teeth,Paint brush
sharp teeth,Salamander
sharp teeth,Saw
sharp teeth,Screwdriver
sharp teeth,Shovel
sharp teeth,Snake
sharp teeth,Spanner
sharp teeth,Toad
sharp teeth,Tortoise
sharp teeth,Turtle
sharp teeth,Vacuum
short legs,Alligator
short legs,Anvil
short legs,Axe
short legs,Blindworm
short legs,Boa python
short legs,Caiman
short legs,Chameleon
short legs,Chisel
short legs,Cobra
short legs,Crocodile
short legs,Dinosaur
short legs,Gecko
short legs,Grinding disk
short legs,Hammer
short legs,Knife
short legs,Lawn Mower
short legs,Lizard
short legs,Nail
short legs,Oil can
short legs,Paint brush
short legs,Salamander
short legs,Saw
short legs,Screwdriver
short legs,Shovel
short legs,Snake
short legs,Spanner
short legs,Toad
short legs,Tortoise
short legs,Turtle
short legs,Vacuum
short legs with webbed feet for swimming,Alligator
short legs with webbed feet for swimming,Anvil
short legs with webbed feet for swimming,Axe
short legs with webbed feet for swimming,Blindworm
short legs with webbed feet for swimming,Boa python
short legs with webbed feet for swimming,Caiman
short legs with webbed feet for swimming,Chameleon
short legs with webbed feet for swimming,Chisel
short legs with webbed feet for swimming,Cobra
short legs with webbed feet for swimming,Crocodile
short legs with webbed feet for swimming,Dinosaur
short legs with webbed feet for swimming,Gecko
short legs with webbed feet for swimming,Grinding disk
short legs with webbed feet for swimming,Hammer
short legs with webbed feet for swimming,Knife
short legs with webbed feet for swimming,Lawn Mower
short legs with webbed feet for swimming,Lizard
short legs with webbed feet for swimming,Nail
short legs with webbed feet for swimming,Oil can
short legs with webbed feet for swimming,Paint brush
short legs with webbed feet for swimming,Salamander
short legs with webbed feet for swimming,Saw
short legs with webbed feet for swimming,Screwdriver
short legs with webbed feet for swimming,Shovel
short legs with webbed feet for swimming,Snake
short legs with webbed feet for swimming,Spanner
short legs with webbed feet for swimming,Toad
short legs with webbed feet for swimming,Tortoise
short legs with webbed feet for swimming,Turtle
short legs with webbed feet for swimming,Vacuum
short limbs,Alligator
short limbs,Anvil
short limbs,Axe
short limbs,Blindworm
short limbs,Boa python
short limbs,Caiman
short limbs,Chameleon
short limbs,Chisel
short limbs,Cobra
short limbs,Crocodile
short limbs,Dinosaur
short limbs,Gecko
short limbs,Grinding disk
short limbs,Hammer
short limbs,Knife
short limbs,Lawn Mower
short limbs,Lizard
short limbs,Nail
short limbs,Oil can
short limbs,Paint brush
short limbs,Salamander
short limbs,Saw
short limbs,Screwdriver
short limbs,Shovel
short limbs,Snake
short limbs,Spanner
short limbs,Toad
short limbs,Tortoise
short limbs,Turtle
short limbs,Vacuum
slow metabolism,Alligator
slow metabolism,Anvil
slow metabolism,Axe
slow metabolism,Blindworm
slow metabolism,Boa python
slow metabolism,Caiman
slow metabolism,Chameleon
slow metabolism,Chisel
slow metabolism,Cobra
slow metabolism,Crocodile
slow metabolism,Dinosaur
slow metabolism,Gecko
slow metabolism,Grinding disk
slow metabolism,Hammer
slow metabolism,Knife
slow metabolism,Lawn Mower
slow metabolism,Lizard
slow metabolism,Nail
slow metabolism,Oil can
slow metabolism,Paint brush
slow metabolism,Salamander
slow metabolism,Saw
slow metabolism,Screwdriver
slow metabolism,Shovel
slow metabolism,Snake
slow metabolism,Spanner
slow metabolism,Toad
slow metabolism,Tortoise
slow metabolism,Turtle
slow metabolism,Vacuum
slow-moving,Alligator
slow-moving,Anvil
slow-moving,Axe
slow-moving,Blindworm
slow-moving,Boa python
slow-moving,Caiman
slow-moving,Chameleon
slow-moving,Chisel
slow-moving,Cobra
slow-moving,Crocodile
slow-moving,Dinosaur
slow-moving,Gecko
slow-moving,Grinding disk
slow-moving,Hammer
slow-moving,Knife
slow-moving,Lawn Mower
slow-moving,Lizard
slow-moving,Nail
slow-moving,Oil can
slow-moving,Paint brush
slow-moving,Salamander
slow-moving,Saw
slow-moving,Screwdriver
slow-moving,Shovel
slow-moving,Snake
slow-moving,Spanner
slow-moving,Toad
slow-moving,Tortoise
slow-moving,Turtle
slow-moving,Vacuum
solitary,Alligator
solitary,Anvil
solitary,Axe
solitary,Blindworm
solitary,Boa python
solitary,Caiman
solitary,Chameleon
solitary,Chisel
solitary,Cobra
solitary,Crocodile
solitary,Dinosaur
solitary,Gecko
solitary,Grinding disk
solitary,Hammer
solitary,Knife
solitary,Lawn Mower
solitary,Lizard
solitary,Nail
solitary,Oil can
solitary,Paint brush
solitary,Salamander
solitary,Saw
solitary,Screwdriver
solitary,Shovel
solitary,Snake
solitary,Spanner
solitary,Toad
solitary,Tortoise
solitary,Turtle
solitary,Vacuum
strong jaws,Alligator
strong jaws,Anvil
strong jaws,Axe
strong jaws,Blindworm
strong jaws,Boa python
strong jaws,Caiman
strong jaws,Chameleon
strong jaws,Chisel
strong jaws,Cobra
strong jaws,Crocodile
strong jaws,Dinosaur
strong jaws,Gecko
strong jaws,Grinding disk
strong jaws,Hammer
strong jaws,Knife
strong jaws,Lawn Mower
strong jaws,Lizard
strong jaws,Nail
strong jaws,Oil can
strong jaws,Paint brush
strong jaws,Salamander
strong jaws,Saw
strong jaws,Screwdriver
strong jaws,Shovel
strong jaws,Snake
strong jaws,Spanner
strong jaws,Toad
strong jaws,Tortoise
strong jaws,Turtle
strong jaws,Vacuum
strong jaws with sharp teeth,Alligator
strong jaws with sharp teeth,Anvil
strong jaws with sharp teeth,Axe
strong jaws with sharp teeth,Blindworm
strong jaws with sharp teeth,Boa python
strong jaws with sharp teeth,Caiman
strong jaws with sharp teeth,Chameleon
strong jaws with sharp teeth,Chisel
strong jaws with sharp teeth,Cobra
strong jaws with sharp teeth,Crocodile
strong jaws with sharp teeth,Dinosaur
strong jaws with sharp teeth,Gecko
strong jaws with sharp teeth,Grinding disk
strong jaws with sharp teeth,Hammer
strong jaws with sharp teeth,Knife
strong jaws with sharp teeth,Lawn Mower
strong jaws with sharp teeth,Lizard
strong jaws with sharp teeth,Nail
strong jaws with sharp teeth,Oil can
strong jaws with sharp teeth,Paint brush
strong jaws with sharp teeth,Salamander
strong jaws with sharp teeth,Saw
strong jaws with sharp teeth,Screwdriver
strong jaws with sharp teeth,Shovel
strong jaws with sharp teeth,Snake
strong jaws with sharp teeth,Spanner
strong jaws with sharp teeth,Toad
strong jaws with sharp teeth,Tortoise
strong jaws with sharp teeth,Turtle
strong jaws with sharp teeth,Vacuum
webbed feet for swimming,Alligator
webbed feet for swimming,Anvil
webbed feet for swimming,Axe
webbed feet for swimming,Blindworm
webbed feet for swimming,Boa python
webbed feet for swimming,Caiman
webbed feet for swimming,Chameleon
webbed feet for swimming,Chisel
webbed feet for swimming,Cobra
webbed feet for swimming,Crocodile
webbed feet for swimming,Dinosaur
webbed feet for swimming,Gecko
webbed feet for swimming,Grinding disk
webbed feet for swimming,Hammer
webbed feet for swimming,Knife
webbed feet for swimming,Lawn Mower
webbed feet for swimming,Lizard
webbed feet for swimming,Nail
webbed feet for swimming,Oil can
webbed feet for swimming,Paint brush
webbed feet for swimming,Salamander
webbed feet for swimming,Saw
webbed feet for swimming,Screwdriver
webbed feet for swimming,Shovel
webbed feet for swimming,Snake
webbed feet for swimming,Spanner
webbed feet for swimming,Toad
webbed feet for swimming,Tortoise
webbed feet for swimming,Turtle
webbed feet for swimming,Vacuum
weight,Alligator
weight,Anvil
weight,Axe
weight,Blindworm
weight,Boa python
weight,Caiman
weight,Chameleon
weight,Chisel
weight,Cobra
weight,Crocodile
weight,Dinosaur
weight,Gecko
weight,Grinding disk
weight,Hammer
weight,Knife
weight,Lawn Mower
weight,Lizard
weight,Nail
weight,Oil can
weight,Paint brush
weight,Salamander
weight,Saw
weight,Screwdriver
weight,Shovel
weight,Snake
weight,Spanner
weight,Toad
weight,Tortoise
weight,Turtle
weight,Vacuum
