subject,arm,layer,layer_name,alpha,cv_mean_r,fold_scores
UTS01,base,16,layer_16,10.0,-0.0007867861859267578,"[-0.0012119667371734977, -0.00036160563468001783]"
UTS01,base,16,layer_16,16.68100537200059,-0.0010983893880620599,"[-0.0011718797031790018, -0.001024899072945118]"
UTS01,base,16,layer_16,27.825594022071243,-0.0012372331984806806,"[-0.000931998307351023, -0.0015424680896103382]"
UTS01,base,16,layer_16,46.41588833612777,-0.0012392712815199047,"[-0.0005848681903444231, -0.0018936743726953864]"
UTS01,base,16,layer_16,77.4263682681127,-0.001186247362056747,"[-0.0002610434894450009, -0.0021114512346684933]"
UTS01,base,16,layer_16,129.1549665014884,-0.0011276436198386364,"[-1.8412232748232782e-05, -0.00223687500692904]"
UTS01,base,16,layer_16,215.44346900318823,-0.0010754985705716535,"[0.0001476795005146414, -0.0022986766416579485]"
UTS01,base,16,layer_16,359.38136638046257,-0.0010239409166388214,"[0.00026358163449913263, -0.0023114634677767754]"
UTS01,base,16,layer_16,599.4842503189409,-0.0009608144027879462,"[0.0003559526812750846, -0.002277581486850977]"
UTS01,base,16,layer_16,1000.0,-0.0008705503423698246,"[0.0004480133065953851, -0.0021891139913350344]"
UTS01,base,24,layer_24,10.0,-0.0059974591713398695,"[-0.007552447263151407, -0.004442471079528332]"
UTS01,base,24,layer_24,16.68100537200059,-0.00636495603248477,"[-0.007390501443296671, -0.005339410621672869]"
UTS01,base,24,layer_24,27.825594022071243,-0.00647694431245327,"[-0.006996121723204851, -0.005957766901701689]"
UTS01,base,24,layer_24,46.41588833612777,-0.006456474773585796,"[-0.006563046481460333, -0.00634990306571126]"
UTS01,base,24,layer_24,77.4263682681127,-0.006404665298759937,"[-0.006215243134647608, -0.006594087462872267]"
UTS01,base,24,layer_24,129.1549665014884,-0.0063648829236626625,"[-0.005978093016892672, -0.006751672830432653]"
UTS01,base,24,layer_24,215.44346900318823,-0.006346998270601034,"[-0.005830804817378521, -0.006863191723823547]"
UTS01,base,24,layer_24,359.38136638046257,-0.006348881172016263,"[-0.005745846312493086, -0.00695191603153944]"
UTS01,base,24,layer_24,599.4842503189409,-0.0063642519526183605,"[-0.0057013616897165775, -0.0070271422155201435]"
UTS01,base,24,layer_24,1000.0,-0.00638440134935081,"[-0.0056822835467755795, -0.007086519151926041]"
UTS01,base,32,layer_32,10.0,-0.003201320068910718,"[-0.002815656829625368, -0.003586983308196068]"
UTS01,base,32,layer_32,16.68100537200059,-0.0034639500081539154,"[-0.002986169420182705, -0.003941730596125126]"
UTS01,base,32,layer_32,27.825594022071243,-0.003621710930019617,"[-0.003097264561802149, -0.004146157298237085]"
UTS01,base,32,layer_32,46.41588833612777,-0.003741987980902195,"[-0.0032086167484521866, -0.004275359213352203]"
UTS01,base,32,layer_32,77.4263682681127,-0.0038294693222269416,"[-0.0032933761831372976, -0.0043655624613165855]"
UTS01,base,32,layer_32,129.1549665014884,-0.003889972693286836,"[-0.0033420829568058252, -0.004437862429767847]"
UTS01,base,32,layer_32,215.44346900318823,-0.003933949978090823,"[-0.0033610642421990633, -0.004506835713982582]"
UTS01,base,32,layer_32,359.38136638046257,-0.003969757468439639,"[-0.0033570413943380117, -0.0045824735425412655]"
UTS01,base,32,layer_32,599.4842503189409,-0.004002062720246613,"[-0.0033346794079989195, -0.0046694460324943066]"
UTS01,base,32,layer_32,1000.0,-0.004032918717712164,"[-0.0033004069700837135, -0.004765430465340614]"
UTS01,lowLR,16,layer_16,10.0,-0.004032327211461961,"[-0.003873316338285804, -0.004191338084638119]"
UTS01,lowLR,16,layer_16,16.68100537200059,-0.0046114930883049965,"[-0.003972803242504597, -0.005250182934105396]"
UTS01,lowLR,16,layer_16,27.825594022071243,-0.004912263131700456,"[-0.003793564857915044, -0.0060309614054858685]"
UTS01,lowLR,16,layer_16,46.41588833612777,-0.004996237228624523,"[-0.0034685113932937384, -0.006523963063955307]"
UTS01,lowLR,16,layer_16,77.4263682681127,-0.004990624380297959,"[-0.003164079738780856, -0.006817169021815062]"
UTS01,lowLR,16,layer_16,129.1549665014884,-0.004970753216184676,"[-0.0029462974052876234, -0.006995209027081728]"
UTS01,lowLR,16,layer_16,215.44346900318823,-0.004961916944012046,"[-0.002813875675201416, -0.007109958212822676]"
UTS01,lowLR,16,layer_16,359.38136638046257,-0.004966349108144641,"[-0.002746736630797386, -0.007185961585491896]"
UTS01,lowLR,16,layer_16,599.4842503189409,-0.004975550342351198,"[-0.0027254032902419567, -0.00722569739446044]"
UTS01,lowLR,16,layer_16,1000.0,-0.004971775342710316,"[-0.0027323185931891203, -0.007211232092231512]"
UTS01,lowLR,24,layer_24,10.0,-0.006747494684532285,"[-0.008999111130833626, -0.004495878238230944]"
UTS01,lowLR,24,layer_24,16.68100537200059,-0.00719001074321568,"[-0.008993960916996002, -0.005386060569435358]"
UTS01,lowLR,24,layer_24,27.825594022071243,-0.00736776296980679,"[-0.008718297816812992, -0.006017228122800589]"
UTS01,lowLR,24,layer_24,46.41588833612777,-0.007380172377452254,"[-0.008352789096534252, -0.006407555658370256]"
UTS01,lowLR,24,layer_24,77.4263682681127,-0.007338464492931962,"[-0.008035419508814812, -0.006641509477049112]"
UTS01,lowLR,24,layer_24,129.1549665014884,-0.0073017836548388,"[-0.007814946584403515, -0.006788620725274086]"
UTS01,lowLR,24,layer_24,215.44346900318823,-0.007288435474038124,"[-0.007685639429837465, -0.006891231518238783]"
UTS01,lowLR,24,layer_24,359.38136638046257,-0.007299437886103988,"[-0.007627063896507025, -0.006971811875700951]"
UTS01,lowLR,24,layer_24,599.4842503189409,-0.007329010870307684,"[-0.0076197292655706406, -0.007038292475044727]"
UTS01,lowLR,24,layer_24,1000.0,-0.00736657390370965,"[-0.007645805366337299, -0.007087342441082001]"
UTS01,lowLR,32,layer_32,10.0,-0.002935702563263476,"[-0.002455056644976139, -0.0034163484815508127]"
UTS01,lowLR,32,layer_32,16.68100537200059,-0.0032554242061451077,"[-0.002664973260834813, -0.0038458751514554024]"
UTS01,lowLR,32,layer_32,27.825594022071243,-0.0034484206698834896,"[-0.0027913441881537437, -0.0041054971516132355]"
UTS01,lowLR,32,layer_32,46.41588833612777,-0.0035822782665491104,"[-0.0029078186489641666, -0.004256737884134054]"
UTS01,lowLR,32,layer_32,77.4263682681127,-0.003678477369248867,"[-0.0030021402053534985, -0.004354814533144236]"
UTS01,lowLR,32,layer_32,129.1549665014884,-0.0037526657106354833,"[-0.003069987753406167, -0.0044353436678647995]"
UTS01,lowLR,32,layer_32,215.44346900318823,-0.003820534562692046,"[-0.0031215972267091274, -0.004519471898674965]"
UTS01,lowLR,32,layer_32,359.38136638046257,-0.0038942218525335193,"[-0.003168458351865411, -0.004619985353201628]"
UTS01,lowLR,32,layer_32,599.4842503189409,-0.003981953603215516,"[-0.003221044084057212, -0.004742863122373819]"
UTS01,lowLR,32,layer_32,1000.0,-0.004088560119271278,"[-0.003290696069598198, -0.004886424168944359]"
UTS01,scrambled,16,layer_16,10.0,-0.00394177675480023,"[-0.0012110747629776597, -0.006672478746622801]"
UTS01,scrambled,16,layer_16,16.68100537200059,-0.004246692406013608,"[-0.0019913138821721077, -0.006502070929855108]"
UTS01,scrambled,16,layer_16,27.825594022071243,-0.004539567045867443,"[-0.002745306119322777, -0.006333827972412109]"
UTS01,scrambled,16,layer_16,46.41588833612777,-0.004769394756294787,"[-0.0033298658672720194, -0.0062089236453175545]"
UTS01,scrambled,16,layer_16,77.4263682681127,-0.004928196780383587,"[-0.0037268176674842834, -0.00612957589328289]"
UTS01,scrambled,16,layer_16,129.1549665014884,-0.005040059331804514,"[-0.003993429243564606, -0.006086689420044422]"
UTS01,scrambled,16,layer_16,215.44346900318823,-0.005132563877850771,"[-0.004193842876702547, -0.006071284878998995]"
UTS01,scrambled,16,layer_16,359.38136638046257,-0.005227346671745181,"[-0.004378202836960554, -0.006076490506529808]"
UTS01,scrambled,16,layer_16,599.4842503189409,-0.005340259056538343,"[-0.0045843892730772495, -0.006096128839999437]"
UTS01,scrambled,16,layer_16,1000.0,-0.005481171188876033,"[-0.004839335102587938, -0.006123007275164127]"
UTS01,scrambled,24,layer_24,10.0,-0.0009212568365910556,"[0.0001130378877860494, -0.0019555515609681606]"
UTS01,scrambled,24,layer_24,16.68100537200059,-0.0005512871575774625,"[0.00018684714450500906, -0.001289421459659934]"
UTS01,scrambled,24,layer_24,27.825594022071243,-0.0002838604632415809,"[0.00021461832511704415, -0.0007823392516002059]"
UTS01,scrambled,24,layer_24,46.41588833612777,-0.00010140029189642519,"[0.00022665286087431014, -0.0004294534446671605]"
UTS01,scrambled,24,layer_24,77.4263682681127,2.5061039195861667e-05,"[0.00023972189228516072, -0.00018959981389343739]"
UTS01,scrambled,24,layer_24,129.1549665014884,0.00011474951679701917,"[0.00024934523389674723, -1.9846200302708894e-05]"
UTS01,scrambled,24,layer_24,215.44346900318823,0.00018228179760626517,"[0.00025035531143657863, 0.00011420828377595171]"
UTS01,scrambled,24,layer_24,359.38136638046257,0.00023876113118603826,"[0.00024070442304946482, 0.0002368178393226117]"
UTS01,scrambled,24,layer_24,599.4842503189409,0.0002900575418607332,"[0.00021938442660029978, 0.0003607306571211666]"
UTS01,scrambled,24,layer_24,1000.0,0.00033538538264110684,"[0.00018664204981178045, 0.00048412871547043324]"
UTS01,scrambled,32,layer_32,10.0,0.00027768913423642516,"[-0.0005652605323120952, 0.0011206388007849455]"
UTS01,scrambled,32,layer_32,16.68100537200059,0.00024326771381311119,"[-0.0007200213731266558, 0.0012065568007528782]"
UTS01,scrambled,32,layer_32,27.825594022071243,0.0002004334528464824,"[-0.0008595212711952627, 0.0012603881768882275]"
UTS01,scrambled,32,layer_32,46.41588833612777,0.00016403882182203233,"[-0.0009628483676351607, 0.0012909260112792253]"
UTS01,scrambled,32,layer_32,77.4263682681127,0.00013163575204089284,"[-0.0010431190021336079, 0.0013063905062153935]"
UTS01,scrambled,32,layer_32,129.1549665014884,9.762431727722287e-05,"[-0.0011158608831465244, 0.0013111095177009702]"
UTS01,scrambled,32,layer_32,215.44346900318823,5.41435438208282e-05,"[-0.0011969738407060504, 0.0013052609283477068]"
UTS01,scrambled,32,layer_32,359.38136638046257,-8.941511623561382e-06,"[-0.001302162418141961, 0.0012842793948948383]"
UTS01,scrambled,32,layer_32,599.4842503189409,-0.00010399968596175313,"[-0.0014453581534326077, 0.0012373587815091014]"
UTS01,scrambled,32,layer_32,1000.0,-0.00024382962146773934,"[-0.0016337443375959992, 0.0011460850946605206]"
UTS01,taskvec_a0p25,16,layer_16,10.0,-0.004831438884139061,"[-0.004519616719335318, -0.005143261048942804]"
UTS01,taskvec_a0p25,16,layer_16,16.68100537200059,-0.0051485111471265554,"[-0.004347474314272404, -0.005949547979980707]"
UTS01,taskvec_a0p25,16,layer_16,27.825594022071243,-0.005217997124418616,"[-0.003939158283174038, -0.006496835965663195]"
UTS01,taskvec_a0p25,16,layer_16,46.41588833612777,-0.005139005137607455,"[-0.003451006021350622, -0.006827004253864288]"
UTS01,taskvec_a0p25,16,layer_16,77.4263682681127,-0.005026680650189519,"[-0.003035211004316807, -0.007018150296062231]"
UTS01,taskvec_a0p25,16,layer_16,129.1549665014884,-0.004936433047987521,"[-0.002743931720033288, -0.007128934375941753]"
UTS01,taskvec_a0p25,16,layer_16,215.44346900318823,-0.004879062995314598,"[-0.0025659403763711452, -0.007192185614258051]"
UTS01,taskvec_a0p25,16,layer_16,359.38136638046257,-0.004847416887059808,"[-0.002473314292728901, -0.007221519481390715]"
UTS01,taskvec_a0p25,16,layer_16,599.4842503189409,-0.0048285675002262,"[-0.0024418754037469625, -0.007215259596705437]"
UTS01,taskvec_a0p25,16,layer_16,1000.0,-0.004805897478945553,"[-0.0024537339340895414, -0.007158061023801565]"
UTS01,taskvec_a0p25,24,layer_24,10.0,-0.006812200648710132,"[-0.008794846013188362, -0.004829555284231901]"
UTS01,taskvec_a0p25,24,layer_24,16.68100537200059,-0.007096647284924984,"[-0.00860830768942833, -0.0055849868804216385]"
UTS01,taskvec_a0p25,24,layer_24,27.825594022071243,-0.00715271825902164,"[-0.008187930099666119, -0.006117506418377161]"
UTS01,taskvec_a0p25,24,layer_24,46.41588833612777,-0.007096324348822236,"[-0.007728465832769871, -0.006464182864874601]"
UTS01,taskvec_a0p25,24,layer_24,77.4263682681127,-0.007019083714112639,"[-0.007356457412242889, -0.0066817100159823895]"
UTS01,taskvec_a0p25,24,layer_24,129.1549665014884,-0.006963005987927318,"[-0.007105048280209303, -0.006820963695645332]"
UTS01,taskvec_a0p25,24,layer_24,215.44346900318823,-0.006938647944480181,"[-0.006959578488022089, -0.0069177174009382725]"
UTS01,taskvec_a0p25,24,layer_24,359.38136638046257,-0.006944057997316122,"[-0.00689599197357893, -0.006992124021053314]"
UTS01,taskvec_a0p25,24,layer_24,599.4842503189409,-0.006973238196223974,"[-0.006895258091390133, -0.0070512183010578156]"
UTS01,taskvec_a0p25,24,layer_24,1000.0,-0.007018299773335457,"[-0.006944422610104084, -0.00709217693656683]"
UTS01,taskvec_a0p25,32,layer_32,10.0,-0.0027022730791941285,"[-0.0025100901257246733, -0.0028944560326635838]"
UTS01,taskvec_a0p25,32,layer_32,16.68100537200059,-0.0028503459179773927,"[-0.0023284193594008684, -0.003372272476553917]"
UTS01,taskvec_a0p25,32,layer_32,27.825594022071243,-0.0028914876747876406,"[-0.0020938091911375523, -0.003689166158437729]"
UTS01,taskvec_a0p25,32,layer_32,46.41588833612777,-0.0029064584523439407,"[-0.0019213398918509483, -0.003891577012836933]"
UTS01,taskvec_a0p25,32,layer_32,77.4263682681127,-0.0029167160391807556,"[-0.0018122326582670212, -0.00402119942009449]"
UTS01,taskvec_a0p25,32,layer_32,129.1549665014884,-0.0029263091273605824,"[-0.0017417767085134983, -0.004110841546207666]"
UTS01,taskvec_a0p25,32,layer_32,215.44346900318823,-0.002936289005447179,"[-0.0016912320861592889, -0.004181345924735069]"
UTS01,taskvec_a0p25,32,layer_32,359.38136638046257,-0.0029462295351549983,"[-0.0016494819428771734, -0.004242977127432823]"
UTS01,taskvec_a0p25,32,layer_32,599.4842503189409,-0.0029549807077273726,"[-0.0016127049457281828, -0.0042972564697265625]"
UTS01,taskvec_a0p25,32,layer_32,1000.0,-0.002963336417451501,"[-0.0015868386253714561, -0.004339834209531546]"
